-- MySQL dump 10.13  Distrib 5.7.31, for Linux (x86_64)
--
-- Host: localhost    Database: umostore
-- ------------------------------------------------------
-- Server version	5.7.31-0ubuntu0.16.04.1

/*!40101 SET @OLD_CHARACTER_SET_CLIENT=@@CHARACTER_SET_CLIENT */;
/*!40101 SET @OLD_CHARACTER_SET_RESULTS=@@CHARACTER_SET_RESULTS */;
/*!40101 SET @OLD_COLLATION_CONNECTION=@@COLLATION_CONNECTION */;
/*!40101 SET NAMES utf8 */;
/*!40103 SET @OLD_TIME_ZONE=@@TIME_ZONE */;
/*!40103 SET TIME_ZONE='+00:00' */;
/*!40014 SET @OLD_UNIQUE_CHECKS=@@UNIQUE_CHECKS, UNIQUE_CHECKS=0 */;
/*!40014 SET @OLD_FOREIGN_KEY_CHECKS=@@FOREIGN_KEY_CHECKS, FOREIGN_KEY_CHECKS=0 */;
/*!40101 SET @OLD_SQL_MODE=@@SQL_MODE, SQL_MODE='NO_AUTO_VALUE_ON_ZERO' */;
/*!40111 SET @OLD_SQL_NOTES=@@SQL_NOTES, SQL_NOTES=0 */;

--
-- Table structure for table `umo_address`
--

DROP TABLE IF EXISTS `umo_address`;
/*!40101 SET @saved_cs_client     = @@character_set_client */;
/*!40101 SET character_set_client = utf8 */;
CREATE TABLE `umo_address` (
  `address_id` int(11) NOT NULL AUTO_INCREMENT,
  `customer_id` int(11) NOT NULL,
  `firstname` varchar(32) NOT NULL,
  `lastname` varchar(32) NOT NULL,
  `company` varchar(40) NOT NULL,
  `address_1` varchar(128) NOT NULL,
  `address_2` varchar(128) NOT NULL,
  `city` varchar(128) NOT NULL,
  `postcode` varchar(10) NOT NULL,
  `country_id` int(11) NOT NULL DEFAULT '0',
  `zone_id` int(11) NOT NULL DEFAULT '0',
  `custom_field` text NOT NULL,
  PRIMARY KEY (`address_id`),
  KEY `customer_id` (`customer_id`)
) ENGINE=MyISAM AUTO_INCREMENT=3 DEFAULT CHARSET=utf8;
/*!40101 SET character_set_client = @saved_cs_client */;

--
-- Dumping data for table `umo_address`
--

LOCK TABLES `umo_address` WRITE;
/*!40000 ALTER TABLE `umo_address` DISABLE KEYS */;
INSERT INTO `umo_address` VALUES (1,1,'Максим','Пятков','','ул 50 лет города 42-102','ул 50 лет города','Киселевск','652723',176,2747,'[]'),(2,2,'Максим','Пятков','','ул 50 лет города','ул 50 лет города','Киселевск','652723',176,2747,'');
/*!40000 ALTER TABLE `umo_address` ENABLE KEYS */;
UNLOCK TABLES;

--
-- Table structure for table `umo_api`
--

DROP TABLE IF EXISTS `umo_api`;
/*!40101 SET @saved_cs_client     = @@character_set_client */;
/*!40101 SET character_set_client = utf8 */;
CREATE TABLE `umo_api` (
  `api_id` int(11) NOT NULL AUTO_INCREMENT,
  `username` varchar(64) NOT NULL,
  `key` text NOT NULL,
  `status` tinyint(1) NOT NULL,
  `date_added` datetime NOT NULL,
  `date_modified` datetime NOT NULL,
  PRIMARY KEY (`api_id`)
) ENGINE=MyISAM AUTO_INCREMENT=2 DEFAULT CHARSET=utf8;
/*!40101 SET character_set_client = @saved_cs_client */;

--
-- Dumping data for table `umo_api`
--

LOCK TABLES `umo_api` WRITE;
/*!40000 ALTER TABLE `umo_api` DISABLE KEYS */;
INSERT INTO `umo_api` VALUES (1,'Default','u5aa8NTlXnZLzUyRkCy9K7naQdWcDSevpaeBDU0e8c1RYzxTUie25Vx0ROnyWpUHjfSmgYaH33Ru064ex3zFfsCWQfYmTO5AYxka3PS2XQj9eMkeXlilZStbzc4GnwtLrkxvIrsTvdvSBgfSdMRMrTkKNBVPU1Md36T3zEJyIkxIMJtPsUJjiEXa9PPxT0xRZJ714qlmOGbcZTaN0xaBL38FwvmiPwg6ugeaxxuppgItmyehwM6Rn7meD9sphSvL',1,'2020-02-03 11:43:54','2020-02-03 11:43:54');
/*!40000 ALTER TABLE `umo_api` ENABLE KEYS */;
UNLOCK TABLES;

--
-- Table structure for table `umo_api_ip`
--

DROP TABLE IF EXISTS `umo_api_ip`;
/*!40101 SET @saved_cs_client     = @@character_set_client */;
/*!40101 SET character_set_client = utf8 */;
CREATE TABLE `umo_api_ip` (
  `api_ip_id` int(11) NOT NULL AUTO_INCREMENT,
  `api_id` int(11) NOT NULL,
  `ip` varchar(40) NOT NULL,
  PRIMARY KEY (`api_ip_id`)
) ENGINE=MyISAM AUTO_INCREMENT=2 DEFAULT CHARSET=utf8;
/*!40101 SET character_set_client = @saved_cs_client */;

--
-- Dumping data for table `umo_api_ip`
--

LOCK TABLES `umo_api_ip` WRITE;
/*!40000 ALTER TABLE `umo_api_ip` DISABLE KEYS */;
INSERT INTO `umo_api_ip` VALUES (1,1,'176.197.55.222');
/*!40000 ALTER TABLE `umo_api_ip` ENABLE KEYS */;
UNLOCK TABLES;

--
-- Table structure for table `umo_api_session`
--

DROP TABLE IF EXISTS `umo_api_session`;
/*!40101 SET @saved_cs_client     = @@character_set_client */;
/*!40101 SET character_set_client = utf8 */;
CREATE TABLE `umo_api_session` (
  `api_session_id` int(11) NOT NULL AUTO_INCREMENT,
  `api_id` int(11) NOT NULL,
  `session_id` varchar(32) NOT NULL,
  `ip` varchar(40) NOT NULL,
  `date_added` datetime NOT NULL,
  `date_modified` datetime NOT NULL,
  PRIMARY KEY (`api_session_id`)
) ENGINE=MyISAM AUTO_INCREMENT=5 DEFAULT CHARSET=utf8;
/*!40101 SET character_set_client = @saved_cs_client */;

--
-- Dumping data for table `umo_api_session`
--

LOCK TABLES `umo_api_session` WRITE;
/*!40000 ALTER TABLE `umo_api_session` DISABLE KEYS */;
INSERT INTO `umo_api_session` VALUES (1,1,'ae3bcb48a8d41049ac61c76691','176.197.55.222','2020-09-02 10:40:31','2020-09-02 10:40:38'),(2,1,'ba568396a76928055b2e607952','176.197.55.222','2020-09-02 10:40:38','2020-09-02 10:40:41'),(3,1,'7394349ee995688d2aab699d13','176.197.55.222','2020-09-02 10:40:41','2020-09-02 10:40:45'),(4,1,'cde65824b63a2c6cd35e56c805','176.197.55.222','2020-09-02 10:40:46','2020-09-02 10:40:46');
/*!40000 ALTER TABLE `umo_api_session` ENABLE KEYS */;
UNLOCK TABLES;

--
-- Table structure for table `umo_apirone_rates`
--

DROP TABLE IF EXISTS `umo_apirone_rates`;
/*!40101 SET @saved_cs_client     = @@character_set_client */;
/*!40101 SET character_set_client = utf8 */;
CREATE TABLE `umo_apirone_rates` (
  `id` mediumint(9) NOT NULL AUTO_INCREMENT,
  `code` text NOT NULL,
  `amount` float NOT NULL DEFAULT '0',
  `crypto` int(1) NOT NULL,
  `time` datetime NOT NULL DEFAULT '0000-00-00 00:00:00',
  PRIMARY KEY (`id`)
) ENGINE=MyISAM AUTO_INCREMENT=2 DEFAULT CHARSET=utf8;
/*!40101 SET character_set_client = @saved_cs_client */;

--
-- Dumping data for table `umo_apirone_rates`
--

LOCK TABLES `umo_apirone_rates` WRITE;
/*!40000 ALTER TABLE `umo_apirone_rates` DISABLE KEYS */;
INSERT INTO `umo_apirone_rates` VALUES (1,'RUB',575132,0,'2020-02-04 10:04:09');
/*!40000 ALTER TABLE `umo_apirone_rates` ENABLE KEYS */;
UNLOCK TABLES;

--
-- Table structure for table `umo_apirone_sale`
--

DROP TABLE IF EXISTS `umo_apirone_sale`;
/*!40101 SET @saved_cs_client     = @@character_set_client */;
/*!40101 SET character_set_client = utf8 */;
CREATE TABLE `umo_apirone_sale` (
  `id` mediumint(9) NOT NULL AUTO_INCREMENT,
  `time` datetime NOT NULL DEFAULT '0000-00-00 00:00:00',
  `address` text NOT NULL,
  `order_id` int(11) NOT NULL DEFAULT '0',
  `crypto` int(1) NOT NULL,
  `timer_on` datetime NOT NULL DEFAULT '0000-00-00 00:00:00',
  `crypto_amount` bigint(20) NOT NULL DEFAULT '0',
  `finished` int(1) DEFAULT '0',
  `conditions_complete` int(1) DEFAULT '0',
  PRIMARY KEY (`id`)
) ENGINE=MyISAM AUTO_INCREMENT=2 DEFAULT CHARSET=utf8;
/*!40101 SET character_set_client = @saved_cs_client */;

--
-- Dumping data for table `umo_apirone_sale`
--

LOCK TABLES `umo_apirone_sale` WRITE;
/*!40000 ALTER TABLE `umo_apirone_sale` DISABLE KEYS */;
INSERT INTO `umo_apirone_sale` VALUES (1,'2020-02-04 10:04:10','32VgtrhwNRBRj4GpfHSp6fh8ddyAfSAXTu',9,0,'2020-02-04 10:04:26',14779,0,1);
/*!40000 ALTER TABLE `umo_apirone_sale` ENABLE KEYS */;
UNLOCK TABLES;

--
-- Table structure for table `umo_apirone_transactions`
--

DROP TABLE IF EXISTS `umo_apirone_transactions`;
/*!40101 SET @saved_cs_client     = @@character_set_client */;
/*!40101 SET character_set_client = utf8 */;
CREATE TABLE `umo_apirone_transactions` (
  `id` mediumint(9) NOT NULL AUTO_INCREMENT,
  `time` datetime NOT NULL DEFAULT '0000-00-00 00:00:00',
  `paid` bigint(20) NOT NULL DEFAULT '0',
  `confirmations` int(11) NOT NULL DEFAULT '0',
  `thash` text NOT NULL,
  `input_thash` text NOT NULL,
  `order_id` int(11) NOT NULL DEFAULT '0',
  `crypto` int(1) NOT NULL,
  PRIMARY KEY (`id`)
) ENGINE=MyISAM DEFAULT CHARSET=utf8;
/*!40101 SET character_set_client = @saved_cs_client */;

--
-- Dumping data for table `umo_apirone_transactions`
--

LOCK TABLES `umo_apirone_transactions` WRITE;
/*!40000 ALTER TABLE `umo_apirone_transactions` DISABLE KEYS */;
/*!40000 ALTER TABLE `umo_apirone_transactions` ENABLE KEYS */;
UNLOCK TABLES;

--
-- Table structure for table `umo_article`
--

DROP TABLE IF EXISTS `umo_article`;
/*!40101 SET @saved_cs_client     = @@character_set_client */;
/*!40101 SET character_set_client = utf8 */;
CREATE TABLE `umo_article` (
  `article_id` int(11) NOT NULL AUTO_INCREMENT,
  `image` varchar(255) DEFAULT NULL,
  `date_available` date NOT NULL,
  `sort_order` int(11) NOT NULL DEFAULT '0',
  `article_review` tinyint(1) NOT NULL DEFAULT '0',
  `status` tinyint(1) NOT NULL DEFAULT '0',
  `noindex` tinyint(1) NOT NULL DEFAULT '1',
  `date_added` datetime NOT NULL DEFAULT '0000-00-00 00:00:00',
  `date_modified` datetime NOT NULL DEFAULT '0000-00-00 00:00:00',
  `viewed` int(5) NOT NULL DEFAULT '0',
  `gstatus` int(11) NOT NULL DEFAULT '0',
  PRIMARY KEY (`article_id`)
) ENGINE=MyISAM AUTO_INCREMENT=127 DEFAULT CHARSET=utf8;
/*!40101 SET character_set_client = @saved_cs_client */;

--
-- Dumping data for table `umo_article`
--

LOCK TABLES `umo_article` WRITE;
/*!40000 ALTER TABLE `umo_article` DISABLE KEYS */;
INSERT INTO `umo_article` VALUES (120,'catalog/cart.png','0000-00-00',1,1,0,1,'2014-04-08 04:26:00','2020-02-09 19:21:55',8,0),(123,'catalog/demo/canon_eos_5d_2.jpg','0000-00-00',1,1,0,1,'2014-03-31 06:55:15','2020-02-09 19:22:16',137,1),(124,'catalog/demo/canon_eos_5d_3.jpg','0000-00-00',1,0,0,1,'2015-06-29 09:05:38','2020-02-09 19:22:05',2,0),(125,'catalog/demo/canon_eos_5d_2.jpg','0000-00-00',1,0,0,1,'2015-06-29 09:09:03','2020-02-09 19:22:40',3,0),(126,'','0000-00-00',1,0,1,1,'2020-02-26 04:52:50','0000-00-00 00:00:00',41,0);
/*!40000 ALTER TABLE `umo_article` ENABLE KEYS */;
UNLOCK TABLES;

--
-- Table structure for table `umo_article_description`
--

DROP TABLE IF EXISTS `umo_article_description`;
/*!40101 SET @saved_cs_client     = @@character_set_client */;
/*!40101 SET character_set_client = utf8 */;
CREATE TABLE `umo_article_description` (
  `article_id` int(11) NOT NULL,
  `language_id` int(11) NOT NULL,
  `name` varchar(255) NOT NULL,
  `description` text NOT NULL,
  `meta_description` varchar(255) NOT NULL,
  `meta_keyword` varchar(255) NOT NULL,
  `meta_title` varchar(255) NOT NULL,
  `meta_h1` varchar(255) NOT NULL,
  `tag` text NOT NULL,
  PRIMARY KEY (`article_id`,`language_id`),
  KEY `name` (`name`)
) ENGINE=MyISAM DEFAULT CHARSET=utf8;
/*!40101 SET character_set_client = @saved_cs_client */;

--
-- Dumping data for table `umo_article_description`
--

LOCK TABLES `umo_article_description` WRITE;
/*!40000 ALTER TABLE `umo_article_description` DISABLE KEYS */;
INSERT INTO `umo_article_description` VALUES (120,2,'CMS for online stores ocStore v3.x','&lt;p&gt;&lt;span class=&quot;long_text&quot; id=&quot;result_box&quot; lang=&quot;en&quot;&gt;&lt;span class=&quot;hps&quot;&gt;Are pleased to announce&lt;/span&gt; &lt;span class=&quot;hps&quot;&gt;ocStore v3.x&lt;/span&gt; &lt;span class=&quot;hps&quot;&gt;based on&lt;/span&gt; &lt;span class=&quot;hps&quot;&gt;OpenCart v2.x&lt;/span&gt;&lt;/span&gt;&lt;/p&gt;\r\n','CMS for online stores ocStore v3.x is a free functional engine to create high-quality shops selling.','cms, opencart, ocstore','CMS for online stores ocStore v3.x - Download','CMS for online stores ocStore v3.x',''),(120,1,'CMS для интернет магазинов ocStore v3.x','&lt;p&gt;Рады представить Вашему вниманию ocStore v3.x основанную на OPENCART v3.x&lt;/p&gt;\r\n','CMS для интернет магазинов ocStore v3.x это бесплатный функциональный движок для создания качественных продающих магазинов.','cms, opencart, ocstore','CMS для интернет магазинов ocStore v3.x - Скачать','CMS для интернет магазинов ocStore v3.x',''),(123,1,'Обзор Первый','&lt;p&gt;Это первый фото обзор тут можно написать много какого то текста который описывает фото обзор и говорит что и как и почему для чего :-) Это первый фото обзор тут можно написать много какого то текста который описывает фото обзор и говорит что и как и почему для чего :-) Это первый фото обзор тут можно написать много какого то текста который описывает фото обзор и говорит что и как и почему для чего :-) Это первый фото обзор тут можно написать много какого то текста который описывает фото обзор и говорит что и как и почему для чего :-) Это первый фото обзор тут можно написать много какого то текста который описывает фото обзор и говорит что и как и почему для чего :-) Это первый фото обзор тут можно написать много какого то текста который описывает фото обзор и говорит что и как и почему для чего :-) Это первый фото обзор тут можно написать много какого то текста который описывает фото обзор и говорит что и как и почему для чего :-) Это первый фото обзор тут можно написать много какого то текста который описывает фото обзор и говорит что и как и почему для чего :-) Это первый фото обзор тут можно написать много какого то текста который описывает фото обзор и говорит что и как и почему для чего :-)&lt;/p&gt;\r\n','Фото Обзор Первый','Фото Обзор Первый','Фото Обзор Первый','Фото Обзор Первый',''),(123,2,'First Overview','&lt;p&gt;&lt;span id=&quot;result_box&quot; lang=&quot;en&quot;&gt;&lt;span class=&quot;hps&quot;&gt;This is the first&lt;/span&gt; &lt;span class=&quot;hps&quot;&gt;review of the&lt;/span&gt; &lt;span class=&quot;hps&quot;&gt;photos&lt;/span&gt; &lt;span class=&quot;hps&quot;&gt;here&lt;/span&gt;&lt;span&gt;, you can write&lt;/span&gt; &lt;span class=&quot;hps&quot;&gt;a lot of&lt;/span&gt; &lt;span class=&quot;hps&quot;&gt;what that&lt;/span&gt; &lt;span class=&quot;hps&quot;&gt;text&lt;/span&gt; &lt;span class=&quot;hps&quot;&gt;that describes the&lt;/span&gt; &lt;span class=&quot;hps&quot;&gt;photo&lt;/span&gt; &lt;span class=&quot;hps&quot;&gt;review and&lt;/span&gt; &lt;span class=&quot;hps&quot;&gt;says&lt;/span&gt; &lt;span class=&quot;hps&quot;&gt;what and how&lt;/span&gt; &lt;span class=&quot;hps&quot;&gt;and why&lt;/span&gt; &lt;span class=&quot;hps&quot;&gt;what&lt;/span&gt; &lt;span class=&quot;hps&quot;&gt;:-) This is the first&lt;/span&gt; &lt;span class=&quot;hps&quot;&gt;review of the&lt;/span&gt; &lt;span class=&quot;hps&quot;&gt;photos&lt;/span&gt; &lt;span class=&quot;hps&quot;&gt;here&lt;/span&gt;&lt;span&gt;, you can write&lt;/span&gt; &lt;span class=&quot;hps&quot;&gt;a lot of&lt;/span&gt; &lt;span class=&quot;hps&quot;&gt;what that&lt;/span&gt; &lt;span class=&quot;hps&quot;&gt;text&lt;/span&gt; &lt;span class=&quot;hps&quot;&gt;that describes the&lt;/span&gt; &lt;span class=&quot;hps&quot;&gt;photo&lt;/span&gt; &lt;span class=&quot;hps&quot;&gt;review and&lt;/span&gt; &lt;span class=&quot;hps&quot;&gt;says&lt;/span&gt; &lt;span class=&quot;hps&quot;&gt;what and how&lt;/span&gt; &lt;span class=&quot;hps&quot;&gt;and why&lt;/span&gt; &lt;span class=&quot;hps&quot;&gt;what&lt;/span&gt; &lt;span class=&quot;hps&quot;&gt;:-) This is the first&lt;/span&gt; &lt;span class=&quot;hps&quot;&gt;review of the&lt;/span&gt; &lt;span class=&quot;hps&quot;&gt;photos&lt;/span&gt; &lt;span class=&quot;hps&quot;&gt;here&lt;/span&gt;&lt;span&gt;, you can write&lt;/span&gt; &lt;span class=&quot;hps&quot;&gt;a lot of&lt;/span&gt; &lt;span class=&quot;hps&quot;&gt;what that&lt;/span&gt; &lt;span class=&quot;hps&quot;&gt;text&lt;/span&gt; &lt;span class=&quot;hps&quot;&gt;that describes the&lt;/span&gt; &lt;span class=&quot;hps&quot;&gt;photo&lt;/span&gt; &lt;span class=&quot;hps&quot;&gt;review and&lt;/span&gt; &lt;span class=&quot;hps&quot;&gt;says&lt;/span&gt; &lt;span class=&quot;hps&quot;&gt;what and how&lt;/span&gt; &lt;span class=&quot;hps&quot;&gt;and why&lt;/span&gt; &lt;span class=&quot;hps&quot;&gt;what&lt;/span&gt; &lt;span class=&quot;hps&quot;&gt;:-) This is the first&lt;/span&gt; &lt;span class=&quot;hps&quot;&gt;review of the&lt;/span&gt; &lt;span class=&quot;hps&quot;&gt;photos&lt;/span&gt; &lt;span class=&quot;hps&quot;&gt;here&lt;/span&gt;&lt;span&gt;, you can write&lt;/span&gt; &lt;span class=&quot;hps&quot;&gt;a lot of&lt;/span&gt; &lt;span class=&quot;hps&quot;&gt;what that&lt;/span&gt; &lt;span class=&quot;hps&quot;&gt;text&lt;/span&gt; &lt;span class=&quot;hps&quot;&gt;that describes the&lt;/span&gt; &lt;span class=&quot;hps&quot;&gt;photo&lt;/span&gt; &lt;span class=&quot;hps&quot;&gt;review and&lt;/span&gt; &lt;span class=&quot;hps&quot;&gt;says&lt;/span&gt; &lt;span class=&quot;hps&quot;&gt;what and how&lt;/span&gt; &lt;span class=&quot;hps&quot;&gt;and why&lt;/span&gt; &lt;span class=&quot;hps&quot;&gt;what&lt;/span&gt; &lt;span class=&quot;hps&quot;&gt;:-) This is the first&lt;/span&gt; &lt;span class=&quot;hps&quot;&gt;review of the&lt;/span&gt; &lt;span class=&quot;hps&quot;&gt;photos&lt;/span&gt; &lt;span class=&quot;hps&quot;&gt;here&lt;/span&gt;&lt;span&gt;, you can write&lt;/span&gt; &lt;span class=&quot;hps&quot;&gt;a lot of&lt;/span&gt; &lt;span class=&quot;hps&quot;&gt;what that&lt;/span&gt; &lt;span class=&quot;hps&quot;&gt;text&lt;/span&gt; &lt;span class=&quot;hps&quot;&gt;that describes the&lt;/span&gt; &lt;span class=&quot;hps&quot;&gt;photo&lt;/span&gt; &lt;span class=&quot;hps&quot;&gt;review and&lt;/span&gt; &lt;span class=&quot;hps&quot;&gt;says&lt;/span&gt; &lt;span class=&quot;hps&quot;&gt;what and how&lt;/span&gt; &lt;span class=&quot;hps&quot;&gt;and why&lt;/span&gt; &lt;span class=&quot;hps&quot;&gt;what&lt;/span&gt; &lt;span class=&quot;hps&quot;&gt;:-) This is the first&lt;/span&gt; &lt;span class=&quot;hps&quot;&gt;review of the&lt;/span&gt; &lt;span class=&quot;hps&quot;&gt;photos&lt;/span&gt; &lt;span class=&quot;hps&quot;&gt;here&lt;/span&gt;&lt;span&gt;, you can write&lt;/span&gt; &lt;span class=&quot;hps&quot;&gt;a lot of&lt;/span&gt; &lt;span class=&quot;hps&quot;&gt;what that&lt;/span&gt; &lt;span class=&quot;hps&quot;&gt;text&lt;/span&gt; &lt;span class=&quot;hps&quot;&gt;that describes the&lt;/span&gt; &lt;span class=&quot;hps&quot;&gt;photo&lt;/span&gt; &lt;span class=&quot;hps&quot;&gt;review and&lt;/span&gt; &lt;span class=&quot;hps&quot;&gt;says&lt;/span&gt; &lt;span class=&quot;hps&quot;&gt;what and how&lt;/span&gt; &lt;span class=&quot;hps&quot;&gt;and why&lt;/span&gt; &lt;span class=&quot;hps&quot;&gt;what&lt;/span&gt; &lt;span class=&quot;hps&quot;&gt;:-) This is the first&lt;/span&gt; &lt;span class=&quot;hps&quot;&gt;review of the&lt;/span&gt; &lt;span class=&quot;hps&quot;&gt;photos&lt;/span&gt; &lt;span class=&quot;hps&quot;&gt;here&lt;/span&gt;&lt;span&gt;, you can write&lt;/span&gt; &lt;span class=&quot;hps&quot;&gt;a lot of&lt;/span&gt; &lt;span class=&quot;hps&quot;&gt;what that&lt;/span&gt; &lt;span class=&quot;hps&quot;&gt;text&lt;/span&gt; &lt;span class=&quot;hps&quot;&gt;that describes the&lt;/span&gt; &lt;span class=&quot;hps&quot;&gt;photo&lt;/span&gt; &lt;span class=&quot;hps&quot;&gt;review and&lt;/span&gt; &lt;span class=&quot;hps&quot;&gt;says&lt;/span&gt; &lt;span class=&quot;hps&quot;&gt;what and how&lt;/span&gt; &lt;span class=&quot;hps&quot;&gt;and why&lt;/span&gt; &lt;span class=&quot;hps&quot;&gt;what&lt;/span&gt; &lt;span class=&quot;hps&quot;&gt;:-) This is the first&lt;/span&gt; &lt;span class=&quot;hps&quot;&gt;review of the&lt;/span&gt; &lt;span class=&quot;hps&quot;&gt;photos&lt;/span&gt; &lt;span class=&quot;hps&quot;&gt;here&lt;/span&gt;&lt;span&gt;, you can write&lt;/span&gt; &lt;span class=&quot;hps&quot;&gt;a lot of&lt;/span&gt; &lt;span class=&quot;hps&quot;&gt;what that&lt;/span&gt; &lt;span class=&quot;hps&quot;&gt;text&lt;/span&gt; &lt;span class=&quot;hps&quot;&gt;that describes the&lt;/span&gt; &lt;span class=&quot;hps&quot;&gt;photo&lt;/span&gt; &lt;span class=&quot;hps&quot;&gt;review and&lt;/span&gt; &lt;span class=&quot;hps&quot;&gt;says&lt;/span&gt; &lt;span class=&quot;hps&quot;&gt;what and how&lt;/span&gt; &lt;span class=&quot;hps&quot;&gt;and why&lt;/span&gt; &lt;span class=&quot;hps&quot;&gt;what&lt;/span&gt; &lt;span class=&quot;hps&quot;&gt;:-) This is the first&lt;/span&gt; &lt;span class=&quot;hps&quot;&gt;review of the&lt;/span&gt; &lt;span class=&quot;hps&quot;&gt;photos&lt;/span&gt; &lt;span class=&quot;hps&quot;&gt;here&lt;/span&gt;&lt;span&gt;, you can write&lt;/span&gt; &lt;span class=&quot;hps&quot;&gt;a lot of&lt;/span&gt; &lt;span class=&quot;hps&quot;&gt;what that&lt;/span&gt; &lt;span class=&quot;hps&quot;&gt;text&lt;/span&gt; &lt;span class=&quot;hps&quot;&gt;that describes the&lt;/span&gt; &lt;span class=&quot;hps&quot;&gt;photo&lt;/span&gt; &lt;span class=&quot;hps&quot;&gt;review and&lt;/span&gt; &lt;span class=&quot;hps&quot;&gt;says&lt;/span&gt; &lt;span class=&quot;hps&quot;&gt;what and how&lt;/span&gt; &lt;span class=&quot;hps&quot;&gt;and why&lt;/span&gt; &lt;span class=&quot;hps&quot;&gt;what&lt;/span&gt; &lt;span class=&quot;hps&quot;&gt;:-)&lt;/span&gt;&lt;/span&gt;&lt;/p&gt;\r\n','First Photo Overview','First Photo Overview','First Photo Overview','First Photo Overview',''),(124,1,'Важная статья','&lt;p&gt;Это очень важная статья которую нужно прочитать всем важным людям про важные события важных людей :-)&lt;/p&gt;','','','','',''),(124,2,'Важная статья','&lt;p&gt;Это очень важная статья которую нужно прочитать всем важным людям про важные события важных людей :-)&lt;br&gt;&lt;/p&gt;','','','','',''),(125,2,'Первая новость','&lt;p&gt;Это первая новость всем новостям новость :-)&lt;br&gt;&lt;/p&gt;','','','','',''),(125,1,'Первая новость','&lt;p&gt;Это первая новость всем новостям новость :-)&lt;/p&gt;','','','','',''),(126,1,'Информация','&lt;p&gt;&lt;span style=&quot;color: rgb(255, 0, 0); font-size: 11px;&quot;&gt;* Обращаем внимание, некоторые фото являются рендерами 3D моделей и могут отличаться от реальных изделий.&lt;/span&gt;&lt;br&gt;&lt;/p&gt;','','','','',''),(126,2,'Information','','','','','','');
/*!40000 ALTER TABLE `umo_article_description` ENABLE KEYS */;
UNLOCK TABLES;

--
-- Table structure for table `umo_article_image`
--

DROP TABLE IF EXISTS `umo_article_image`;
/*!40101 SET @saved_cs_client     = @@character_set_client */;
/*!40101 SET character_set_client = utf8 */;
CREATE TABLE `umo_article_image` (
  `article_image_id` int(11) NOT NULL AUTO_INCREMENT,
  `article_id` int(11) NOT NULL,
  `image` varchar(255) DEFAULT NULL,
  `sort_order` int(3) NOT NULL DEFAULT '0',
  PRIMARY KEY (`article_image_id`)
) ENGINE=MyISAM AUTO_INCREMENT=3981 DEFAULT CHARSET=utf8;
/*!40101 SET character_set_client = @saved_cs_client */;

--
-- Dumping data for table `umo_article_image`
--

LOCK TABLES `umo_article_image` WRITE;
/*!40000 ALTER TABLE `umo_article_image` DISABLE KEYS */;
/*!40000 ALTER TABLE `umo_article_image` ENABLE KEYS */;
UNLOCK TABLES;

--
-- Table structure for table `umo_article_related`
--

DROP TABLE IF EXISTS `umo_article_related`;
/*!40101 SET @saved_cs_client     = @@character_set_client */;
/*!40101 SET character_set_client = utf8 */;
CREATE TABLE `umo_article_related` (
  `article_id` int(11) NOT NULL,
  `related_id` int(11) NOT NULL,
  PRIMARY KEY (`article_id`,`related_id`)
) ENGINE=MyISAM DEFAULT CHARSET=utf8;
/*!40101 SET character_set_client = @saved_cs_client */;

--
-- Dumping data for table `umo_article_related`
--

LOCK TABLES `umo_article_related` WRITE;
/*!40000 ALTER TABLE `umo_article_related` DISABLE KEYS */;
INSERT INTO `umo_article_related` VALUES (120,123),(120,124),(123,120),(123,124),(124,120),(124,123);
/*!40000 ALTER TABLE `umo_article_related` ENABLE KEYS */;
UNLOCK TABLES;

--
-- Table structure for table `umo_article_related_mn`
--

DROP TABLE IF EXISTS `umo_article_related_mn`;
/*!40101 SET @saved_cs_client     = @@character_set_client */;
/*!40101 SET character_set_client = utf8 */;
CREATE TABLE `umo_article_related_mn` (
  `article_id` int(11) NOT NULL,
  `manufacturer_id` int(11) NOT NULL,
  PRIMARY KEY (`article_id`,`manufacturer_id`)
) ENGINE=MyISAM DEFAULT CHARSET=utf8;
/*!40101 SET character_set_client = @saved_cs_client */;

--
-- Dumping data for table `umo_article_related_mn`
--

LOCK TABLES `umo_article_related_mn` WRITE;
/*!40000 ALTER TABLE `umo_article_related_mn` DISABLE KEYS */;
INSERT INTO `umo_article_related_mn` VALUES (120,8),(120,9),(123,8),(124,7);
/*!40000 ALTER TABLE `umo_article_related_mn` ENABLE KEYS */;
UNLOCK TABLES;

--
-- Table structure for table `umo_article_related_product`
--

DROP TABLE IF EXISTS `umo_article_related_product`;
/*!40101 SET @saved_cs_client     = @@character_set_client */;
/*!40101 SET character_set_client = utf8 */;
CREATE TABLE `umo_article_related_product` (
  `article_id` int(11) NOT NULL,
  `product_id` int(11) NOT NULL,
  PRIMARY KEY (`article_id`,`product_id`)
) ENGINE=MyISAM DEFAULT CHARSET=utf8;
/*!40101 SET character_set_client = @saved_cs_client */;

--
-- Dumping data for table `umo_article_related_product`
--

LOCK TABLES `umo_article_related_product` WRITE;
/*!40000 ALTER TABLE `umo_article_related_product` DISABLE KEYS */;
INSERT INTO `umo_article_related_product` VALUES (30,123),(31,123),(43,123),(45,123);
/*!40000 ALTER TABLE `umo_article_related_product` ENABLE KEYS */;
UNLOCK TABLES;

--
-- Table structure for table `umo_article_related_wb`
--

DROP TABLE IF EXISTS `umo_article_related_wb`;
/*!40101 SET @saved_cs_client     = @@character_set_client */;
/*!40101 SET character_set_client = utf8 */;
CREATE TABLE `umo_article_related_wb` (
  `article_id` int(11) NOT NULL,
  `category_id` int(11) NOT NULL,
  PRIMARY KEY (`article_id`,`category_id`)
) ENGINE=MyISAM DEFAULT CHARSET=utf8;
/*!40101 SET character_set_client = @saved_cs_client */;

--
-- Dumping data for table `umo_article_related_wb`
--

LOCK TABLES `umo_article_related_wb` WRITE;
/*!40000 ALTER TABLE `umo_article_related_wb` DISABLE KEYS */;
INSERT INTO `umo_article_related_wb` VALUES (120,26),(123,20),(124,18),(125,18),(125,27);
/*!40000 ALTER TABLE `umo_article_related_wb` ENABLE KEYS */;
UNLOCK TABLES;

--
-- Table structure for table `umo_article_to_blog_category`
--

DROP TABLE IF EXISTS `umo_article_to_blog_category`;
/*!40101 SET @saved_cs_client     = @@character_set_client */;
/*!40101 SET character_set_client = utf8 */;
CREATE TABLE `umo_article_to_blog_category` (
  `article_id` int(11) NOT NULL,
  `blog_category_id` int(11) NOT NULL,
  `main_blog_category` tinyint(1) NOT NULL DEFAULT '0',
  PRIMARY KEY (`article_id`,`blog_category_id`)
) ENGINE=MyISAM DEFAULT CHARSET=utf8;
/*!40101 SET character_set_client = @saved_cs_client */;

--
-- Dumping data for table `umo_article_to_blog_category`
--

LOCK TABLES `umo_article_to_blog_category` WRITE;
/*!40000 ALTER TABLE `umo_article_to_blog_category` DISABLE KEYS */;
INSERT INTO `umo_article_to_blog_category` VALUES (123,70,1),(125,69,1),(120,71,1),(120,69,0),(124,71,1);
/*!40000 ALTER TABLE `umo_article_to_blog_category` ENABLE KEYS */;
UNLOCK TABLES;

--
-- Table structure for table `umo_article_to_download`
--

DROP TABLE IF EXISTS `umo_article_to_download`;
/*!40101 SET @saved_cs_client     = @@character_set_client */;
/*!40101 SET character_set_client = utf8 */;
CREATE TABLE `umo_article_to_download` (
  `article_id` int(11) NOT NULL,
  `download_id` int(11) NOT NULL,
  PRIMARY KEY (`article_id`,`download_id`)
) ENGINE=MyISAM DEFAULT CHARSET=utf8;
/*!40101 SET character_set_client = @saved_cs_client */;

--
-- Dumping data for table `umo_article_to_download`
--

LOCK TABLES `umo_article_to_download` WRITE;
/*!40000 ALTER TABLE `umo_article_to_download` DISABLE KEYS */;
/*!40000 ALTER TABLE `umo_article_to_download` ENABLE KEYS */;
UNLOCK TABLES;

--
-- Table structure for table `umo_article_to_layout`
--

DROP TABLE IF EXISTS `umo_article_to_layout`;
/*!40101 SET @saved_cs_client     = @@character_set_client */;
/*!40101 SET character_set_client = utf8 */;
CREATE TABLE `umo_article_to_layout` (
  `article_id` int(11) NOT NULL,
  `store_id` int(11) NOT NULL,
  `layout_id` int(11) NOT NULL,
  PRIMARY KEY (`article_id`,`store_id`)
) ENGINE=MyISAM DEFAULT CHARSET=utf8;
/*!40101 SET character_set_client = @saved_cs_client */;

--
-- Dumping data for table `umo_article_to_layout`
--

LOCK TABLES `umo_article_to_layout` WRITE;
/*!40000 ALTER TABLE `umo_article_to_layout` DISABLE KEYS */;
INSERT INTO `umo_article_to_layout` VALUES (120,0,0),(123,0,0),(124,0,0),(125,0,0),(126,0,0);
/*!40000 ALTER TABLE `umo_article_to_layout` ENABLE KEYS */;
UNLOCK TABLES;

--
-- Table structure for table `umo_article_to_store`
--

DROP TABLE IF EXISTS `umo_article_to_store`;
/*!40101 SET @saved_cs_client     = @@character_set_client */;
/*!40101 SET character_set_client = utf8 */;
CREATE TABLE `umo_article_to_store` (
  `article_id` int(11) NOT NULL,
  `store_id` int(11) NOT NULL DEFAULT '0',
  PRIMARY KEY (`article_id`,`store_id`)
) ENGINE=MyISAM DEFAULT CHARSET=utf8;
/*!40101 SET character_set_client = @saved_cs_client */;

--
-- Dumping data for table `umo_article_to_store`
--

LOCK TABLES `umo_article_to_store` WRITE;
/*!40000 ALTER TABLE `umo_article_to_store` DISABLE KEYS */;
INSERT INTO `umo_article_to_store` VALUES (120,0),(123,0),(124,0),(125,0),(126,0);
/*!40000 ALTER TABLE `umo_article_to_store` ENABLE KEYS */;
UNLOCK TABLES;

--
-- Table structure for table `umo_attribute`
--

DROP TABLE IF EXISTS `umo_attribute`;
/*!40101 SET @saved_cs_client     = @@character_set_client */;
/*!40101 SET character_set_client = utf8 */;
CREATE TABLE `umo_attribute` (
  `attribute_id` int(11) NOT NULL AUTO_INCREMENT,
  `attribute_group_id` int(11) NOT NULL,
  `sort_order` int(3) NOT NULL,
  PRIMARY KEY (`attribute_id`)
) ENGINE=MyISAM AUTO_INCREMENT=12 DEFAULT CHARSET=utf8;
/*!40101 SET character_set_client = @saved_cs_client */;

--
-- Dumping data for table `umo_attribute`
--

LOCK TABLES `umo_attribute` WRITE;
/*!40000 ALTER TABLE `umo_attribute` DISABLE KEYS */;
INSERT INTO `umo_attribute` VALUES (1,6,1),(2,6,5),(3,6,3),(4,3,1),(5,3,2),(6,3,3),(7,3,4),(8,3,5),(9,3,6),(10,3,7),(11,3,8);
/*!40000 ALTER TABLE `umo_attribute` ENABLE KEYS */;
UNLOCK TABLES;

--
-- Table structure for table `umo_attribute_description`
--

DROP TABLE IF EXISTS `umo_attribute_description`;
/*!40101 SET @saved_cs_client     = @@character_set_client */;
/*!40101 SET character_set_client = utf8 */;
CREATE TABLE `umo_attribute_description` (
  `attribute_id` int(11) NOT NULL,
  `language_id` int(11) NOT NULL,
  `name` varchar(64) NOT NULL,
  PRIMARY KEY (`attribute_id`,`language_id`)
) ENGINE=MyISAM DEFAULT CHARSET=utf8;
/*!40101 SET character_set_client = @saved_cs_client */;

--
-- Dumping data for table `umo_attribute_description`
--

LOCK TABLES `umo_attribute_description` WRITE;
/*!40000 ALTER TABLE `umo_attribute_description` DISABLE KEYS */;
INSERT INTO `umo_attribute_description` VALUES (1,1,'Description'),(2,1,'No. of Cores'),(4,1,'test 1'),(5,1,'test 2'),(6,1,'test 3'),(7,1,'test 4'),(8,1,'test 5'),(9,1,'test 6'),(10,1,'test 7'),(11,1,'test 8'),(3,1,'Clockspeed'),(3,2,'Clockspeed'),(1,2,'Description'),(2,2,'No. of Cores'),(4,2,'test 1'),(5,2,'test 2'),(6,2,'test 3'),(7,2,'test 4'),(8,2,'test 5'),(9,2,'test 6'),(10,2,'test 7'),(11,2,'test 8');
/*!40000 ALTER TABLE `umo_attribute_description` ENABLE KEYS */;
UNLOCK TABLES;

--
-- Table structure for table `umo_attribute_group`
--

DROP TABLE IF EXISTS `umo_attribute_group`;
/*!40101 SET @saved_cs_client     = @@character_set_client */;
/*!40101 SET character_set_client = utf8 */;
CREATE TABLE `umo_attribute_group` (
  `attribute_group_id` int(11) NOT NULL AUTO_INCREMENT,
  `sort_order` int(3) NOT NULL,
  PRIMARY KEY (`attribute_group_id`)
) ENGINE=MyISAM AUTO_INCREMENT=7 DEFAULT CHARSET=utf8;
/*!40101 SET character_set_client = @saved_cs_client */;

--
-- Dumping data for table `umo_attribute_group`
--

LOCK TABLES `umo_attribute_group` WRITE;
/*!40000 ALTER TABLE `umo_attribute_group` DISABLE KEYS */;
INSERT INTO `umo_attribute_group` VALUES (3,2),(4,1),(5,3),(6,4);
/*!40000 ALTER TABLE `umo_attribute_group` ENABLE KEYS */;
UNLOCK TABLES;

--
-- Table structure for table `umo_attribute_group_description`
--

DROP TABLE IF EXISTS `umo_attribute_group_description`;
/*!40101 SET @saved_cs_client     = @@character_set_client */;
/*!40101 SET character_set_client = utf8 */;
CREATE TABLE `umo_attribute_group_description` (
  `attribute_group_id` int(11) NOT NULL,
  `language_id` int(11) NOT NULL,
  `name` varchar(64) NOT NULL,
  PRIMARY KEY (`attribute_group_id`,`language_id`)
) ENGINE=MyISAM DEFAULT CHARSET=utf8;
/*!40101 SET character_set_client = @saved_cs_client */;

--
-- Dumping data for table `umo_attribute_group_description`
--

LOCK TABLES `umo_attribute_group_description` WRITE;
/*!40000 ALTER TABLE `umo_attribute_group_description` DISABLE KEYS */;
INSERT INTO `umo_attribute_group_description` VALUES (3,1,'Memory'),(4,1,'Technical'),(5,1,'Motherboard'),(6,1,'Processor'),(3,2,'Memory'),(5,2,'Motherboard'),(6,2,'Processor'),(4,2,'Technical');
/*!40000 ALTER TABLE `umo_attribute_group_description` ENABLE KEYS */;
UNLOCK TABLES;

--
-- Table structure for table `umo_banner`
--

DROP TABLE IF EXISTS `umo_banner`;
/*!40101 SET @saved_cs_client     = @@character_set_client */;
/*!40101 SET character_set_client = utf8 */;
CREATE TABLE `umo_banner` (
  `banner_id` int(11) NOT NULL AUTO_INCREMENT,
  `name` varchar(64) NOT NULL,
  `status` tinyint(1) NOT NULL,
  PRIMARY KEY (`banner_id`)
) ENGINE=MyISAM AUTO_INCREMENT=9 DEFAULT CHARSET=utf8;
/*!40101 SET character_set_client = @saved_cs_client */;

--
-- Dumping data for table `umo_banner`
--

LOCK TABLES `umo_banner` WRITE;
/*!40000 ALTER TABLE `umo_banner` DISABLE KEYS */;
INSERT INTO `umo_banner` VALUES (6,'HP Products',1),(7,'Home Page Slideshow',1),(8,'Manufacturers',1);
/*!40000 ALTER TABLE `umo_banner` ENABLE KEYS */;
UNLOCK TABLES;

--
-- Table structure for table `umo_banner_image`
--

DROP TABLE IF EXISTS `umo_banner_image`;
/*!40101 SET @saved_cs_client     = @@character_set_client */;
/*!40101 SET character_set_client = utf8 */;
CREATE TABLE `umo_banner_image` (
  `banner_image_id` int(11) NOT NULL AUTO_INCREMENT,
  `banner_id` int(11) NOT NULL,
  `language_id` int(11) NOT NULL,
  `title` varchar(64) NOT NULL,
  `link` varchar(255) NOT NULL,
  `image` varchar(255) NOT NULL,
  `sort_order` int(3) NOT NULL DEFAULT '0',
  PRIMARY KEY (`banner_image_id`)
) ENGINE=MyISAM AUTO_INCREMENT=229 DEFAULT CHARSET=utf8;
/*!40101 SET character_set_client = @saved_cs_client */;

--
-- Dumping data for table `umo_banner_image`
--

LOCK TABLES `umo_banner_image` WRITE;
/*!40000 ALTER TABLE `umo_banner_image` DISABLE KEYS */;
INSERT INTO `umo_banner_image` VALUES (103,6,1,'HP Banner','index.php?route=product/manufacturer/info&amp;manufacturer_id=7','catalog/demo/compaq_presario.jpg',0),(113,8,1,'Disney','','catalog/demo/manufacturer/disney.png',0),(112,8,1,'Dell','','catalog/demo/manufacturer/dell.png',0),(111,8,1,'Harley Davidson','','catalog/demo/manufacturer/harley.png',0),(110,8,1,'Canon','','catalog/demo/manufacturer/canon.png',0),(109,8,1,'Burger King','','catalog/demo/manufacturer/burgerking.png',0),(108,8,1,'Coca Cola','','catalog/demo/manufacturer/cocacola.png',0),(107,8,1,'Sony','','catalog/demo/manufacturer/sony.png',0),(106,8,1,'RedBull','','catalog/demo/manufacturer/redbull.png',0),(105,8,1,'NFL','','catalog/demo/manufacturer/nfl.png',0),(104,6,2,'HP Banner','index.php?route=product/manufacturer/info&amp;manufacturer_id=7','catalog/demo/compaq_presario.jpg',0),(114,8,1,'Starbucks','','catalog/demo/manufacturer/starbucks.png',0),(115,8,1,'Nintendo','','catalog/demo/manufacturer/nintendo.png',0),(116,8,2,'NFL','','catalog/demo/manufacturer/nfl.png',0),(117,8,2,'RedBull','','catalog/demo/manufacturer/redbull.png',0),(118,8,2,'Sony','','catalog/demo/manufacturer/sony.png',0),(119,8,2,'Coca Cola','','catalog/demo/manufacturer/cocacola.png',0),(120,8,2,'Burger King','','catalog/demo/manufacturer/burgerking.png',0),(121,8,2,'Canon','','catalog/demo/manufacturer/canon.png',0),(122,8,2,'Harley Davidson','','catalog/demo/manufacturer/harley.png',0),(123,8,2,'Dell','','catalog/demo/manufacturer/dell.png',0),(124,8,2,'Disney','','catalog/demo/manufacturer/disney.png',0),(125,8,2,'Starbucks','','catalog/demo/manufacturer/starbucks.png',0),(126,8,2,'Nintendo','','catalog/demo/manufacturer/nintendo.png',0),(226,7,2,'bh1','','catalog/cases/bh2_ctrl_2020-Feb-05_07-10-22AM-000_CustomizedView57397444830_png.png',0),(225,7,2,'bh','','catalog/cases/bh2_ctrl_2020-Feb-05_07-25-37AM-000_CustomizedView4947634686_png.png',0),(224,7,1,'bh1_3','','catalog/cases/bh2_ctrl_2020-Feb-05_01-14-42AM-000_CustomizedView20625544151_png.png',0),(223,7,1,'bh1_6','','catalog/cases/bh2_ctrl_2020-Feb-05_07-02-19AM-000_CustomizedView45078030314_png.png',0),(222,7,1,'bh1_7','','catalog/cases/bh2_ctrl_2020-Feb-05_07-04-25AM-000_CustomizedView52823633766_png.png',0),(221,7,1,'bh1_2','','catalog/cases/bh2_ctrl_2020-Feb-05_02-27-22AM-000_CustomizedView4066325245_png.png',0),(220,7,1,'bh1_5','','catalog/cases/bh2_ctrl_2020-Feb-05_02-48-55AM-000_CustomizedView2464334694_png.png',0),(219,7,1,'bh1_8','','catalog/cases/bh2_ctrl_2020-Feb-05_07-08-30AM-000_CustomizedView12122892871_png.png',0),(218,7,1,'bh1_9','','catalog/cases/bh2_ctrl_2020-Feb-05_07-10-22AM-000_CustomizedView57397444830_png.png',0),(217,7,1,'bh1_10','','catalog/cases/bh2_ctrl_2020-Feb-05_07-25-37AM-000_CustomizedView4947634686_png.png',0),(216,7,1,'bh1_1','','catalog/cases/bh2_ctrl_2020-Feb-05_02-50-12AM-000_CustomizedView14612691094_png.png',0),(215,7,1,'bh1_12','','catalog/cases/bh2_ctrl_2020-Feb-05_08-03-07AM-000_CustomizedView28226680234_png.png',0),(214,7,1,'bh1_16','','catalog/cases/bh2_ctrl_2020-Feb-05_08-22-30AM-000_CustomizedView14104885399_png.png',0),(213,7,1,'bh1_15','','catalog/cases/bh2_ctrl_2020-Feb-05_08-22-15AM-000_CustomizedView19818120969_png.png',0),(212,7,1,'bh1_17','','catalog/cases/bh2_ctrl_2020-Feb-05_08-40-55AM-000_CustomizedView14104885399_png.png',0),(227,7,2,'bh2','','catalog/cases/bh2_ctrl_2020-Feb-05_08-22-15AM-000_CustomizedView19818120969_png.png',0),(228,7,2,'bh3','','catalog/cases/bh2_ctrl_2020-Feb-05_08-04-01AM-000_CustomizedView43018893_png.png',0);
/*!40000 ALTER TABLE `umo_banner_image` ENABLE KEYS */;
UNLOCK TABLES;

--
-- Table structure for table `umo_blog_category`
--

DROP TABLE IF EXISTS `umo_blog_category`;
/*!40101 SET @saved_cs_client     = @@character_set_client */;
/*!40101 SET character_set_client = utf8 */;
CREATE TABLE `umo_blog_category` (
  `blog_category_id` int(11) NOT NULL AUTO_INCREMENT,
  `image` varchar(255) DEFAULT NULL,
  `parent_id` int(11) NOT NULL DEFAULT '0',
  `top` tinyint(1) NOT NULL,
  `column` int(3) NOT NULL,
  `sort_order` int(3) NOT NULL DEFAULT '0',
  `status` tinyint(1) NOT NULL,
  `noindex` tinyint(1) NOT NULL DEFAULT '1',
  `date_added` datetime NOT NULL DEFAULT '0000-00-00 00:00:00',
  `date_modified` datetime NOT NULL DEFAULT '0000-00-00 00:00:00',
  PRIMARY KEY (`blog_category_id`)
) ENGINE=MyISAM AUTO_INCREMENT=72 DEFAULT CHARSET=utf8;
/*!40101 SET character_set_client = @saved_cs_client */;

--
-- Dumping data for table `umo_blog_category`
--

LOCK TABLES `umo_blog_category` WRITE;
/*!40000 ALTER TABLE `umo_blog_category` DISABLE KEYS */;
INSERT INTO `umo_blog_category` VALUES (69,'catalog/demo/canon_eos_5d_2.jpg',0,1,0,0,1,1,'2014-04-08 03:56:26','2015-06-18 09:15:42'),(70,'catalog/demo/iphone_2.jpg',0,1,0,0,1,1,'2014-04-08 03:58:55','2015-06-18 09:16:41'),(71,'catalog/demo/canon_eos_5d_1.jpg',69,1,1,0,1,1,'2015-06-18 09:13:57','2015-06-18 09:15:58');
/*!40000 ALTER TABLE `umo_blog_category` ENABLE KEYS */;
UNLOCK TABLES;

--
-- Table structure for table `umo_blog_category_description`
--

DROP TABLE IF EXISTS `umo_blog_category_description`;
/*!40101 SET @saved_cs_client     = @@character_set_client */;
/*!40101 SET character_set_client = utf8 */;
CREATE TABLE `umo_blog_category_description` (
  `blog_category_id` int(11) NOT NULL,
  `language_id` int(11) NOT NULL,
  `name` varchar(255) NOT NULL DEFAULT '',
  `description` text NOT NULL,
  `meta_description` varchar(255) NOT NULL,
  `meta_keyword` varchar(255) NOT NULL,
  `meta_title` varchar(255) NOT NULL,
  `meta_h1` varchar(255) NOT NULL,
  PRIMARY KEY (`blog_category_id`,`language_id`),
  KEY `name` (`name`)
) ENGINE=MyISAM DEFAULT CHARSET=utf8;
/*!40101 SET character_set_client = @saved_cs_client */;

--
-- Dumping data for table `umo_blog_category_description`
--

LOCK TABLES `umo_blog_category_description` WRITE;
/*!40000 ALTER TABLE `umo_blog_category_description` DISABLE KEYS */;
INSERT INTO `umo_blog_category_description` VALUES (69,2,'News','&lt;p&gt;&lt;br&gt;&lt;/p&gt;','','','',''),(70,1,'Обзоры','&lt;p&gt;&lt;br&gt;&lt;/p&gt;','','','',''),(69,1,'Новости','&lt;p&gt;&lt;br&gt;&lt;/p&gt;','','','',''),(71,2,'Анонсы','&lt;p&gt;&lt;br&gt;&lt;/p&gt;','','','',''),(71,1,'Анонсы','&lt;p&gt;&lt;br&gt;&lt;/p&gt;','','','',''),(70,2,'Reviews','&lt;p&gt;&lt;br&gt;&lt;/p&gt;','','','','');
/*!40000 ALTER TABLE `umo_blog_category_description` ENABLE KEYS */;
UNLOCK TABLES;

--
-- Table structure for table `umo_blog_category_path`
--

DROP TABLE IF EXISTS `umo_blog_category_path`;
/*!40101 SET @saved_cs_client     = @@character_set_client */;
/*!40101 SET character_set_client = utf8 */;
CREATE TABLE `umo_blog_category_path` (
  `blog_category_id` int(11) NOT NULL,
  `path_id` int(11) NOT NULL,
  `level` int(11) NOT NULL,
  PRIMARY KEY (`blog_category_id`,`path_id`)
) ENGINE=MyISAM DEFAULT CHARSET=utf8;
/*!40101 SET character_set_client = @saved_cs_client */;

--
-- Dumping data for table `umo_blog_category_path`
--

LOCK TABLES `umo_blog_category_path` WRITE;
/*!40000 ALTER TABLE `umo_blog_category_path` DISABLE KEYS */;
INSERT INTO `umo_blog_category_path` VALUES (69,69,0),(71,71,1),(71,69,0),(70,70,0);
/*!40000 ALTER TABLE `umo_blog_category_path` ENABLE KEYS */;
UNLOCK TABLES;

--
-- Table structure for table `umo_blog_category_to_layout`
--

DROP TABLE IF EXISTS `umo_blog_category_to_layout`;
/*!40101 SET @saved_cs_client     = @@character_set_client */;
/*!40101 SET character_set_client = utf8 */;
CREATE TABLE `umo_blog_category_to_layout` (
  `blog_category_id` int(11) NOT NULL,
  `store_id` int(11) NOT NULL,
  `layout_id` int(11) NOT NULL,
  PRIMARY KEY (`blog_category_id`,`store_id`)
) ENGINE=MyISAM DEFAULT CHARSET=utf8;
/*!40101 SET character_set_client = @saved_cs_client */;

--
-- Dumping data for table `umo_blog_category_to_layout`
--

LOCK TABLES `umo_blog_category_to_layout` WRITE;
/*!40000 ALTER TABLE `umo_blog_category_to_layout` DISABLE KEYS */;
INSERT INTO `umo_blog_category_to_layout` VALUES (69,0,0),(71,0,0),(70,0,0);
/*!40000 ALTER TABLE `umo_blog_category_to_layout` ENABLE KEYS */;
UNLOCK TABLES;

--
-- Table structure for table `umo_blog_category_to_store`
--

DROP TABLE IF EXISTS `umo_blog_category_to_store`;
/*!40101 SET @saved_cs_client     = @@character_set_client */;
/*!40101 SET character_set_client = utf8 */;
CREATE TABLE `umo_blog_category_to_store` (
  `blog_category_id` int(11) NOT NULL,
  `store_id` int(11) NOT NULL,
  PRIMARY KEY (`blog_category_id`,`store_id`)
) ENGINE=MyISAM DEFAULT CHARSET=utf8;
/*!40101 SET character_set_client = @saved_cs_client */;

--
-- Dumping data for table `umo_blog_category_to_store`
--

LOCK TABLES `umo_blog_category_to_store` WRITE;
/*!40000 ALTER TABLE `umo_blog_category_to_store` DISABLE KEYS */;
INSERT INTO `umo_blog_category_to_store` VALUES (69,0),(70,0),(71,0);
/*!40000 ALTER TABLE `umo_blog_category_to_store` ENABLE KEYS */;
UNLOCK TABLES;

--
-- Table structure for table `umo_cart`
--

DROP TABLE IF EXISTS `umo_cart`;
/*!40101 SET @saved_cs_client     = @@character_set_client */;
/*!40101 SET character_set_client = utf8 */;
CREATE TABLE `umo_cart` (
  `cart_id` int(11) unsigned NOT NULL AUTO_INCREMENT,
  `api_id` int(11) NOT NULL,
  `customer_id` int(11) NOT NULL,
  `session_id` varchar(32) NOT NULL,
  `product_id` int(11) NOT NULL,
  `recurring_id` int(11) NOT NULL,
  `option` text NOT NULL,
  `quantity` int(5) NOT NULL,
  `date_added` datetime NOT NULL,
  PRIMARY KEY (`cart_id`),
  KEY `cart_id` (`api_id`,`customer_id`,`session_id`,`product_id`,`recurring_id`)
) ENGINE=InnoDB AUTO_INCREMENT=22 DEFAULT CHARSET=utf8;
/*!40101 SET character_set_client = @saved_cs_client */;

--
-- Dumping data for table `umo_cart`
--

LOCK TABLES `umo_cart` WRITE;
/*!40000 ALTER TABLE `umo_cart` DISABLE KEYS */;
INSERT INTO `umo_cart` VALUES (14,0,2,'d17f03d67b7311ac8f2c674145',53,0,'[]',1,'2020-02-18 12:48:28'),(15,0,2,'d17f03d67b7311ac8f2c674145',50,0,'[]',1,'2020-02-18 12:53:45'),(16,0,2,'d17f03d67b7311ac8f2c674145',52,0,'[]',1,'2020-02-18 12:54:04'),(21,0,1,'6fcd8206aaf4d823a981af39d3',51,0,'{\"231\":\"25\",\"230\":\"24\",\"228\":\"34\"}',1,'2020-09-14 09:26:25');
/*!40000 ALTER TABLE `umo_cart` ENABLE KEYS */;
UNLOCK TABLES;

--
-- Table structure for table `umo_category`
--

DROP TABLE IF EXISTS `umo_category`;
/*!40101 SET @saved_cs_client     = @@character_set_client */;
/*!40101 SET character_set_client = utf8 */;
CREATE TABLE `umo_category` (
  `category_id` int(11) NOT NULL AUTO_INCREMENT,
  `image` varchar(255) DEFAULT NULL,
  `parent_id` int(11) NOT NULL DEFAULT '0',
  `top` tinyint(1) NOT NULL,
  `column` int(3) NOT NULL,
  `sort_order` int(3) NOT NULL DEFAULT '0',
  `status` tinyint(1) NOT NULL,
  `date_added` datetime NOT NULL,
  `date_modified` datetime NOT NULL,
  `noindex` tinyint(1) NOT NULL DEFAULT '1',
  PRIMARY KEY (`category_id`),
  KEY `parent_id` (`parent_id`)
) ENGINE=MyISAM AUTO_INCREMENT=61 DEFAULT CHARSET=utf8;
/*!40101 SET character_set_client = @saved_cs_client */;

--
-- Dumping data for table `umo_category`
--

LOCK TABLES `umo_category` WRITE;
/*!40000 ALTER TABLE `umo_category` DISABLE KEYS */;
INSERT INTO `umo_category` VALUES (25,'',0,1,1,3,0,'2009-01-31 01:04:25','2020-02-04 06:03:03',1),(27,'',20,0,0,2,1,'2009-01-31 01:55:34','2010-08-22 06:32:15',1),(20,'catalog/demo/compaq_presario.jpg',0,1,1,1,0,'2009-01-05 21:49:43','2020-02-04 06:03:03',1),(24,'',0,1,1,5,0,'2009-01-20 02:36:26','2020-02-06 04:43:13',1),(18,'catalog/demo/hp_2.jpg',0,1,0,2,0,'2009-01-05 21:49:15','2020-02-04 06:03:03',1),(17,'',0,1,1,4,0,'2009-01-03 21:08:57','2020-02-04 06:03:03',0),(28,'',25,0,0,1,1,'2009-02-02 13:11:12','2010-08-22 06:32:46',1),(26,'',20,0,0,1,1,'2009-01-31 01:55:14','2010-08-22 06:31:45',1),(29,'',25,0,0,1,1,'2009-02-02 13:11:37','2010-08-22 06:32:39',1),(30,'',25,0,0,1,1,'2009-02-02 13:11:59','2010-08-22 06:33:00',1),(31,'',25,0,0,1,1,'2009-02-03 14:17:24','2010-08-22 06:33:06',1),(32,'',25,0,0,1,1,'2009-02-03 14:17:34','2010-08-22 06:33:12',1),(33,'',0,1,1,6,0,'2009-02-03 14:17:55','2020-02-04 06:03:03',1),(34,'catalog/demo/ipod_touch_4.jpg',0,1,4,7,0,'2009-02-03 14:18:11','2020-02-04 06:03:03',1),(35,'',28,0,0,0,1,'2010-09-17 10:06:48','2010-09-18 14:02:42',1),(36,'',28,0,0,0,1,'2010-09-17 10:07:13','2010-09-18 14:02:55',1),(37,'',34,0,0,0,1,'2010-09-18 14:03:39','2011-04-22 01:55:08',1),(38,'',34,0,0,0,1,'2010-09-18 14:03:51','2010-09-18 14:03:51',1),(39,'',34,0,0,0,1,'2010-09-18 14:04:17','2011-04-22 01:55:20',1),(40,'',34,0,0,0,1,'2010-09-18 14:05:36','2010-09-18 14:05:36',1),(41,'',34,0,0,0,1,'2010-09-18 14:05:49','2011-04-22 01:55:30',1),(42,'',34,0,0,0,1,'2010-09-18 14:06:34','2010-11-07 20:31:04',1),(43,'',34,0,0,0,1,'2010-09-18 14:06:49','2011-04-22 01:55:40',1),(44,'',34,0,0,0,1,'2010-09-21 15:39:21','2010-11-07 20:30:55',1),(45,'',18,0,0,0,1,'2010-09-24 18:29:16','2011-04-26 08:52:11',1),(46,'',18,0,0,0,1,'2010-09-24 18:29:31','2011-04-26 08:52:23',1),(47,'',34,0,0,0,1,'2010-11-07 11:13:16','2010-11-07 11:13:16',1),(48,'',34,0,0,0,1,'2010-11-07 11:13:33','2010-11-07 11:13:33',1),(49,'',34,0,0,0,1,'2010-11-07 11:14:04','2010-11-07 11:14:04',1),(50,'',34,0,0,0,1,'2010-11-07 11:14:23','2011-04-22 01:16:01',1),(51,'',34,0,0,0,1,'2010-11-07 11:14:38','2011-04-22 01:16:13',1),(52,'',34,0,0,0,1,'2010-11-07 11:16:09','2011-04-22 01:54:57',1),(53,'',34,0,0,0,1,'2010-11-07 11:28:53','2011-04-22 01:14:36',1),(54,'',34,0,0,0,1,'2010-11-07 11:29:16','2011-04-22 01:16:50',1),(55,'',34,0,0,0,1,'2010-11-08 10:31:32','2010-11-08 10:31:32',1),(56,'',34,0,0,0,1,'2010-11-08 10:31:50','2011-04-22 01:16:37',1),(57,'',0,1,1,3,0,'2011-04-26 08:53:16','2020-02-04 06:03:03',1),(58,'',52,0,0,0,1,'2011-05-08 13:44:16','2011-05-08 13:44:16',1),(59,'',60,1,1,0,1,'2020-02-06 04:42:58','2020-02-07 15:27:52',1),(60,'',0,0,1,0,1,'2020-02-07 15:27:33','2020-09-01 12:08:34',1);
/*!40000 ALTER TABLE `umo_category` ENABLE KEYS */;
UNLOCK TABLES;

--
-- Table structure for table `umo_category_description`
--

DROP TABLE IF EXISTS `umo_category_description`;
/*!40101 SET @saved_cs_client     = @@character_set_client */;
/*!40101 SET character_set_client = utf8 */;
CREATE TABLE `umo_category_description` (
  `category_id` int(11) NOT NULL,
  `language_id` int(11) NOT NULL,
  `name` varchar(255) NOT NULL,
  `description` text NOT NULL,
  `meta_title` varchar(255) NOT NULL,
  `meta_description` varchar(255) NOT NULL,
  `meta_keyword` varchar(255) NOT NULL,
  `meta_h1` varchar(255) NOT NULL,
  PRIMARY KEY (`category_id`,`language_id`),
  KEY `name` (`name`)
) ENGINE=MyISAM DEFAULT CHARSET=utf8;
/*!40101 SET character_set_client = @saved_cs_client */;

--
-- Dumping data for table `umo_category_description`
--

LOCK TABLES `umo_category_description` WRITE;
/*!40000 ALTER TABLE `umo_category_description` DISABLE KEYS */;
INSERT INTO `umo_category_description` VALUES (28,1,'Мониторы','','','','',''),(32,1,'Веб-камеры','','','','',''),(31,1,'Сканеры','','','','',''),(30,1,'Принтеры','','','','',''),(29,1,'Мышки','','Мышки','','',''),(27,1,'Mac','','','','',''),(26,1,'PC','','','','',''),(17,1,'Програмное обеспечение','','','','',''),(25,1,'Компоненты','','Components','','',''),(20,1,'Компьютеры','&lt;p&gt;\r\n	Пример текста в описания категории&lt;/p&gt;\r\n','','','',''),(35,1,'test 1','','test 1','','',''),(36,1,'test 2','','test 2','','',''),(37,1,'test 5','','','','',''),(38,1,'test 4','','','','',''),(39,1,'test 6','','','','',''),(40,1,'test 7','','','','',''),(41,1,'test 8','','','','',''),(42,1,'test 9','','','','',''),(43,1,'test 11','','','','',''),(34,1,'MP3 Плееры','&lt;p&gt;\r\n	Shop Laptop feature only the best laptop deals on the market. By comparing laptop deals from the likes of PC World, Comet, Dixons, The Link and Carphone Warehouse, Shop Laptop has the most comprehensive selection of laptops on the internet. At Shop Laptop, we pride ourselves on offering customers the very best laptop deals. From refurbished laptops to netbooks, Shop Laptop ensures that every laptop - in every colour, style, size and technical spec - is featured on the site at the lowest possible price.&lt;/p&gt;\r\n','','','',''),(18,1,'Ноутбуки','&lt;p&gt;\r\n	Shop Laptop feature only the best laptop deals on the market. By comparing laptop deals from the likes of PC World, Comet, Dixons, The Link and Carphone Warehouse, Shop Laptop has the most comprehensive selection of laptops on the internet. At Shop Laptop, we pride ourselves on offering customers the very best laptop deals. From refurbished laptops to netbooks, Shop Laptop ensures that every laptop - in every colour, style, size and technical spec - is featured on the site at the lowest possible price.&lt;/p&gt;\r\n','Laptops &amp; Notebooks','','',''),(44,1,'test 12','','','','',''),(45,1,'Windows','','','','',''),(46,1,'Macs','','','','',''),(47,1,'test 15','','','','',''),(48,1,'test 16','','','','',''),(49,1,'test 17','','','','',''),(50,1,'test 18','','','','',''),(51,1,'test 19','','','','',''),(52,1,'test 20','','','','',''),(53,1,'test 21','','','','',''),(54,1,'test 22','','','','',''),(55,1,'test 23','','','','',''),(56,1,'test 24','','','','',''),(57,1,'Планшеты','','','','',''),(58,1,'test 25','','','','',''),(33,1,'Камеры','','','','',''),(20,2,'Desktops','&lt;p&gt;Example of category description text&lt;br&gt;&lt;/p&gt;','','','',''),(18,2,'Laptops &amp; Notebooks','&lt;p&gt;Shop Laptop feature only the best laptop deals on the market. By \r\ncomparing laptop deals from the likes of PC World, Comet, Dixons, The \r\nLink and Carphone Warehouse, Shop Laptop has the most comprehensive \r\nselection of laptops on the internet. At Shop Laptop, we pride ourselves\r\n on offering customers the very best laptop deals. From refurbished \r\nlaptops to netbooks, Shop Laptop ensures that every laptop - in every \r\ncolour, style, size and technical spec - is featured on the site at the \r\nlowest possible price.&lt;br&gt;&lt;/p&gt;','','','',''),(25,2,'Components','','','','',''),(29,2,'Mice and Trackballs','','','','',''),(28,2,'Monitors','','','','',''),(35,2,'test 1','','','','',''),(36,2,'test 2','','','','',''),(30,2,'Printers','','','','',''),(31,2,'Scanners','','','','',''),(32,2,'Web Cameras','','','','',''),(57,2,'Tablets','','','','',''),(17,2,'Software','','','','',''),(24,1,'Телефоны и PDA','','','','',''),(34,2,'MP3 Players','','','','',''),(33,2,'Cameras','','','','',''),(46,2,'Macs','','','','',''),(45,2,'Windows','','','','',''),(43,2,'test 11','','','','',''),(44,2,'test 12','','','','',''),(27,2,'Mac','','','','',''),(26,2,'PC','','','','',''),(47,2,'test 15','','','','',''),(48,2,'test 16','','','','',''),(49,2,'test 17','','','','',''),(50,2,'test 18','','','','',''),(51,2,'test 19','','','','',''),(52,2,'test 20','','','','',''),(58,2,'test 25','','','','',''),(53,2,'test 21','','','','',''),(54,2,'test 22','','','','',''),(55,2,'test 23','','','','',''),(56,2,'test 24','','','','',''),(38,2,'test 4','','','','',''),(37,2,'test 5','','','','',''),(39,2,'test 6','','','','',''),(40,2,'test 7','','','','',''),(41,2,'test 8','','','','',''),(42,2,'test 9','','','','',''),(24,2,'Phones &amp; PDAs','','','','',''),(59,2,'PC Chasis','','','','',''),(59,1,'Корпуса из акрила','&lt;p&gt;Эксклюзивные корпуса для компьютеров из пластика (АБС, Акрил, оргстекло). Изготовление эксклюзивных корпусов для компьютеров из пластика.&lt;br&gt;&lt;/p&gt;','Корпуса из пластика (АБС, Акрил, оргстекло)','Корпуса из пластика (АБС, Акрил, оргстекло). Изготовление эксклюзивных корпусов для компьютеров из пластика.','Корпус ПК, эксклюзивный дизайн компьютера, корпус ПК из акрила, корпус компьютера из оргстекла.','Корпуса из оргстекла (акрила)'),(60,2,'PC Chassis','','','','',''),(60,1,'Корпуса для компьютеров','','','','','');
/*!40000 ALTER TABLE `umo_category_description` ENABLE KEYS */;
UNLOCK TABLES;

--
-- Table structure for table `umo_category_filter`
--

DROP TABLE IF EXISTS `umo_category_filter`;
/*!40101 SET @saved_cs_client     = @@character_set_client */;
/*!40101 SET character_set_client = utf8 */;
CREATE TABLE `umo_category_filter` (
  `category_id` int(11) NOT NULL,
  `filter_id` int(11) NOT NULL,
  PRIMARY KEY (`category_id`,`filter_id`)
) ENGINE=MyISAM DEFAULT CHARSET=utf8;
/*!40101 SET character_set_client = @saved_cs_client */;

--
-- Dumping data for table `umo_category_filter`
--

LOCK TABLES `umo_category_filter` WRITE;
/*!40000 ALTER TABLE `umo_category_filter` DISABLE KEYS */;
/*!40000 ALTER TABLE `umo_category_filter` ENABLE KEYS */;
UNLOCK TABLES;

--
-- Table structure for table `umo_category_path`
--

DROP TABLE IF EXISTS `umo_category_path`;
/*!40101 SET @saved_cs_client     = @@character_set_client */;
/*!40101 SET character_set_client = utf8 */;
CREATE TABLE `umo_category_path` (
  `category_id` int(11) NOT NULL,
  `path_id` int(11) NOT NULL,
  `level` int(11) NOT NULL,
  PRIMARY KEY (`category_id`,`path_id`)
) ENGINE=MyISAM DEFAULT CHARSET=utf8;
/*!40101 SET character_set_client = @saved_cs_client */;

--
-- Dumping data for table `umo_category_path`
--

LOCK TABLES `umo_category_path` WRITE;
/*!40000 ALTER TABLE `umo_category_path` DISABLE KEYS */;
INSERT INTO `umo_category_path` VALUES (25,25,0),(28,25,0),(28,28,1),(35,25,0),(35,28,1),(35,35,2),(36,25,0),(36,28,1),(36,36,2),(29,25,0),(29,29,1),(30,25,0),(30,30,1),(31,25,0),(31,31,1),(32,25,0),(32,32,1),(20,20,0),(27,20,0),(27,27,1),(26,20,0),(26,26,1),(24,24,0),(18,18,0),(45,18,0),(45,45,1),(46,18,0),(46,46,1),(17,17,0),(33,33,0),(34,34,0),(37,34,0),(37,37,1),(38,34,0),(38,38,1),(39,34,0),(39,39,1),(40,34,0),(40,40,1),(41,34,0),(41,41,1),(42,34,0),(42,42,1),(43,34,0),(43,43,1),(44,34,0),(44,44,1),(47,34,0),(47,47,1),(48,34,0),(48,48,1),(49,34,0),(49,49,1),(50,34,0),(50,50,1),(51,34,0),(51,51,1),(52,34,0),(52,52,1),(58,34,0),(58,52,1),(58,58,2),(53,34,0),(53,53,1),(54,34,0),(54,54,1),(55,34,0),(55,55,1),(56,34,0),(56,56,1),(57,57,0),(59,59,1),(60,60,0),(59,60,0);
/*!40000 ALTER TABLE `umo_category_path` ENABLE KEYS */;
UNLOCK TABLES;

--
-- Table structure for table `umo_category_to_layout`
--

DROP TABLE IF EXISTS `umo_category_to_layout`;
/*!40101 SET @saved_cs_client     = @@character_set_client */;
/*!40101 SET character_set_client = utf8 */;
CREATE TABLE `umo_category_to_layout` (
  `category_id` int(11) NOT NULL,
  `store_id` int(11) NOT NULL,
  `layout_id` int(11) NOT NULL,
  PRIMARY KEY (`category_id`,`store_id`)
) ENGINE=MyISAM DEFAULT CHARSET=utf8;
/*!40101 SET character_set_client = @saved_cs_client */;

--
-- Dumping data for table `umo_category_to_layout`
--

LOCK TABLES `umo_category_to_layout` WRITE;
/*!40000 ALTER TABLE `umo_category_to_layout` DISABLE KEYS */;
INSERT INTO `umo_category_to_layout` VALUES (59,0,0),(24,0,0),(60,0,0);
/*!40000 ALTER TABLE `umo_category_to_layout` ENABLE KEYS */;
UNLOCK TABLES;

--
-- Table structure for table `umo_category_to_store`
--

DROP TABLE IF EXISTS `umo_category_to_store`;
/*!40101 SET @saved_cs_client     = @@character_set_client */;
/*!40101 SET character_set_client = utf8 */;
CREATE TABLE `umo_category_to_store` (
  `category_id` int(11) NOT NULL,
  `store_id` int(11) NOT NULL,
  PRIMARY KEY (`category_id`,`store_id`)
) ENGINE=MyISAM DEFAULT CHARSET=utf8;
/*!40101 SET character_set_client = @saved_cs_client */;

--
-- Dumping data for table `umo_category_to_store`
--

LOCK TABLES `umo_category_to_store` WRITE;
/*!40000 ALTER TABLE `umo_category_to_store` DISABLE KEYS */;
INSERT INTO `umo_category_to_store` VALUES (17,0),(18,0),(20,0),(24,0),(25,0),(26,0),(27,0),(28,0),(29,0),(30,0),(31,0),(32,0),(33,0),(34,0),(35,0),(36,0),(37,0),(38,0),(39,0),(40,0),(41,0),(42,0),(43,0),(44,0),(45,0),(46,0),(47,0),(48,0),(49,0),(50,0),(51,0),(52,0),(53,0),(54,0),(55,0),(56,0),(57,0),(58,0),(59,0),(60,0);
/*!40000 ALTER TABLE `umo_category_to_store` ENABLE KEYS */;
UNLOCK TABLES;

--
-- Table structure for table `umo_country`
--

DROP TABLE IF EXISTS `umo_country`;
/*!40101 SET @saved_cs_client     = @@character_set_client */;
/*!40101 SET character_set_client = utf8 */;
CREATE TABLE `umo_country` (
  `country_id` int(11) NOT NULL AUTO_INCREMENT,
  `name` varchar(128) NOT NULL,
  `iso_code_2` varchar(2) NOT NULL,
  `iso_code_3` varchar(3) NOT NULL,
  `address_format` text NOT NULL,
  `postcode_required` tinyint(1) NOT NULL,
  `status` tinyint(1) NOT NULL DEFAULT '1',
  PRIMARY KEY (`country_id`)
) ENGINE=MyISAM AUTO_INCREMENT=258 DEFAULT CHARSET=utf8;
/*!40101 SET character_set_client = @saved_cs_client */;

--
-- Dumping data for table `umo_country`
--

LOCK TABLES `umo_country` WRITE;
/*!40000 ALTER TABLE `umo_country` DISABLE KEYS */;
INSERT INTO `umo_country` VALUES (1,'Afghanistan','AF','AFG','',0,1),(2,'Albania','AL','ALB','',0,1),(3,'Algeria','DZ','DZA','',0,1),(4,'American Samoa','AS','ASM','',0,1),(5,'Andorra','AD','AND','',0,1),(6,'Angola','AO','AGO','',0,1),(7,'Anguilla','AI','AIA','',0,1),(8,'Antarctica','AQ','ATA','',0,1),(9,'Antigua and Barbuda','AG','ATG','',0,1),(10,'Argentina','AR','ARG','',0,1),(11,'Армения','AM','ARM','',0,1),(12,'Aruba','AW','ABW','',0,1),(13,'Australia','AU','AUS','',0,1),(14,'Austria','AT','AUT','',0,1),(15,'Азербайджан','AZ','AZE','',0,1),(16,'Bahamas','BS','BHS','',0,1),(17,'Bahrain','BH','BHR','',0,1),(18,'Bangladesh','BD','BGD','',0,1),(19,'Barbados','BB','BRB','',0,1),(20,'Белоруссия (Беларусь)','BY','BLR','',0,1),(21,'Belgium','BE','BEL','{firstname} {lastname}\r\n{company}\r\n{address_1}\r\n{address_2}\r\n{postcode} {city}\r\n{country}',0,1),(22,'Belize','BZ','BLZ','',0,1),(23,'Benin','BJ','BEN','',0,1),(24,'Bermuda','BM','BMU','',0,1),(25,'Bhutan','BT','BTN','',0,1),(26,'Bolivia','BO','BOL','',0,1),(27,'Bosnia and Herzegovina','BA','BIH','',0,1),(28,'Botswana','BW','BWA','',0,1),(29,'Bouvet Island','BV','BVT','',0,1),(30,'Brazil','BR','BRA','',0,1),(31,'British Indian Ocean Territory','IO','IOT','',0,1),(32,'Brunei Darussalam','BN','BRN','',0,1),(33,'Bulgaria','BG','BGR','',0,1),(34,'Burkina Faso','BF','BFA','',0,1),(35,'Burundi','BI','BDI','',0,1),(36,'Cambodia','KH','KHM','',0,1),(37,'Cameroon','CM','CMR','',0,1),(38,'Canada','CA','CAN','',0,1),(39,'Cape Verde','CV','CPV','',0,1),(40,'Cayman Islands','KY','CYM','',0,1),(41,'Central African Republic','CF','CAF','',0,1),(42,'Chad','TD','TCD','',0,1),(43,'Chile','CL','CHL','',0,1),(44,'China','CN','CHN','',0,1),(45,'Christmas Island','CX','CXR','',0,1),(46,'Cocos (Keeling) Islands','CC','CCK','',0,1),(47,'Colombia','CO','COL','',0,1),(48,'Comoros','KM','COM','',0,1),(49,'Congo','CG','COG','',0,1),(50,'Cook Islands','CK','COK','',0,1),(51,'Costa Rica','CR','CRI','',0,1),(52,'Cote D\'Ivoire','CI','CIV','',0,1),(53,'Croatia','HR','HRV','',0,1),(54,'Cuba','CU','CUB','',0,1),(55,'Cyprus','CY','CYP','',0,1),(56,'Czech Republic','CZ','CZE','',0,1),(57,'Denmark','DK','DNK','',0,1),(58,'Djibouti','DJ','DJI','',0,1),(59,'Dominica','DM','DMA','',0,1),(60,'Dominican Republic','DO','DOM','',0,1),(61,'East Timor','TL','TLS','',0,1),(62,'Ecuador','EC','ECU','',0,1),(63,'Egypt','EG','EGY','',0,1),(64,'El Salvador','SV','SLV','',0,1),(65,'Equatorial Guinea','GQ','GNQ','',0,1),(66,'Eritrea','ER','ERI','',0,1),(67,'Estonia','EE','EST','',0,1),(68,'Ethiopia','ET','ETH','',0,1),(69,'Falkland Islands (Malvinas)','FK','FLK','',0,1),(70,'Faroe Islands','FO','FRO','',0,1),(71,'Fiji','FJ','FJI','',0,1),(72,'Finland','FI','FIN','',0,1),(74,'France, Metropolitan','FR','FRA','{firstname} {lastname}\r\n{company}\r\n{address_1}\r\n{address_2}\r\n{postcode} {city}\r\n{country}',1,1),(75,'French Guiana','GF','GUF','',0,1),(76,'French Polynesia','PF','PYF','',0,1),(77,'French Southern Territories','TF','ATF','',0,1),(78,'Gabon','GA','GAB','',0,1),(79,'Gambia','GM','GMB','',0,1),(80,'Грузия','GE','GEO','',0,1),(81,'Germany','DE','DEU','{company}\r\n{firstname} {lastname}\r\n{address_1}\r\n{address_2}\r\n{postcode} {city}\r\n{country}',1,1),(82,'Ghana','GH','GHA','',0,1),(83,'Gibraltar','GI','GIB','',0,1),(84,'Greece','GR','GRC','',0,1),(85,'Greenland','GL','GRL','',0,1),(86,'Grenada','GD','GRD','',0,1),(87,'Guadeloupe','GP','GLP','',0,1),(88,'Guam','GU','GUM','',0,1),(89,'Guatemala','GT','GTM','',0,1),(90,'Guinea','GN','GIN','',0,1),(91,'Guinea-Bissau','GW','GNB','',0,1),(92,'Guyana','GY','GUY','',0,1),(93,'Haiti','HT','HTI','',0,1),(94,'Heard and Mc Donald Islands','HM','HMD','',0,1),(95,'Honduras','HN','HND','',0,1),(96,'Hong Kong','HK','HKG','',0,1),(97,'Hungary','HU','HUN','',0,1),(98,'Iceland','IS','ISL','',0,1),(99,'India','IN','IND','',0,1),(100,'Indonesia','ID','IDN','',0,1),(101,'Iran (Islamic Republic of)','IR','IRN','',0,1),(102,'Iraq','IQ','IRQ','',0,1),(103,'Ireland','IE','IRL','',0,1),(104,'Israel','IL','ISR','',0,1),(105,'Italy','IT','ITA','',0,1),(106,'Jamaica','JM','JAM','',0,1),(107,'Japan','JP','JPN','',0,1),(108,'Jordan','JO','JOR','',0,1),(109,'Казахстан','KZ','KAZ','',0,1),(110,'Kenya','KE','KEN','',0,1),(111,'Kiribati','KI','KIR','',0,1),(112,'North Korea','KP','PRK','',0,1),(113,'South Korea','KR','KOR','',0,1),(114,'Kuwait','KW','KWT','',0,1),(115,'Киргизия (Кыргызстан)','KG','KGZ','',0,1),(116,'Lao People\'s Democratic Republic','LA','LAO','',0,1),(117,'Latvia','LV','LVA','',0,1),(118,'Lebanon','LB','LBN','',0,1),(119,'Lesotho','LS','LSO','',0,1),(120,'Liberia','LR','LBR','',0,1),(121,'Libyan Arab Jamahiriya','LY','LBY','',0,1),(122,'Liechtenstein','LI','LIE','',0,1),(123,'Lithuania','LT','LTU','',0,1),(124,'Luxembourg','LU','LUX','',0,1),(125,'Macau','MO','MAC','',0,1),(126,'FYROM','MK','MKD','',0,1),(127,'Madagascar','MG','MDG','',0,1),(128,'Malawi','MW','MWI','',0,1),(129,'Malaysia','MY','MYS','',0,1),(130,'Maldives','MV','MDV','',0,1),(131,'Mali','ML','MLI','',0,1),(132,'Malta','MT','MLT','',0,1),(133,'Marshall Islands','MH','MHL','',0,1),(134,'Martinique','MQ','MTQ','',0,1),(135,'Mauritania','MR','MRT','',0,1),(136,'Mauritius','MU','MUS','',0,1),(137,'Mayotte','YT','MYT','',0,1),(138,'Mexico','MX','MEX','',0,1),(139,'Micronesia, Federated States of','FM','FSM','',0,1),(140,'Молдова','MD','MDA','',0,1),(141,'Monaco','MC','MCO','',0,1),(142,'Mongolia','MN','MNG','',0,1),(143,'Montserrat','MS','MSR','',0,1),(144,'Morocco','MA','MAR','',0,1),(145,'Mozambique','MZ','MOZ','',0,1),(146,'Myanmar','MM','MMR','',0,1),(147,'Namibia','NA','NAM','',0,1),(148,'Nauru','NR','NRU','',0,1),(149,'Nepal','NP','NPL','',0,1),(150,'Netherlands','NL','NLD','',0,1),(151,'Netherlands Antilles','AN','ANT','',0,1),(152,'New Caledonia','NC','NCL','',0,1),(153,'New Zealand','NZ','NZL','',0,1),(154,'Nicaragua','NI','NIC','',0,1),(155,'Niger','NE','NER','',0,1),(156,'Nigeria','NG','NGA','',0,1),(157,'Niue','NU','NIU','',0,1),(158,'Norfolk Island','NF','NFK','',0,1),(159,'Northern Mariana Islands','MP','MNP','',0,1),(160,'Norway','NO','NOR','',0,1),(161,'Oman','OM','OMN','',0,1),(162,'Pakistan','PK','PAK','',0,1),(163,'Palau','PW','PLW','',0,1),(164,'Panama','PA','PAN','',0,1),(165,'Papua New Guinea','PG','PNG','',0,1),(166,'Paraguay','PY','PRY','',0,1),(167,'Peru','PE','PER','',0,1),(168,'Philippines','PH','PHL','',0,1),(169,'Pitcairn','PN','PCN','',0,1),(170,'Poland','PL','POL','',0,1),(171,'Portugal','PT','PRT','',0,1),(172,'Puerto Rico','PR','PRI','',0,1),(173,'Qatar','QA','QAT','',0,1),(174,'Reunion','RE','REU','',0,1),(175,'Romania','RO','ROM','',0,1),(176,'Российская Федерация','RU','RUS','',0,1),(177,'Rwanda','RW','RWA','',0,1),(178,'Saint Kitts and Nevis','KN','KNA','',0,1),(179,'Saint Lucia','LC','LCA','',0,1),(180,'Saint Vincent and the Grenadines','VC','VCT','',0,1),(181,'Samoa','WS','WSM','',0,1),(182,'San Marino','SM','SMR','',0,1),(183,'Sao Tome and Principe','ST','STP','',0,1),(184,'Saudi Arabia','SA','SAU','',0,1),(185,'Senegal','SN','SEN','',0,1),(186,'Seychelles','SC','SYC','',0,1),(187,'Sierra Leone','SL','SLE','',0,1),(188,'Singapore','SG','SGP','',0,1),(189,'Slovak Republic','SK','SVK','{firstname} {lastname}\r\n{company}\r\n{address_1}\r\n{address_2}\r\n{city} {postcode}\r\n{zone}\r\n{country}',0,1),(190,'Slovenia','SI','SVN','',0,1),(191,'Solomon Islands','SB','SLB','',0,1),(192,'Somalia','SO','SOM','',0,1),(193,'South Africa','ZA','ZAF','',0,1),(194,'South Georgia &amp; South Sandwich Islands','GS','SGS','',0,1),(195,'Spain','ES','ESP','',0,1),(196,'Sri Lanka','LK','LKA','',0,1),(197,'St. Helena','SH','SHN','',0,1),(198,'St. Pierre and Miquelon','PM','SPM','',0,1),(199,'Sudan','SD','SDN','',0,1),(200,'Suriname','SR','SUR','',0,1),(201,'Svalbard and Jan Mayen Islands','SJ','SJM','',0,1),(202,'Swaziland','SZ','SWZ','',0,1),(203,'Sweden','SE','SWE','{company}\r\n{firstname} {lastname}\r\n{address_1}\r\n{address_2}\r\n{postcode} {city}\r\n{country}',1,1),(204,'Switzerland','CH','CHE','',0,1),(205,'Syrian Arab Republic','SY','SYR','',0,1),(206,'Taiwan','TW','TWN','',0,1),(207,'Таджикистан','TJ','TJK','',0,1),(208,'Tanzania, United Republic of','TZ','TZA','',0,1),(209,'Thailand','TH','THA','',0,1),(210,'Togo','TG','TGO','',0,1),(211,'Tokelau','TK','TKL','',0,1),(212,'Tonga','TO','TON','',0,1),(213,'Trinidad and Tobago','TT','TTO','',0,1),(214,'Tunisia','TN','TUN','',0,1),(215,'Turkey','TR','TUR','',0,1),(216,'Туркменистан','TM','TKM','',0,1),(217,'Turks and Caicos Islands','TC','TCA','',0,1),(218,'Tuvalu','TV','TUV','',0,1),(219,'Uganda','UG','UGA','',0,1),(220,'Украина','UA','UKR','',0,1),(221,'United Arab Emirates','AE','ARE','',0,1),(222,'United Kingdom','GB','GBR','',1,1),(223,'United States','US','USA','{firstname} {lastname}\r\n{company}\r\n{address_1}\r\n{address_2}\r\n{city}, {zone} {postcode}\r\n{country}',0,1),(224,'United States Minor Outlying Islands','UM','UMI','',0,1),(225,'Uruguay','UY','URY','',0,1),(226,'Узбекистан','UZ','UZB','',0,1),(227,'Vanuatu','VU','VUT','',0,1),(228,'Vatican City State (Holy See)','VA','VAT','',0,1),(229,'Venezuela','VE','VEN','',0,1),(230,'Viet Nam','VN','VNM','',0,1),(231,'Virgin Islands (British)','VG','VGB','',0,1),(232,'Virgin Islands (U.S.)','VI','VIR','',0,1),(233,'Wallis and Futuna Islands','WF','WLF','',0,1),(234,'Western Sahara','EH','ESH','',0,1),(235,'Yemen','YE','YEM','',0,1),(237,'Democratic Republic of Congo','CD','COD','',0,1),(238,'Zambia','ZM','ZMB','',0,1),(239,'Zimbabwe','ZW','ZWE','',0,1),(242,'Montenegro','ME','MNE','',0,1),(243,'Serbia','RS','SRB','',0,1),(244,'Aaland Islands','AX','ALA','',0,1),(245,'Bonaire, Sint Eustatius and Saba','BQ','BES','',0,1),(246,'Curacao','CW','CUW','',0,1),(247,'Palestinian Territory, Occupied','PS','PSE','',0,1),(248,'South Sudan','SS','SSD','',0,1),(249,'St. Barthelemy','BL','BLM','',0,1),(250,'St. Martin (French part)','MF','MAF','',0,1),(251,'Canary Islands','IC','ICA','',0,1),(252,'Ascension Island (British)','AC','ASC','',0,1),(253,'Kosovo, Republic of','XK','UNK','',0,1),(254,'Isle of Man','IM','IMN','',0,1),(255,'Tristan da Cunha','TA','SHN','',0,1),(256,'Guernsey','GG','GGY','',0,1),(257,'Jersey','JE','JEY','',0,1);
/*!40000 ALTER TABLE `umo_country` ENABLE KEYS */;
UNLOCK TABLES;

--
-- Table structure for table `umo_coupon`
--

DROP TABLE IF EXISTS `umo_coupon`;
/*!40101 SET @saved_cs_client     = @@character_set_client */;
/*!40101 SET character_set_client = utf8 */;
CREATE TABLE `umo_coupon` (
  `coupon_id` int(11) NOT NULL AUTO_INCREMENT,
  `name` varchar(128) NOT NULL,
  `code` varchar(20) NOT NULL,
  `type` char(1) NOT NULL,
  `discount` decimal(15,4) NOT NULL,
  `logged` tinyint(1) NOT NULL,
  `shipping` tinyint(1) NOT NULL,
  `total` decimal(15,4) NOT NULL,
  `date_start` date NOT NULL DEFAULT '0000-00-00',
  `date_end` date NOT NULL DEFAULT '0000-00-00',
  `uses_total` int(11) NOT NULL,
  `uses_customer` varchar(11) NOT NULL,
  `status` tinyint(1) NOT NULL,
  `date_added` datetime NOT NULL,
  PRIMARY KEY (`coupon_id`)
) ENGINE=MyISAM AUTO_INCREMENT=7 DEFAULT CHARSET=utf8;
/*!40101 SET character_set_client = @saved_cs_client */;

--
-- Dumping data for table `umo_coupon`
--

LOCK TABLES `umo_coupon` WRITE;
/*!40000 ALTER TABLE `umo_coupon` DISABLE KEYS */;
INSERT INTO `umo_coupon` VALUES (4,'-10% Discount','2222','P',10.0000,0,0,0.0000,'2014-01-01','2020-01-01',10,'10',0,'2009-01-27 13:55:03'),(5,'Free Shipping','3333','P',0.0000,0,1,100.0000,'2014-01-01','2014-02-01',10,'10',0,'2009-03-14 21:13:53'),(6,'-10.00 Discount','1111','F',10.0000,0,0,10.0000,'2014-01-01','2020-01-01',100000,'10000',0,'2009-03-14 21:15:18');
/*!40000 ALTER TABLE `umo_coupon` ENABLE KEYS */;
UNLOCK TABLES;

--
-- Table structure for table `umo_coupon_category`
--

DROP TABLE IF EXISTS `umo_coupon_category`;
/*!40101 SET @saved_cs_client     = @@character_set_client */;
/*!40101 SET character_set_client = utf8 */;
CREATE TABLE `umo_coupon_category` (
  `coupon_id` int(11) NOT NULL,
  `category_id` int(11) NOT NULL,
  PRIMARY KEY (`coupon_id`,`category_id`)
) ENGINE=MyISAM DEFAULT CHARSET=utf8;
/*!40101 SET character_set_client = @saved_cs_client */;

--
-- Dumping data for table `umo_coupon_category`
--

LOCK TABLES `umo_coupon_category` WRITE;
/*!40000 ALTER TABLE `umo_coupon_category` DISABLE KEYS */;
/*!40000 ALTER TABLE `umo_coupon_category` ENABLE KEYS */;
UNLOCK TABLES;

--
-- Table structure for table `umo_coupon_history`
--

DROP TABLE IF EXISTS `umo_coupon_history`;
/*!40101 SET @saved_cs_client     = @@character_set_client */;
/*!40101 SET character_set_client = utf8 */;
CREATE TABLE `umo_coupon_history` (
  `coupon_history_id` int(11) NOT NULL AUTO_INCREMENT,
  `coupon_id` int(11) NOT NULL,
  `order_id` int(11) NOT NULL,
  `customer_id` int(11) NOT NULL,
  `amount` decimal(15,4) NOT NULL,
  `date_added` datetime NOT NULL,
  PRIMARY KEY (`coupon_history_id`)
) ENGINE=MyISAM DEFAULT CHARSET=utf8;
/*!40101 SET character_set_client = @saved_cs_client */;

--
-- Dumping data for table `umo_coupon_history`
--

LOCK TABLES `umo_coupon_history` WRITE;
/*!40000 ALTER TABLE `umo_coupon_history` DISABLE KEYS */;
/*!40000 ALTER TABLE `umo_coupon_history` ENABLE KEYS */;
UNLOCK TABLES;

--
-- Table structure for table `umo_coupon_product`
--

DROP TABLE IF EXISTS `umo_coupon_product`;
/*!40101 SET @saved_cs_client     = @@character_set_client */;
/*!40101 SET character_set_client = utf8 */;
CREATE TABLE `umo_coupon_product` (
  `coupon_product_id` int(11) NOT NULL AUTO_INCREMENT,
  `coupon_id` int(11) NOT NULL,
  `product_id` int(11) NOT NULL,
  PRIMARY KEY (`coupon_product_id`)
) ENGINE=MyISAM DEFAULT CHARSET=utf8;
/*!40101 SET character_set_client = @saved_cs_client */;

--
-- Dumping data for table `umo_coupon_product`
--

LOCK TABLES `umo_coupon_product` WRITE;
/*!40000 ALTER TABLE `umo_coupon_product` DISABLE KEYS */;
/*!40000 ALTER TABLE `umo_coupon_product` ENABLE KEYS */;
UNLOCK TABLES;

--
-- Table structure for table `umo_currency`
--

DROP TABLE IF EXISTS `umo_currency`;
/*!40101 SET @saved_cs_client     = @@character_set_client */;
/*!40101 SET character_set_client = utf8 */;
CREATE TABLE `umo_currency` (
  `currency_id` int(11) NOT NULL AUTO_INCREMENT,
  `title` varchar(32) NOT NULL,
  `code` varchar(3) NOT NULL,
  `symbol_left` varchar(12) NOT NULL,
  `symbol_right` varchar(12) NOT NULL,
  `decimal_place` char(1) NOT NULL,
  `value` double(15,8) NOT NULL,
  `status` tinyint(1) NOT NULL,
  `date_modified` datetime NOT NULL,
  PRIMARY KEY (`currency_id`)
) ENGINE=MyISAM AUTO_INCREMENT=5 DEFAULT CHARSET=utf8;
/*!40101 SET character_set_client = @saved_cs_client */;

--
-- Dumping data for table `umo_currency`
--

LOCK TABLES `umo_currency` WRITE;
/*!40000 ALTER TABLE `umo_currency` DISABLE KEYS */;
INSERT INTO `umo_currency` VALUES (1,'Рубль','RUB','','р.','2',1.00000000,1,'2020-09-17 11:47:24'),(2,'US Dollar','USD','$','','2',0.01400000,1,'2020-09-03 08:24:23'),(3,'Euro','EUR','','€','2',0.01100000,1,'2020-09-03 08:24:04');
/*!40000 ALTER TABLE `umo_currency` ENABLE KEYS */;
UNLOCK TABLES;

--
-- Table structure for table `umo_custom_field`
--

DROP TABLE IF EXISTS `umo_custom_field`;
/*!40101 SET @saved_cs_client     = @@character_set_client */;
/*!40101 SET character_set_client = utf8 */;
CREATE TABLE `umo_custom_field` (
  `custom_field_id` int(11) NOT NULL AUTO_INCREMENT,
  `type` varchar(32) NOT NULL,
  `value` text NOT NULL,
  `validation` varchar(255) NOT NULL,
  `location` varchar(10) NOT NULL,
  `status` tinyint(1) NOT NULL,
  `sort_order` int(3) NOT NULL,
  PRIMARY KEY (`custom_field_id`)
) ENGINE=MyISAM DEFAULT CHARSET=utf8;
/*!40101 SET character_set_client = @saved_cs_client */;

--
-- Dumping data for table `umo_custom_field`
--

LOCK TABLES `umo_custom_field` WRITE;
/*!40000 ALTER TABLE `umo_custom_field` DISABLE KEYS */;
/*!40000 ALTER TABLE `umo_custom_field` ENABLE KEYS */;
UNLOCK TABLES;

--
-- Table structure for table `umo_custom_field_customer_group`
--

DROP TABLE IF EXISTS `umo_custom_field_customer_group`;
/*!40101 SET @saved_cs_client     = @@character_set_client */;
/*!40101 SET character_set_client = utf8 */;
CREATE TABLE `umo_custom_field_customer_group` (
  `custom_field_id` int(11) NOT NULL,
  `customer_group_id` int(11) NOT NULL,
  `required` tinyint(1) NOT NULL,
  PRIMARY KEY (`custom_field_id`,`customer_group_id`)
) ENGINE=MyISAM DEFAULT CHARSET=utf8;
/*!40101 SET character_set_client = @saved_cs_client */;

--
-- Dumping data for table `umo_custom_field_customer_group`
--

LOCK TABLES `umo_custom_field_customer_group` WRITE;
/*!40000 ALTER TABLE `umo_custom_field_customer_group` DISABLE KEYS */;
/*!40000 ALTER TABLE `umo_custom_field_customer_group` ENABLE KEYS */;
UNLOCK TABLES;

--
-- Table structure for table `umo_custom_field_description`
--

DROP TABLE IF EXISTS `umo_custom_field_description`;
/*!40101 SET @saved_cs_client     = @@character_set_client */;
/*!40101 SET character_set_client = utf8 */;
CREATE TABLE `umo_custom_field_description` (
  `custom_field_id` int(11) NOT NULL,
  `language_id` int(11) NOT NULL,
  `name` varchar(128) NOT NULL,
  PRIMARY KEY (`custom_field_id`,`language_id`)
) ENGINE=MyISAM DEFAULT CHARSET=utf8;
/*!40101 SET character_set_client = @saved_cs_client */;

--
-- Dumping data for table `umo_custom_field_description`
--

LOCK TABLES `umo_custom_field_description` WRITE;
/*!40000 ALTER TABLE `umo_custom_field_description` DISABLE KEYS */;
/*!40000 ALTER TABLE `umo_custom_field_description` ENABLE KEYS */;
UNLOCK TABLES;

--
-- Table structure for table `umo_custom_field_value`
--

DROP TABLE IF EXISTS `umo_custom_field_value`;
/*!40101 SET @saved_cs_client     = @@character_set_client */;
/*!40101 SET character_set_client = utf8 */;
CREATE TABLE `umo_custom_field_value` (
  `custom_field_value_id` int(11) NOT NULL AUTO_INCREMENT,
  `custom_field_id` int(11) NOT NULL,
  `sort_order` int(3) NOT NULL,
  PRIMARY KEY (`custom_field_value_id`)
) ENGINE=MyISAM DEFAULT CHARSET=utf8;
/*!40101 SET character_set_client = @saved_cs_client */;

--
-- Dumping data for table `umo_custom_field_value`
--

LOCK TABLES `umo_custom_field_value` WRITE;
/*!40000 ALTER TABLE `umo_custom_field_value` DISABLE KEYS */;
/*!40000 ALTER TABLE `umo_custom_field_value` ENABLE KEYS */;
UNLOCK TABLES;

--
-- Table structure for table `umo_custom_field_value_description`
--

DROP TABLE IF EXISTS `umo_custom_field_value_description`;
/*!40101 SET @saved_cs_client     = @@character_set_client */;
/*!40101 SET character_set_client = utf8 */;
CREATE TABLE `umo_custom_field_value_description` (
  `custom_field_value_id` int(11) NOT NULL,
  `language_id` int(11) NOT NULL,
  `custom_field_id` int(11) NOT NULL,
  `name` varchar(128) NOT NULL,
  PRIMARY KEY (`custom_field_value_id`,`language_id`)
) ENGINE=MyISAM DEFAULT CHARSET=utf8;
/*!40101 SET character_set_client = @saved_cs_client */;

--
-- Dumping data for table `umo_custom_field_value_description`
--

LOCK TABLES `umo_custom_field_value_description` WRITE;
/*!40000 ALTER TABLE `umo_custom_field_value_description` DISABLE KEYS */;
/*!40000 ALTER TABLE `umo_custom_field_value_description` ENABLE KEYS */;
UNLOCK TABLES;

--
-- Table structure for table `umo_customer`
--

DROP TABLE IF EXISTS `umo_customer`;
/*!40101 SET @saved_cs_client     = @@character_set_client */;
/*!40101 SET character_set_client = utf8 */;
CREATE TABLE `umo_customer` (
  `customer_id` int(11) NOT NULL AUTO_INCREMENT,
  `customer_group_id` int(11) NOT NULL,
  `store_id` int(11) NOT NULL DEFAULT '0',
  `language_id` int(11) NOT NULL,
  `firstname` varchar(32) NOT NULL,
  `lastname` varchar(32) NOT NULL,
  `email` varchar(96) NOT NULL,
  `telephone` varchar(32) NOT NULL,
  `fax` varchar(32) NOT NULL,
  `password` varchar(40) NOT NULL,
  `salt` varchar(9) NOT NULL,
  `cart` text,
  `wishlist` text,
  `newsletter` tinyint(1) NOT NULL DEFAULT '0',
  `address_id` int(11) NOT NULL DEFAULT '0',
  `custom_field` text NOT NULL,
  `ip` varchar(40) NOT NULL,
  `status` tinyint(1) NOT NULL,
  `safe` tinyint(1) NOT NULL,
  `token` text NOT NULL,
  `code` varchar(40) NOT NULL,
  `date_added` datetime NOT NULL,
  PRIMARY KEY (`customer_id`)
) ENGINE=MyISAM AUTO_INCREMENT=3 DEFAULT CHARSET=utf8;
/*!40101 SET character_set_client = @saved_cs_client */;

--
-- Dumping data for table `umo_customer`
--

LOCK TABLES `umo_customer` WRITE;
/*!40000 ALTER TABLE `umo_customer` DISABLE KEYS */;
INSERT INTO `umo_customer` VALUES (1,1,0,1,'Максим','Пятков','blkdem@blkdem.ru','+7903907335','','bb32481ccb40ef635961a96eddff7d08a61c75c5','EIGGKQIvU',NULL,NULL,1,1,'[]','176.197.55.222',1,0,'','','2020-02-03 12:08:18'),(2,1,0,1,'Максим','Пятков','m_sp@mail.ru','89039073355','','85c50d73dbee1dcee658eac081d8d89aac57ce1f','vyq7k48zV',NULL,NULL,1,2,'','176.197.55.222',1,0,'','','2020-02-13 05:11:43');
/*!40000 ALTER TABLE `umo_customer` ENABLE KEYS */;
UNLOCK TABLES;

--
-- Table structure for table `umo_customer_activity`
--

DROP TABLE IF EXISTS `umo_customer_activity`;
/*!40101 SET @saved_cs_client     = @@character_set_client */;
/*!40101 SET character_set_client = utf8 */;
CREATE TABLE `umo_customer_activity` (
  `customer_activity_id` int(11) NOT NULL AUTO_INCREMENT,
  `customer_id` int(11) NOT NULL,
  `key` varchar(64) NOT NULL,
  `data` text NOT NULL,
  `ip` varchar(40) NOT NULL,
  `date_added` datetime NOT NULL,
  PRIMARY KEY (`customer_activity_id`)
) ENGINE=MyISAM DEFAULT CHARSET=utf8;
/*!40101 SET character_set_client = @saved_cs_client */;

--
-- Dumping data for table `umo_customer_activity`
--

LOCK TABLES `umo_customer_activity` WRITE;
/*!40000 ALTER TABLE `umo_customer_activity` DISABLE KEYS */;
/*!40000 ALTER TABLE `umo_customer_activity` ENABLE KEYS */;
UNLOCK TABLES;

--
-- Table structure for table `umo_customer_affiliate`
--

DROP TABLE IF EXISTS `umo_customer_affiliate`;
/*!40101 SET @saved_cs_client     = @@character_set_client */;
/*!40101 SET character_set_client = utf8 */;
CREATE TABLE `umo_customer_affiliate` (
  `customer_id` int(11) NOT NULL,
  `company` varchar(40) NOT NULL,
  `website` varchar(255) NOT NULL,
  `tracking` varchar(64) NOT NULL,
  `commission` decimal(4,2) NOT NULL DEFAULT '0.00',
  `tax` varchar(64) NOT NULL,
  `payment` varchar(6) NOT NULL,
  `cheque` varchar(100) NOT NULL,
  `paypal` varchar(64) NOT NULL,
  `bank_name` varchar(64) NOT NULL,
  `bank_branch_number` varchar(64) NOT NULL,
  `bank_swift_code` varchar(64) NOT NULL,
  `bank_account_name` varchar(64) NOT NULL,
  `bank_account_number` varchar(64) NOT NULL,
  `custom_field` text NOT NULL,
  `status` tinyint(1) NOT NULL,
  `date_added` datetime NOT NULL,
  PRIMARY KEY (`customer_id`)
) ENGINE=MyISAM DEFAULT CHARSET=utf8;
/*!40101 SET character_set_client = @saved_cs_client */;

--
-- Dumping data for table `umo_customer_affiliate`
--

LOCK TABLES `umo_customer_affiliate` WRITE;
/*!40000 ALTER TABLE `umo_customer_affiliate` DISABLE KEYS */;
/*!40000 ALTER TABLE `umo_customer_affiliate` ENABLE KEYS */;
UNLOCK TABLES;

--
-- Table structure for table `umo_customer_approval`
--

DROP TABLE IF EXISTS `umo_customer_approval`;
/*!40101 SET @saved_cs_client     = @@character_set_client */;
/*!40101 SET character_set_client = utf8 */;
CREATE TABLE `umo_customer_approval` (
  `customer_approval_id` int(11) NOT NULL AUTO_INCREMENT,
  `customer_id` int(11) NOT NULL,
  `type` varchar(9) NOT NULL,
  `date_added` datetime NOT NULL,
  PRIMARY KEY (`customer_approval_id`)
) ENGINE=MyISAM DEFAULT CHARSET=utf8;
/*!40101 SET character_set_client = @saved_cs_client */;

--
-- Dumping data for table `umo_customer_approval`
--

LOCK TABLES `umo_customer_approval` WRITE;
/*!40000 ALTER TABLE `umo_customer_approval` DISABLE KEYS */;
/*!40000 ALTER TABLE `umo_customer_approval` ENABLE KEYS */;
UNLOCK TABLES;

--
-- Table structure for table `umo_customer_group`
--

DROP TABLE IF EXISTS `umo_customer_group`;
/*!40101 SET @saved_cs_client     = @@character_set_client */;
/*!40101 SET character_set_client = utf8 */;
CREATE TABLE `umo_customer_group` (
  `customer_group_id` int(11) NOT NULL AUTO_INCREMENT,
  `approval` int(1) NOT NULL,
  `sort_order` int(3) NOT NULL,
  PRIMARY KEY (`customer_group_id`)
) ENGINE=MyISAM AUTO_INCREMENT=2 DEFAULT CHARSET=utf8;
/*!40101 SET character_set_client = @saved_cs_client */;

--
-- Dumping data for table `umo_customer_group`
--

LOCK TABLES `umo_customer_group` WRITE;
/*!40000 ALTER TABLE `umo_customer_group` DISABLE KEYS */;
INSERT INTO `umo_customer_group` VALUES (1,0,1);
/*!40000 ALTER TABLE `umo_customer_group` ENABLE KEYS */;
UNLOCK TABLES;

--
-- Table structure for table `umo_customer_group_description`
--

DROP TABLE IF EXISTS `umo_customer_group_description`;
/*!40101 SET @saved_cs_client     = @@character_set_client */;
/*!40101 SET character_set_client = utf8 */;
CREATE TABLE `umo_customer_group_description` (
  `customer_group_id` int(11) NOT NULL,
  `language_id` int(11) NOT NULL,
  `name` varchar(32) NOT NULL,
  `description` text NOT NULL,
  PRIMARY KEY (`customer_group_id`,`language_id`)
) ENGINE=MyISAM DEFAULT CHARSET=utf8;
/*!40101 SET character_set_client = @saved_cs_client */;

--
-- Dumping data for table `umo_customer_group_description`
--

LOCK TABLES `umo_customer_group_description` WRITE;
/*!40000 ALTER TABLE `umo_customer_group_description` DISABLE KEYS */;
INSERT INTO `umo_customer_group_description` VALUES (1,1,'Default','test');
/*!40000 ALTER TABLE `umo_customer_group_description` ENABLE KEYS */;
UNLOCK TABLES;

--
-- Table structure for table `umo_customer_history`
--

DROP TABLE IF EXISTS `umo_customer_history`;
/*!40101 SET @saved_cs_client     = @@character_set_client */;
/*!40101 SET character_set_client = utf8 */;
CREATE TABLE `umo_customer_history` (
  `customer_history_id` int(11) NOT NULL AUTO_INCREMENT,
  `customer_id` int(11) NOT NULL,
  `comment` text NOT NULL,
  `date_added` datetime NOT NULL,
  PRIMARY KEY (`customer_history_id`)
) ENGINE=MyISAM DEFAULT CHARSET=utf8;
/*!40101 SET character_set_client = @saved_cs_client */;

--
-- Dumping data for table `umo_customer_history`
--

LOCK TABLES `umo_customer_history` WRITE;
/*!40000 ALTER TABLE `umo_customer_history` DISABLE KEYS */;
/*!40000 ALTER TABLE `umo_customer_history` ENABLE KEYS */;
UNLOCK TABLES;

--
-- Table structure for table `umo_customer_ip`
--

DROP TABLE IF EXISTS `umo_customer_ip`;
/*!40101 SET @saved_cs_client     = @@character_set_client */;
/*!40101 SET character_set_client = utf8 */;
CREATE TABLE `umo_customer_ip` (
  `customer_ip_id` int(11) NOT NULL AUTO_INCREMENT,
  `customer_id` int(11) NOT NULL,
  `ip` varchar(40) NOT NULL,
  `date_added` datetime NOT NULL,
  PRIMARY KEY (`customer_ip_id`),
  KEY `ip` (`ip`)
) ENGINE=MyISAM AUTO_INCREMENT=4 DEFAULT CHARSET=utf8;
/*!40101 SET character_set_client = @saved_cs_client */;

--
-- Dumping data for table `umo_customer_ip`
--

LOCK TABLES `umo_customer_ip` WRITE;
/*!40000 ALTER TABLE `umo_customer_ip` DISABLE KEYS */;
INSERT INTO `umo_customer_ip` VALUES (1,1,'176.197.55.222','2020-02-03 12:08:18'),(2,1,'87.103.199.183','2020-02-06 16:33:39'),(3,2,'176.197.55.222','2020-02-13 05:11:44');
/*!40000 ALTER TABLE `umo_customer_ip` ENABLE KEYS */;
UNLOCK TABLES;

--
-- Table structure for table `umo_customer_login`
--

DROP TABLE IF EXISTS `umo_customer_login`;
/*!40101 SET @saved_cs_client     = @@character_set_client */;
/*!40101 SET character_set_client = utf8 */;
CREATE TABLE `umo_customer_login` (
  `customer_login_id` int(11) NOT NULL AUTO_INCREMENT,
  `email` varchar(96) NOT NULL,
  `ip` varchar(40) NOT NULL,
  `total` int(4) NOT NULL,
  `date_added` datetime NOT NULL,
  `date_modified` datetime NOT NULL,
  PRIMARY KEY (`customer_login_id`),
  KEY `email` (`email`),
  KEY `ip` (`ip`)
) ENGINE=MyISAM AUTO_INCREMENT=7 DEFAULT CHARSET=utf8;
/*!40101 SET character_set_client = @saved_cs_client */;

--
-- Dumping data for table `umo_customer_login`
--

LOCK TABLES `umo_customer_login` WRITE;
/*!40000 ALTER TABLE `umo_customer_login` DISABLE KEYS */;
INSERT INTO `umo_customer_login` VALUES (3,'root','176.197.55.222',1,'2020-02-12 03:05:51','2020-02-12 03:05:51'),(4,'blkdem','176.197.55.222',1,'2020-02-12 03:07:26','2020-02-12 03:07:26'),(6,'blkdem','87.103.199.183',1,'2020-02-17 16:21:43','2020-02-17 16:21:43');
/*!40000 ALTER TABLE `umo_customer_login` ENABLE KEYS */;
UNLOCK TABLES;

--
-- Table structure for table `umo_customer_online`
--

DROP TABLE IF EXISTS `umo_customer_online`;
/*!40101 SET @saved_cs_client     = @@character_set_client */;
/*!40101 SET character_set_client = utf8 */;
CREATE TABLE `umo_customer_online` (
  `ip` varchar(40) NOT NULL,
  `customer_id` int(11) NOT NULL,
  `url` text NOT NULL,
  `referer` text NOT NULL,
  `date_added` datetime NOT NULL,
  PRIMARY KEY (`ip`)
) ENGINE=MyISAM DEFAULT CHARSET=utf8;
/*!40101 SET character_set_client = @saved_cs_client */;

--
-- Dumping data for table `umo_customer_online`
--

LOCK TABLES `umo_customer_online` WRITE;
/*!40000 ALTER TABLE `umo_customer_online` DISABLE KEYS */;
/*!40000 ALTER TABLE `umo_customer_online` ENABLE KEYS */;
UNLOCK TABLES;

--
-- Table structure for table `umo_customer_reward`
--

DROP TABLE IF EXISTS `umo_customer_reward`;
/*!40101 SET @saved_cs_client     = @@character_set_client */;
/*!40101 SET character_set_client = utf8 */;
CREATE TABLE `umo_customer_reward` (
  `customer_reward_id` int(11) NOT NULL AUTO_INCREMENT,
  `customer_id` int(11) NOT NULL DEFAULT '0',
  `order_id` int(11) NOT NULL DEFAULT '0',
  `description` text NOT NULL,
  `points` int(8) NOT NULL DEFAULT '0',
  `date_added` datetime NOT NULL,
  PRIMARY KEY (`customer_reward_id`)
) ENGINE=MyISAM DEFAULT CHARSET=utf8;
/*!40101 SET character_set_client = @saved_cs_client */;

--
-- Dumping data for table `umo_customer_reward`
--

LOCK TABLES `umo_customer_reward` WRITE;
/*!40000 ALTER TABLE `umo_customer_reward` DISABLE KEYS */;
/*!40000 ALTER TABLE `umo_customer_reward` ENABLE KEYS */;
UNLOCK TABLES;

--
-- Table structure for table `umo_customer_search`
--

DROP TABLE IF EXISTS `umo_customer_search`;
/*!40101 SET @saved_cs_client     = @@character_set_client */;
/*!40101 SET character_set_client = utf8 */;
CREATE TABLE `umo_customer_search` (
  `customer_search_id` int(11) NOT NULL AUTO_INCREMENT,
  `store_id` int(11) NOT NULL,
  `language_id` int(11) NOT NULL,
  `customer_id` int(11) NOT NULL,
  `keyword` varchar(255) NOT NULL,
  `category_id` int(11) DEFAULT NULL,
  `sub_category` tinyint(1) NOT NULL,
  `description` tinyint(1) NOT NULL,
  `products` int(11) NOT NULL,
  `ip` varchar(40) NOT NULL,
  `date_added` datetime NOT NULL,
  PRIMARY KEY (`customer_search_id`)
) ENGINE=MyISAM DEFAULT CHARSET=utf8;
/*!40101 SET character_set_client = @saved_cs_client */;

--
-- Dumping data for table `umo_customer_search`
--

LOCK TABLES `umo_customer_search` WRITE;
/*!40000 ALTER TABLE `umo_customer_search` DISABLE KEYS */;
/*!40000 ALTER TABLE `umo_customer_search` ENABLE KEYS */;
UNLOCK TABLES;

--
-- Table structure for table `umo_customer_transaction`
--

DROP TABLE IF EXISTS `umo_customer_transaction`;
/*!40101 SET @saved_cs_client     = @@character_set_client */;
/*!40101 SET character_set_client = utf8 */;
CREATE TABLE `umo_customer_transaction` (
  `customer_transaction_id` int(11) NOT NULL AUTO_INCREMENT,
  `customer_id` int(11) NOT NULL,
  `order_id` int(11) NOT NULL,
  `description` text NOT NULL,
  `amount` decimal(15,4) NOT NULL,
  `date_added` datetime NOT NULL,
  PRIMARY KEY (`customer_transaction_id`)
) ENGINE=MyISAM DEFAULT CHARSET=utf8;
/*!40101 SET character_set_client = @saved_cs_client */;

--
-- Dumping data for table `umo_customer_transaction`
--

LOCK TABLES `umo_customer_transaction` WRITE;
/*!40000 ALTER TABLE `umo_customer_transaction` DISABLE KEYS */;
/*!40000 ALTER TABLE `umo_customer_transaction` ENABLE KEYS */;
UNLOCK TABLES;

--
-- Table structure for table `umo_customer_wishlist`
--

DROP TABLE IF EXISTS `umo_customer_wishlist`;
/*!40101 SET @saved_cs_client     = @@character_set_client */;
/*!40101 SET character_set_client = utf8 */;
CREATE TABLE `umo_customer_wishlist` (
  `customer_id` int(11) NOT NULL,
  `product_id` int(11) NOT NULL,
  `date_added` datetime NOT NULL,
  PRIMARY KEY (`customer_id`,`product_id`)
) ENGINE=MyISAM DEFAULT CHARSET=utf8;
/*!40101 SET character_set_client = @saved_cs_client */;

--
-- Dumping data for table `umo_customer_wishlist`
--

LOCK TABLES `umo_customer_wishlist` WRITE;
/*!40000 ALTER TABLE `umo_customer_wishlist` DISABLE KEYS */;
/*!40000 ALTER TABLE `umo_customer_wishlist` ENABLE KEYS */;
UNLOCK TABLES;

--
-- Table structure for table `umo_download`
--

DROP TABLE IF EXISTS `umo_download`;
/*!40101 SET @saved_cs_client     = @@character_set_client */;
/*!40101 SET character_set_client = utf8 */;
CREATE TABLE `umo_download` (
  `download_id` int(11) NOT NULL AUTO_INCREMENT,
  `filename` varchar(160) NOT NULL,
  `mask` varchar(128) NOT NULL,
  `date_added` datetime NOT NULL,
  PRIMARY KEY (`download_id`)
) ENGINE=MyISAM DEFAULT CHARSET=utf8;
/*!40101 SET character_set_client = @saved_cs_client */;

--
-- Dumping data for table `umo_download`
--

LOCK TABLES `umo_download` WRITE;
/*!40000 ALTER TABLE `umo_download` DISABLE KEYS */;
/*!40000 ALTER TABLE `umo_download` ENABLE KEYS */;
UNLOCK TABLES;

--
-- Table structure for table `umo_download_description`
--

DROP TABLE IF EXISTS `umo_download_description`;
/*!40101 SET @saved_cs_client     = @@character_set_client */;
/*!40101 SET character_set_client = utf8 */;
CREATE TABLE `umo_download_description` (
  `download_id` int(11) NOT NULL,
  `language_id` int(11) NOT NULL,
  `name` varchar(64) NOT NULL,
  PRIMARY KEY (`download_id`,`language_id`)
) ENGINE=MyISAM DEFAULT CHARSET=utf8;
/*!40101 SET character_set_client = @saved_cs_client */;

--
-- Dumping data for table `umo_download_description`
--

LOCK TABLES `umo_download_description` WRITE;
/*!40000 ALTER TABLE `umo_download_description` DISABLE KEYS */;
/*!40000 ALTER TABLE `umo_download_description` ENABLE KEYS */;
UNLOCK TABLES;

--
-- Table structure for table `umo_event`
--

DROP TABLE IF EXISTS `umo_event`;
/*!40101 SET @saved_cs_client     = @@character_set_client */;
/*!40101 SET character_set_client = utf8 */;
CREATE TABLE `umo_event` (
  `event_id` int(11) NOT NULL AUTO_INCREMENT,
  `code` varchar(64) NOT NULL,
  `trigger` text NOT NULL,
  `action` text NOT NULL,
  `status` tinyint(1) NOT NULL,
  `sort_order` int(3) NOT NULL,
  PRIMARY KEY (`event_id`)
) ENGINE=MyISAM AUTO_INCREMENT=35 DEFAULT CHARSET=utf8;
/*!40101 SET character_set_client = @saved_cs_client */;

--
-- Dumping data for table `umo_event`
--

LOCK TABLES `umo_event` WRITE;
/*!40000 ALTER TABLE `umo_event` DISABLE KEYS */;
INSERT INTO `umo_event` VALUES (1,'activity_customer_add','catalog/model/account/customer/addCustomer/after','event/activity/addCustomer',1,0),(2,'activity_customer_edit','catalog/model/account/customer/editCustomer/after','event/activity/editCustomer',1,0),(3,'activity_customer_password','catalog/model/account/customer/editPassword/after','event/activity/editPassword',1,0),(4,'activity_customer_forgotten','catalog/model/account/customer/editCode/after','event/activity/forgotten',1,0),(5,'activity_transaction','catalog/model/account/customer/addTransaction/after','event/activity/addTransaction',1,0),(6,'activity_customer_login','catalog/model/account/customer/deleteLoginAttempts/after','event/activity/login',1,0),(7,'activity_address_add','catalog/model/account/address/addAddress/after','event/activity/addAddress',1,0),(8,'activity_address_edit','catalog/model/account/address/editAddress/after','event/activity/editAddress',1,0),(9,'activity_address_delete','catalog/model/account/address/deleteAddress/after','event/activity/deleteAddress',1,0),(10,'activity_affiliate_add','catalog/model/account/customer/addAffiliate/after','event/activity/addAffiliate',1,0),(11,'activity_affiliate_edit','catalog/model/account/customer/editAffiliate/after','event/activity/editAffiliate',1,0),(12,'activity_order_add','catalog/model/checkout/order/addOrderHistory/before','event/activity/addOrderHistory',1,0),(13,'activity_return_add','catalog/model/account/return/addReturn/after','event/activity/addReturn',1,0),(14,'mail_transaction','catalog/model/account/customer/addTransaction/after','mail/transaction',1,0),(15,'mail_forgotten','catalog/model/account/customer/editCode/after','mail/forgotten',1,0),(16,'mail_customer_add','catalog/model/account/customer/addCustomer/after','mail/register',1,0),(17,'mail_customer_alert','catalog/model/account/customer/addCustomer/after','mail/register/alert',1,0),(18,'mail_affiliate_add','catalog/model/account/customer/addAffiliate/after','mail/affiliate',1,0),(19,'mail_affiliate_alert','catalog/model/account/customer/addAffiliate/after','mail/affiliate/alert',1,0),(20,'mail_voucher','catalog/model/checkout/order/addOrderHistory/after','extension/total/voucher/send',1,0),(21,'mail_order_add','catalog/model/checkout/order/addOrderHistory/before','mail/order',1,0),(22,'mail_order_alert','catalog/model/checkout/order/addOrderHistory/before','mail/order/alert',1,0),(23,'statistics_review_add','catalog/model/catalog/review/addReview/after','event/statistics/addReview',1,0),(24,'statistics_return_add','catalog/model/account/return/addReturn/after','event/statistics/addReturn',1,0),(25,'statistics_order_history','catalog/model/checkout/order/addOrderHistory/after','event/statistics/addOrderHistory',1,0),(26,'admin_mail_affiliate_approve','admin/model/customer/customer_approval/approveAffiliate/after','mail/affiliate/approve',1,0),(27,'admin_mail_affiliate_deny','admin/model/customer/customer_approval/denyAffiliate/after','mail/affiliate/deny',1,0),(28,'admin_mail_customer_approve','admin/model/customer/customer_approval/approveCustomer/after','mail/customer/approve',1,0),(29,'admin_mail_customer_deny','admin/model/customer/customer_approval/denyCustomer/after','mail/customer/deny',1,0),(30,'admin_mail_reward','admin/model/customer/customer/addReward/after','mail/reward',1,0),(31,'admin_mail_transaction','admin/model/customer/customer/addTransaction/after','mail/transaction',1,0),(32,'admin_mail_return','admin/model/sale/return/addReturn/after','mail/return',1,0),(33,'admin_mail_forgotten','admin/model/user/user/editCode/after','mail/forgotten',1,0),(34,'ycms_second_receipt_trigger','catalog/model/checkout/order/addOrderHistory/after','extension/payment/yandex_money/hookOrderStatusChange',1,0);
/*!40000 ALTER TABLE `umo_event` ENABLE KEYS */;
UNLOCK TABLES;

--
-- Table structure for table `umo_extension`
--

DROP TABLE IF EXISTS `umo_extension`;
/*!40101 SET @saved_cs_client     = @@character_set_client */;
/*!40101 SET character_set_client = utf8 */;
CREATE TABLE `umo_extension` (
  `extension_id` int(11) NOT NULL AUTO_INCREMENT,
  `type` varchar(32) NOT NULL,
  `code` varchar(32) NOT NULL,
  PRIMARY KEY (`extension_id`)
) ENGINE=MyISAM AUTO_INCREMENT=58 DEFAULT CHARSET=utf8;
/*!40101 SET character_set_client = @saved_cs_client */;

--
-- Dumping data for table `umo_extension`
--

LOCK TABLES `umo_extension` WRITE;
/*!40000 ALTER TABLE `umo_extension` DISABLE KEYS */;
INSERT INTO `umo_extension` VALUES (54,'shipping','pickup'),(2,'total','shipping'),(3,'total','sub_total'),(4,'total','tax'),(5,'total','total'),(6,'module','banner'),(7,'module','carousel'),(8,'total','credit'),(9,'shipping','flat'),(10,'total','handling'),(11,'total','low_order_fee'),(12,'total','coupon'),(13,'module','category'),(14,'module','account'),(15,'total','reward'),(16,'total','voucher'),(48,'payment','apirone'),(18,'module','featured'),(19,'module','slideshow'),(20,'theme','default'),(21,'dashboard','activity'),(22,'dashboard','sale'),(23,'dashboard','recent'),(24,'dashboard','order'),(25,'dashboard','online'),(26,'dashboard','map'),(27,'dashboard','customer'),(28,'dashboard','chart'),(29,'report','sale_coupon'),(31,'report','customer_search'),(32,'report','customer_transaction'),(33,'report','product_purchased'),(34,'report','product_viewed'),(35,'report','sale_return'),(36,'report','sale_order'),(37,'report','sale_shipping'),(38,'report','sale_tax'),(39,'report','customer_activity'),(40,'report','customer_order'),(41,'report','customer_reward'),(42,'module','blog_latest'),(43,'module','blog_featured'),(44,'module','blog_category'),(45,'module','featured_article'),(46,'module','featured_product'),(47,'payment','yandex_money'),(49,'captcha','google'),(50,'analytics','google'),(51,'payment','pp_standard'),(52,'payment','pp_express'),(53,'module','special'),(55,'shipping','flat2'),(56,'payment','cod'),(57,'module','latest');
/*!40000 ALTER TABLE `umo_extension` ENABLE KEYS */;
UNLOCK TABLES;

--
-- Table structure for table `umo_extension_install`
--

DROP TABLE IF EXISTS `umo_extension_install`;
/*!40101 SET @saved_cs_client     = @@character_set_client */;
/*!40101 SET character_set_client = utf8 */;
CREATE TABLE `umo_extension_install` (
  `extension_install_id` int(11) NOT NULL AUTO_INCREMENT,
  `extension_download_id` int(11) NOT NULL,
  `filename` varchar(255) NOT NULL,
  `date_added` datetime NOT NULL,
  PRIMARY KEY (`extension_install_id`)
) ENGINE=MyISAM AUTO_INCREMENT=6 DEFAULT CHARSET=utf8;
/*!40101 SET character_set_client = @saved_cs_client */;

--
-- Dumping data for table `umo_extension_install`
--

LOCK TABLES `umo_extension_install` WRITE;
/*!40000 ALTER TABLE `umo_extension_install` DISABLE KEYS */;
INSERT INTO `umo_extension_install` VALUES (5,0,'curreencyupdatepatch3001.ocmod.zip','2020-06-16 08:35:19'),(2,0,'ycms2.ocmod.zip','2020-02-04 09:36:34'),(3,0,'apirone-opencart.ocmod.zip','2020-02-04 09:58:47'),(4,0,'crtranslatemate-2.0.1.ocmod.zip','2020-02-16 05:01:14');
/*!40000 ALTER TABLE `umo_extension_install` ENABLE KEYS */;
UNLOCK TABLES;

--
-- Table structure for table `umo_extension_path`
--

DROP TABLE IF EXISTS `umo_extension_path`;
/*!40101 SET @saved_cs_client     = @@character_set_client */;
/*!40101 SET character_set_client = utf8 */;
CREATE TABLE `umo_extension_path` (
  `extension_path_id` int(11) NOT NULL AUTO_INCREMENT,
  `extension_install_id` int(11) NOT NULL,
  `path` varchar(255) NOT NULL,
  `date_added` datetime NOT NULL,
  PRIMARY KEY (`extension_path_id`)
) ENGINE=MyISAM AUTO_INCREMENT=382 DEFAULT CHARSET=utf8;
/*!40101 SET character_set_client = @saved_cs_client */;

--
-- Dumping data for table `umo_extension_path`
--

LOCK TABLES `umo_extension_path` WRITE;
/*!40000 ALTER TABLE `umo_extension_path` DISABLE KEYS */;
INSERT INTO `umo_extension_path` VALUES (1,2,'image/catalog/payment','2020-02-04 09:36:34'),(2,2,'image/catalog/payment/yandex_money','2020-02-04 09:36:34'),(3,2,'admin/controller/extension/payment/yandex_money.php','2020-02-04 09:36:34'),(4,2,'admin/controller/extension/payment/yandex_money_b2b_sberbank.php','2020-02-04 09:36:34'),(5,2,'admin/model/extension/payment/yandex_money','2020-02-04 09:36:34'),(6,2,'admin/model/extension/payment/yandex_money.php','2020-02-04 09:36:34'),(7,2,'catalog/controller/extension/payment/yandex_money.php','2020-02-04 09:36:34'),(8,2,'catalog/controller/extension/payment/yandex_money_b2b_sberbank.php','2020-02-04 09:36:34'),(9,2,'catalog/model/extension/payment/yandex_money','2020-02-04 09:36:34'),(10,2,'catalog/model/extension/payment/yandex_money.php','2020-02-04 09:36:34'),(11,2,'catalog/model/extension/payment/yandex_money_b2b_sberbank.php','2020-02-04 09:36:34'),(12,2,'image/catalog/payment/yandex_money/alfabank.png','2020-02-04 09:36:34'),(13,2,'image/catalog/payment/yandex_money/bank_card.png','2020-02-04 09:36:34'),(14,2,'image/catalog/payment/yandex_money/cash.png','2020-02-04 09:36:34'),(15,2,'image/catalog/payment/yandex_money/installments.png','2020-02-04 09:36:34'),(16,2,'image/catalog/payment/yandex_money/ma.png','2020-02-04 09:36:34'),(17,2,'image/catalog/payment/yandex_money/mobile.png','2020-02-04 09:36:34'),(18,2,'image/catalog/payment/yandex_money/pb.png','2020-02-04 09:36:34'),(19,2,'image/catalog/payment/yandex_money/qiwi.png','2020-02-04 09:36:34'),(20,2,'image/catalog/payment/yandex_money/qp.png','2020-02-04 09:36:34'),(21,2,'image/catalog/payment/yandex_money/sberbank.png','2020-02-04 09:36:34'),(22,2,'image/catalog/payment/yandex_money/tinkoff_bank.png','2020-02-04 09:36:34'),(23,2,'image/catalog/payment/yandex_money/webmoney.png','2020-02-04 09:36:34'),(24,2,'image/catalog/payment/yandex_money/yandex_buttons.png','2020-02-04 09:36:34'),(25,2,'image/catalog/payment/yandex_money/yandex_money.png','2020-02-04 09:36:34'),(26,2,'image/catalog/payment/yandex_money/yandex_money_logo.png','2020-02-04 09:36:34'),(27,2,'admin/language/en-gb/extension/payment/yandex_money.php','2020-02-04 09:36:34'),(28,2,'admin/language/en-gb/extension/payment/yandex_money_b2b_sberbank.php','2020-02-04 09:36:34'),(29,2,'admin/language/ru-ru/extension/payment/yandex_money.php','2020-02-04 09:36:34'),(30,2,'admin/language/ru-ru/extension/payment/yandex_money_b2b_sberbank.php','2020-02-04 09:36:34'),(31,2,'admin/model/extension/payment/yandex_money/Updater','2020-02-04 09:36:34'),(32,2,'admin/model/extension/payment/yandex_money/YandexMoneyBillingModel.php','2020-02-04 09:36:34'),(33,2,'admin/model/extension/payment/yandex_money/YandexMoneyKassaModel.php','2020-02-04 09:36:34'),(34,2,'admin/model/extension/payment/yandex_money/YandexMoneyMarketModel.php','2020-02-04 09:36:34'),(35,2,'admin/model/extension/payment/yandex_money/YandexMoneyMetrikaModel.php','2020-02-04 09:36:34'),(36,2,'admin/model/extension/payment/yandex_money/YandexMoneyWalletModel.php','2020-02-04 09:36:34'),(37,2,'admin/model/extension/payment/yandex_money/opencart-3.map','2020-02-04 09:36:34'),(38,2,'admin/view/template/extension/payment/yandex_money','2020-02-04 09:36:34'),(39,2,'admin/view/template/extension/payment/yandex_money.twig','2020-02-04 09:36:34'),(40,2,'catalog/language/en-gb/extension/payment/yandex_money.php','2020-02-04 09:36:34'),(41,2,'catalog/language/ru-ru/extension/payment/yandex_money.php','2020-02-04 09:36:34'),(42,2,'catalog/model/extension/payment/yandex_money/Model','2020-02-04 09:36:34'),(43,2,'catalog/model/extension/payment/yandex_money/YandexMarket','2020-02-04 09:36:34'),(44,2,'catalog/model/extension/payment/yandex_money/autoload.php','2020-02-04 09:36:34'),(45,2,'catalog/model/extension/payment/yandex_money/yandex-checkout-sdk-php','2020-02-04 09:36:34'),(46,2,'admin/model/extension/payment/yandex_money/Updater/Archive','2020-02-04 09:36:34'),(47,2,'admin/model/extension/payment/yandex_money/Updater/GitHubConnector.php','2020-02-04 09:36:34'),(48,2,'admin/model/extension/payment/yandex_money/Updater/ProjectStructure','2020-02-04 09:36:34'),(49,2,'admin/view/template/extension/payment/yandex_money/billing.twig','2020-02-04 09:36:34'),(50,2,'admin/view/template/extension/payment/yandex_money/capture.twig','2020-02-04 09:36:34'),(51,2,'admin/view/template/extension/payment/yandex_money/invoice_list.twig','2020-02-04 09:36:34'),(52,2,'admin/view/template/extension/payment/yandex_money/invoice_message.twig','2020-02-04 09:36:34'),(53,2,'admin/view/template/extension/payment/yandex_money/kassa.twig','2020-02-04 09:36:34'),(54,2,'admin/view/template/extension/payment/yandex_money/kassa_payments_list.twig','2020-02-04 09:36:34'),(55,2,'admin/view/template/extension/payment/yandex_money/logs.twig','2020-02-04 09:36:34'),(56,2,'admin/view/template/extension/payment/yandex_money/market.twig','2020-02-04 09:36:34'),(57,2,'admin/view/template/extension/payment/yandex_money/metrika.twig','2020-02-04 09:36:34'),(58,2,'admin/view/template/extension/payment/yandex_money/refund.twig','2020-02-04 09:36:34'),(59,2,'admin/view/template/extension/payment/yandex_money/updater.twig','2020-02-04 09:36:34'),(60,2,'admin/view/template/extension/payment/yandex_money/wallet.twig','2020-02-04 09:36:34'),(61,2,'catalog/model/extension/payment/yandex_money/Model/AbstractPaymentModel.php','2020-02-04 09:36:34'),(62,2,'catalog/model/extension/payment/yandex_money/Model/BillingModel.php','2020-02-04 09:36:34'),(63,2,'catalog/model/extension/payment/yandex_money/Model/KassaModel.php','2020-02-04 09:36:34'),(64,2,'catalog/model/extension/payment/yandex_money/Model/KassaSecondReceiptModel.php','2020-02-04 09:36:34'),(65,2,'catalog/model/extension/payment/yandex_money/Model/MarketModel.php','2020-02-04 09:36:34'),(66,2,'catalog/model/extension/payment/yandex_money/Model/WalletModel.php','2020-02-04 09:36:34'),(67,2,'catalog/model/extension/payment/yandex_money/YandexMarket/ArbitraryYmlBuilder.php','2020-02-04 09:36:34'),(68,2,'catalog/model/extension/payment/yandex_money/YandexMarket/CategoryTreeBuilder.php','2020-02-04 09:36:34'),(69,2,'catalog/model/extension/payment/yandex_money/YandexMarket/Currency.php','2020-02-04 09:36:34'),(70,2,'catalog/model/extension/payment/yandex_money/YandexMarket/DeliveryOption.php','2020-02-04 09:36:34'),(71,2,'catalog/model/extension/payment/yandex_money/YandexMarket/MarketObject.php','2020-02-04 09:36:34'),(72,2,'catalog/model/extension/payment/yandex_money/YandexMarket/Offer.php','2020-02-04 09:36:34'),(73,2,'catalog/model/extension/payment/yandex_money/YandexMarket/ParameterList.php','2020-02-04 09:36:34'),(74,2,'catalog/model/extension/payment/yandex_money/YandexMarket/ProductCategory.php','2020-02-04 09:36:34'),(75,2,'catalog/model/extension/payment/yandex_money/YandexMarket/ShopInfo.php','2020-02-04 09:36:34'),(76,2,'catalog/model/extension/payment/yandex_money/YandexMarket/SimpleYmlBuilder.php','2020-02-04 09:36:34'),(77,2,'catalog/model/extension/payment/yandex_money/YandexMarket/YandexMarket.php','2020-02-04 09:36:34'),(78,2,'catalog/model/extension/payment/yandex_money/YandexMarket/YmlBuilder.php','2020-02-04 09:36:34'),(79,2,'catalog/model/extension/payment/yandex_money/yandex-checkout-sdk-php/lib','2020-02-04 09:36:34'),(80,2,'catalog/model/extension/payment/yandex_money/yandex-checkout-sdk-php/vendor','2020-02-04 09:36:34'),(81,2,'admin/model/extension/payment/yandex_money/Updater/Archive/BackupZip.php','2020-02-04 09:36:34'),(82,2,'admin/model/extension/payment/yandex_money/Updater/Archive/RestoreZip.php','2020-02-04 09:36:34'),(83,2,'admin/model/extension/payment/yandex_money/Updater/ProjectStructure/AbstractEntry.php','2020-02-04 09:36:34'),(84,2,'admin/model/extension/payment/yandex_money/Updater/ProjectStructure/DirectoryEntry.php','2020-02-04 09:36:34'),(85,2,'admin/model/extension/payment/yandex_money/Updater/ProjectStructure/DirectoryEntryInterface.php','2020-02-04 09:36:34'),(86,2,'admin/model/extension/payment/yandex_money/Updater/ProjectStructure/EntryInterface.php','2020-02-04 09:36:34'),(87,2,'admin/model/extension/payment/yandex_money/Updater/ProjectStructure/FileEntry.php','2020-02-04 09:36:34'),(88,2,'admin/model/extension/payment/yandex_money/Updater/ProjectStructure/FileEntryInterface.php','2020-02-04 09:36:34'),(89,2,'admin/model/extension/payment/yandex_money/Updater/ProjectStructure/ProjectStructureReader.php','2020-02-04 09:36:34'),(90,2,'admin/model/extension/payment/yandex_money/Updater/ProjectStructure/ProjectStructureWriter.php','2020-02-04 09:36:34'),(91,2,'admin/model/extension/payment/yandex_money/Updater/ProjectStructure/RootDirectory.php','2020-02-04 09:36:34'),(92,2,'catalog/model/extension/payment/yandex_money/yandex-checkout-sdk-php/lib/Client','2020-02-04 09:36:34'),(93,2,'catalog/model/extension/payment/yandex_money/yandex-checkout-sdk-php/lib/Client.php','2020-02-04 09:36:34'),(94,2,'catalog/model/extension/payment/yandex_money/yandex-checkout-sdk-php/lib/Common','2020-02-04 09:36:34'),(95,2,'catalog/model/extension/payment/yandex_money/yandex-checkout-sdk-php/lib/Helpers','2020-02-04 09:36:34'),(96,2,'catalog/model/extension/payment/yandex_money/yandex-checkout-sdk-php/lib/Model','2020-02-04 09:36:34'),(97,2,'catalog/model/extension/payment/yandex_money/yandex-checkout-sdk-php/lib/Request','2020-02-04 09:36:34'),(98,2,'catalog/model/extension/payment/yandex_money/yandex-checkout-sdk-php/lib/autoload.php','2020-02-04 09:36:34'),(99,2,'catalog/model/extension/payment/yandex_money/yandex-checkout-sdk-php/lib/configuration.json','2020-02-04 09:36:34'),(100,2,'catalog/model/extension/payment/yandex_money/yandex-checkout-sdk-php/vendor/psr','2020-02-04 09:36:34'),(101,2,'catalog/view/theme/default/template/extension/payment/yandex_money','2020-02-04 09:36:34'),(102,2,'catalog/view/theme/default/template/extension/payment/yandex_money_failure_status.tpl','2020-02-04 09:36:34'),(103,2,'catalog/view/theme/default/template/extension/payment/yandex_money_success_status.tpl','2020-02-04 09:36:34'),(104,2,'catalog/model/extension/payment/yandex_money/yandex-checkout-sdk-php/lib/Client/ApiClientInterface.php','2020-02-04 09:36:34'),(105,2,'catalog/model/extension/payment/yandex_money/yandex-checkout-sdk-php/lib/Client/BaseClient.php','2020-02-04 09:36:34'),(106,2,'catalog/model/extension/payment/yandex_money/yandex-checkout-sdk-php/lib/Client/CurlClient.php','2020-02-04 09:36:34'),(107,2,'catalog/model/extension/payment/yandex_money/yandex-checkout-sdk-php/lib/Client/StreamClient.php','2020-02-04 09:36:34'),(108,2,'catalog/model/extension/payment/yandex_money/yandex-checkout-sdk-php/lib/Client/UserAgent.php','2020-02-04 09:36:34'),(109,2,'catalog/model/extension/payment/yandex_money/yandex-checkout-sdk-php/lib/Client/YandexMoneyApi.php','2020-02-04 09:36:34'),(110,2,'catalog/model/extension/payment/yandex_money/yandex-checkout-sdk-php/lib/Common/AbstractEnum.php','2020-02-04 09:36:34'),(111,2,'catalog/model/extension/payment/yandex_money/yandex-checkout-sdk-php/lib/Common/AbstractObject.php','2020-02-04 09:36:34'),(112,2,'catalog/model/extension/payment/yandex_money/yandex-checkout-sdk-php/lib/Common/AbstractPaymentRequest.php','2020-02-04 09:36:34'),(113,2,'catalog/model/extension/payment/yandex_money/yandex-checkout-sdk-php/lib/Common/AbstractPaymentRequestBuilder.php','2020-02-04 09:36:34'),(114,2,'catalog/model/extension/payment/yandex_money/yandex-checkout-sdk-php/lib/Common/AbstractRequest.php','2020-02-04 09:36:34'),(115,2,'catalog/model/extension/payment/yandex_money/yandex-checkout-sdk-php/lib/Common/AbstractRequestBuilder.php','2020-02-04 09:36:34'),(116,2,'catalog/model/extension/payment/yandex_money/yandex-checkout-sdk-php/lib/Common/Exceptions','2020-02-04 09:36:34'),(117,2,'catalog/model/extension/payment/yandex_money/yandex-checkout-sdk-php/lib/Common/HttpVerb.php','2020-02-04 09:36:34'),(118,2,'catalog/model/extension/payment/yandex_money/yandex-checkout-sdk-php/lib/Common/LoggerWrapper.php','2020-02-04 09:36:34'),(119,2,'catalog/model/extension/payment/yandex_money/yandex-checkout-sdk-php/lib/Common/RequestObjectInterface.php','2020-02-04 09:36:34'),(120,2,'catalog/model/extension/payment/yandex_money/yandex-checkout-sdk-php/lib/Common/ResponseObject.php','2020-02-04 09:36:34'),(121,2,'catalog/model/extension/payment/yandex_money/yandex-checkout-sdk-php/lib/Common/legacy_json_serializable.php','2020-02-04 09:36:34'),(122,2,'catalog/model/extension/payment/yandex_money/yandex-checkout-sdk-php/lib/Helpers/Config','2020-02-04 09:36:34'),(123,2,'catalog/model/extension/payment/yandex_money/yandex-checkout-sdk-php/lib/Helpers/Random.php','2020-02-04 09:36:34'),(124,2,'catalog/model/extension/payment/yandex_money/yandex-checkout-sdk-php/lib/Helpers/RawHeadersParser.php','2020-02-04 09:36:34'),(125,2,'catalog/model/extension/payment/yandex_money/yandex-checkout-sdk-php/lib/Helpers/StringObject.php','2020-02-04 09:36:34'),(126,2,'catalog/model/extension/payment/yandex_money/yandex-checkout-sdk-php/lib/Helpers/TypeCast.php','2020-02-04 09:36:34'),(127,2,'catalog/model/extension/payment/yandex_money/yandex-checkout-sdk-php/lib/Helpers/UUID.php','2020-02-04 09:36:34'),(128,2,'catalog/model/extension/payment/yandex_money/yandex-checkout-sdk-php/lib/Model/Airline.php','2020-02-04 09:36:34'),(129,2,'catalog/model/extension/payment/yandex_money/yandex-checkout-sdk-php/lib/Model/AirlineInterface.php','2020-02-04 09:36:34'),(130,2,'catalog/model/extension/payment/yandex_money/yandex-checkout-sdk-php/lib/Model/AmountInterface.php','2020-02-04 09:36:34'),(131,2,'catalog/model/extension/payment/yandex_money/yandex-checkout-sdk-php/lib/Model/AuthorizationDetails.php','2020-02-04 09:36:34'),(132,2,'catalog/model/extension/payment/yandex_money/yandex-checkout-sdk-php/lib/Model/AuthorizationDetailsInterface.php','2020-02-04 09:36:34'),(133,2,'catalog/model/extension/payment/yandex_money/yandex-checkout-sdk-php/lib/Model/CancellationDetails.php','2020-02-04 09:36:34'),(134,2,'catalog/model/extension/payment/yandex_money/yandex-checkout-sdk-php/lib/Model/CancellationDetailsInterface.php','2020-02-04 09:36:34'),(135,2,'catalog/model/extension/payment/yandex_money/yandex-checkout-sdk-php/lib/Model/CancellationDetailsPartyCode.php','2020-02-04 09:36:34'),(136,2,'catalog/model/extension/payment/yandex_money/yandex-checkout-sdk-php/lib/Model/CancellationDetailsReasonCode.php','2020-02-04 09:36:34'),(137,2,'catalog/model/extension/payment/yandex_money/yandex-checkout-sdk-php/lib/Model/Confirmation','2020-02-04 09:36:34'),(138,2,'catalog/model/extension/payment/yandex_money/yandex-checkout-sdk-php/lib/Model/ConfirmationAttributes','2020-02-04 09:36:34'),(139,2,'catalog/model/extension/payment/yandex_money/yandex-checkout-sdk-php/lib/Model/ConfirmationType.php','2020-02-04 09:36:34'),(140,2,'catalog/model/extension/payment/yandex_money/yandex-checkout-sdk-php/lib/Model/CurrencyCode.php','2020-02-04 09:36:34'),(141,2,'catalog/model/extension/payment/yandex_money/yandex-checkout-sdk-php/lib/Model/Leg.php','2020-02-04 09:36:34'),(142,2,'catalog/model/extension/payment/yandex_money/yandex-checkout-sdk-php/lib/Model/LegInterface.php','2020-02-04 09:36:34'),(143,2,'catalog/model/extension/payment/yandex_money/yandex-checkout-sdk-php/lib/Model/Metadata.php','2020-02-04 09:36:34'),(144,2,'catalog/model/extension/payment/yandex_money/yandex-checkout-sdk-php/lib/Model/MonetaryAmount.php','2020-02-04 09:36:34'),(145,2,'catalog/model/extension/payment/yandex_money/yandex-checkout-sdk-php/lib/Model/Notification','2020-02-04 09:36:34'),(146,2,'catalog/model/extension/payment/yandex_money/yandex-checkout-sdk-php/lib/Model/NotificationEventType.php','2020-02-04 09:36:34'),(147,2,'catalog/model/extension/payment/yandex_money/yandex-checkout-sdk-php/lib/Model/NotificationType.php','2020-02-04 09:36:34'),(148,2,'catalog/model/extension/payment/yandex_money/yandex-checkout-sdk-php/lib/Model/Order.php','2020-02-04 09:36:34'),(149,2,'catalog/model/extension/payment/yandex_money/yandex-checkout-sdk-php/lib/Model/OrderInterface.php','2020-02-04 09:36:34'),(150,2,'catalog/model/extension/payment/yandex_money/yandex-checkout-sdk-php/lib/Model/Passenger.php','2020-02-04 09:36:34'),(151,2,'catalog/model/extension/payment/yandex_money/yandex-checkout-sdk-php/lib/Model/PassengerInterface.php','2020-02-04 09:36:34'),(152,2,'catalog/model/extension/payment/yandex_money/yandex-checkout-sdk-php/lib/Model/Payment.php','2020-02-04 09:36:34'),(153,2,'catalog/model/extension/payment/yandex_money/yandex-checkout-sdk-php/lib/Model/PaymentData','2020-02-04 09:36:34'),(154,2,'catalog/model/extension/payment/yandex_money/yandex-checkout-sdk-php/lib/Model/PaymentError.php','2020-02-04 09:36:34'),(155,2,'catalog/model/extension/payment/yandex_money/yandex-checkout-sdk-php/lib/Model/PaymentErrorCode.php','2020-02-04 09:36:34'),(156,2,'catalog/model/extension/payment/yandex_money/yandex-checkout-sdk-php/lib/Model/PaymentErrorInterface.php','2020-02-04 09:36:34'),(157,2,'catalog/model/extension/payment/yandex_money/yandex-checkout-sdk-php/lib/Model/PaymentInterface.php','2020-02-04 09:36:34'),(158,2,'catalog/model/extension/payment/yandex_money/yandex-checkout-sdk-php/lib/Model/PaymentMethod','2020-02-04 09:36:34'),(159,2,'catalog/model/extension/payment/yandex_money/yandex-checkout-sdk-php/lib/Model/PaymentMethodType.php','2020-02-04 09:36:34'),(160,2,'catalog/model/extension/payment/yandex_money/yandex-checkout-sdk-php/lib/Model/PaymentStatus.php','2020-02-04 09:36:34'),(161,2,'catalog/model/extension/payment/yandex_money/yandex-checkout-sdk-php/lib/Model/Receipt','2020-02-04 09:36:34'),(162,2,'catalog/model/extension/payment/yandex_money/yandex-checkout-sdk-php/lib/Model/Receipt.php','2020-02-04 09:36:34'),(163,2,'catalog/model/extension/payment/yandex_money/yandex-checkout-sdk-php/lib/Model/ReceiptCustomer.php','2020-02-04 09:36:34'),(164,2,'catalog/model/extension/payment/yandex_money/yandex-checkout-sdk-php/lib/Model/ReceiptCustomerInterface.php','2020-02-04 09:36:34'),(165,2,'catalog/model/extension/payment/yandex_money/yandex-checkout-sdk-php/lib/Model/ReceiptInterface.php','2020-02-04 09:36:34'),(166,2,'catalog/model/extension/payment/yandex_money/yandex-checkout-sdk-php/lib/Model/ReceiptItem.php','2020-02-04 09:36:34'),(167,2,'catalog/model/extension/payment/yandex_money/yandex-checkout-sdk-php/lib/Model/ReceiptItemInterface.php','2020-02-04 09:36:34'),(168,2,'catalog/model/extension/payment/yandex_money/yandex-checkout-sdk-php/lib/Model/ReceiptRegistrationStatus.php','2020-02-04 09:36:34'),(169,2,'catalog/model/extension/payment/yandex_money/yandex-checkout-sdk-php/lib/Model/ReceiptType.php','2020-02-04 09:36:34'),(170,2,'catalog/model/extension/payment/yandex_money/yandex-checkout-sdk-php/lib/Model/Recipient.php','2020-02-04 09:36:34'),(171,2,'catalog/model/extension/payment/yandex_money/yandex-checkout-sdk-php/lib/Model/RecipientInterface.php','2020-02-04 09:36:34'),(172,2,'catalog/model/extension/payment/yandex_money/yandex-checkout-sdk-php/lib/Model/Refund.php','2020-02-04 09:36:34'),(173,2,'catalog/model/extension/payment/yandex_money/yandex-checkout-sdk-php/lib/Model/RefundError.php','2020-02-04 09:36:34'),(174,2,'catalog/model/extension/payment/yandex_money/yandex-checkout-sdk-php/lib/Model/RefundErrorInterface.php','2020-02-04 09:36:34'),(175,2,'catalog/model/extension/payment/yandex_money/yandex-checkout-sdk-php/lib/Model/RefundInterface.php','2020-02-04 09:36:34'),(176,2,'catalog/model/extension/payment/yandex_money/yandex-checkout-sdk-php/lib/Model/RefundStatus.php','2020-02-04 09:36:34'),(177,2,'catalog/model/extension/payment/yandex_money/yandex-checkout-sdk-php/lib/Model/Settlement.php','2020-02-04 09:36:34'),(178,2,'catalog/model/extension/payment/yandex_money/yandex-checkout-sdk-php/lib/Model/SettlementInterface.php','2020-02-04 09:36:34'),(179,2,'catalog/model/extension/payment/yandex_money/yandex-checkout-sdk-php/lib/Model/Status.php','2020-02-04 09:36:34'),(180,2,'catalog/model/extension/payment/yandex_money/yandex-checkout-sdk-php/lib/Model/Webhook','2020-02-04 09:36:34'),(181,2,'catalog/model/extension/payment/yandex_money/yandex-checkout-sdk-php/lib/Request/PaymentOptionsRequest.php','2020-02-04 09:36:34'),(182,2,'catalog/model/extension/payment/yandex_money/yandex-checkout-sdk-php/lib/Request/PaymentOptionsRequestBuilder.php','2020-02-04 09:36:34'),(183,2,'catalog/model/extension/payment/yandex_money/yandex-checkout-sdk-php/lib/Request/PaymentOptionsRequestInterface.php','2020-02-04 09:36:34'),(184,2,'catalog/model/extension/payment/yandex_money/yandex-checkout-sdk-php/lib/Request/PaymentOptionsRequestSerializer.php','2020-02-04 09:36:34'),(185,2,'catalog/model/extension/payment/yandex_money/yandex-checkout-sdk-php/lib/Request/PaymentOptionsResponse.php','2020-02-04 09:36:34'),(186,2,'catalog/model/extension/payment/yandex_money/yandex-checkout-sdk-php/lib/Request/PaymentOptionsResponseItem.php','2020-02-04 09:36:34'),(187,2,'catalog/model/extension/payment/yandex_money/yandex-checkout-sdk-php/lib/Request/Payments','2020-02-04 09:36:34'),(188,2,'catalog/model/extension/payment/yandex_money/yandex-checkout-sdk-php/lib/Request/Receipts','2020-02-04 09:36:34'),(189,2,'catalog/model/extension/payment/yandex_money/yandex-checkout-sdk-php/lib/Request/Refunds','2020-02-04 09:36:34'),(190,2,'catalog/model/extension/payment/yandex_money/yandex-checkout-sdk-php/lib/Request/StateUnknownResponse.php','2020-02-04 09:36:34'),(191,2,'catalog/model/extension/payment/yandex_money/yandex-checkout-sdk-php/lib/Request/Webhook','2020-02-04 09:36:34'),(192,2,'catalog/model/extension/payment/yandex_money/yandex-checkout-sdk-php/vendor/psr/log','2020-02-04 09:36:34'),(193,2,'catalog/view/theme/default/template/extension/payment/yandex_money/billing_form.twig','2020-02-04 09:36:34'),(194,2,'catalog/view/theme/default/template/extension/payment/yandex_money/kassa_form.twig','2020-02-04 09:36:34'),(195,2,'catalog/view/theme/default/template/extension/payment/yandex_money/kassa_form_b2b.twig','2020-02-04 09:36:34'),(196,2,'catalog/view/theme/default/template/extension/payment/yandex_money/wallet_form.twig','2020-02-04 09:36:34'),(197,2,'catalog/model/extension/payment/yandex_money/yandex-checkout-sdk-php/lib/Common/Exceptions/ApiConnectionException.php','2020-02-04 09:36:34'),(198,2,'catalog/model/extension/payment/yandex_money/yandex-checkout-sdk-php/lib/Common/Exceptions/ApiException.php','2020-02-04 09:36:34'),(199,2,'catalog/model/extension/payment/yandex_money/yandex-checkout-sdk-php/lib/Common/Exceptions/AuthorizeException.php','2020-02-04 09:36:34'),(200,2,'catalog/model/extension/payment/yandex_money/yandex-checkout-sdk-php/lib/Common/Exceptions/BadApiRequestException.php','2020-02-04 09:36:34'),(201,2,'catalog/model/extension/payment/yandex_money/yandex-checkout-sdk-php/lib/Common/Exceptions/EmptyPropertyValueException.php','2020-02-04 09:36:34'),(202,2,'catalog/model/extension/payment/yandex_money/yandex-checkout-sdk-php/lib/Common/Exceptions/ExtensionNotFoundException.php','2020-02-04 09:36:34'),(203,2,'catalog/model/extension/payment/yandex_money/yandex-checkout-sdk-php/lib/Common/Exceptions/ForbiddenException.php','2020-02-04 09:36:34'),(204,2,'catalog/model/extension/payment/yandex_money/yandex-checkout-sdk-php/lib/Common/Exceptions/InternalServerError.php','2020-02-04 09:36:34'),(205,2,'catalog/model/extension/payment/yandex_money/yandex-checkout-sdk-php/lib/Common/Exceptions/InvalidPropertyException.php','2020-02-04 09:36:34'),(206,2,'catalog/model/extension/payment/yandex_money/yandex-checkout-sdk-php/lib/Common/Exceptions/InvalidPropertyValueException.php','2020-02-04 09:36:34'),(207,2,'catalog/model/extension/payment/yandex_money/yandex-checkout-sdk-php/lib/Common/Exceptions/InvalidPropertyValueTypeException.php','2020-02-04 09:36:34'),(208,2,'catalog/model/extension/payment/yandex_money/yandex-checkout-sdk-php/lib/Common/Exceptions/InvalidRequestException.php','2020-02-04 09:36:34'),(209,2,'catalog/model/extension/payment/yandex_money/yandex-checkout-sdk-php/lib/Common/Exceptions/JsonException.php','2020-02-04 09:36:34'),(210,2,'catalog/model/extension/payment/yandex_money/yandex-checkout-sdk-php/lib/Common/Exceptions/NotFoundException.php','2020-02-04 09:36:34'),(211,2,'catalog/model/extension/payment/yandex_money/yandex-checkout-sdk-php/lib/Common/Exceptions/ResponseProcessingException.php','2020-02-04 09:36:34'),(212,2,'catalog/model/extension/payment/yandex_money/yandex-checkout-sdk-php/lib/Common/Exceptions/TechnicalError.php','2020-02-04 09:36:34'),(213,2,'catalog/model/extension/payment/yandex_money/yandex-checkout-sdk-php/lib/Common/Exceptions/TooManyRequestsException.php','2020-02-04 09:36:34'),(214,2,'catalog/model/extension/payment/yandex_money/yandex-checkout-sdk-php/lib/Common/Exceptions/UnauthorizedException.php','2020-02-04 09:36:34'),(215,2,'catalog/model/extension/payment/yandex_money/yandex-checkout-sdk-php/lib/Helpers/Config/ConfigurationLoader.php','2020-02-04 09:36:34'),(216,2,'catalog/model/extension/payment/yandex_money/yandex-checkout-sdk-php/lib/Helpers/Config/ConfigurationLoaderInterface.php','2020-02-04 09:36:34'),(217,2,'catalog/model/extension/payment/yandex_money/yandex-checkout-sdk-php/lib/Model/Confirmation/AbstractConfirmation.php','2020-02-04 09:36:34'),(218,2,'catalog/model/extension/payment/yandex_money/yandex-checkout-sdk-php/lib/Model/Confirmation/ConfirmationCodeVerification.php','2020-02-04 09:36:34'),(219,2,'catalog/model/extension/payment/yandex_money/yandex-checkout-sdk-php/lib/Model/Confirmation/ConfirmationDeepLink.php','2020-02-04 09:36:34'),(220,2,'catalog/model/extension/payment/yandex_money/yandex-checkout-sdk-php/lib/Model/Confirmation/ConfirmationEmbedded.php','2020-02-04 09:36:34'),(221,2,'catalog/model/extension/payment/yandex_money/yandex-checkout-sdk-php/lib/Model/Confirmation/ConfirmationExternal.php','2020-02-04 09:36:34'),(222,2,'catalog/model/extension/payment/yandex_money/yandex-checkout-sdk-php/lib/Model/Confirmation/ConfirmationFactory.php','2020-02-04 09:36:34'),(223,2,'catalog/model/extension/payment/yandex_money/yandex-checkout-sdk-php/lib/Model/Confirmation/ConfirmationQr.php','2020-02-04 09:36:34'),(224,2,'catalog/model/extension/payment/yandex_money/yandex-checkout-sdk-php/lib/Model/Confirmation/ConfirmationRedirect.php','2020-02-04 09:36:34'),(225,2,'catalog/model/extension/payment/yandex_money/yandex-checkout-sdk-php/lib/Model/ConfirmationAttributes/AbstractConfirmationAttributes.php','2020-02-04 09:36:34'),(226,2,'catalog/model/extension/payment/yandex_money/yandex-checkout-sdk-php/lib/Model/ConfirmationAttributes/ConfirmationAttributesCodeVerification.php','2020-02-04 09:36:34'),(227,2,'catalog/model/extension/payment/yandex_money/yandex-checkout-sdk-php/lib/Model/ConfirmationAttributes/ConfirmationAttributesDeepLink.php','2020-02-04 09:36:34'),(228,2,'catalog/model/extension/payment/yandex_money/yandex-checkout-sdk-php/lib/Model/ConfirmationAttributes/ConfirmationAttributesEmbedded.php','2020-02-04 09:36:34'),(229,2,'catalog/model/extension/payment/yandex_money/yandex-checkout-sdk-php/lib/Model/ConfirmationAttributes/ConfirmationAttributesExternal.php','2020-02-04 09:36:34'),(230,2,'catalog/model/extension/payment/yandex_money/yandex-checkout-sdk-php/lib/Model/ConfirmationAttributes/ConfirmationAttributesFactory.php','2020-02-04 09:36:34'),(231,2,'catalog/model/extension/payment/yandex_money/yandex-checkout-sdk-php/lib/Model/ConfirmationAttributes/ConfirmationAttributesQr.php','2020-02-04 09:36:34'),(232,2,'catalog/model/extension/payment/yandex_money/yandex-checkout-sdk-php/lib/Model/ConfirmationAttributes/ConfirmationAttributesRedirect.php','2020-02-04 09:36:34'),(233,2,'catalog/model/extension/payment/yandex_money/yandex-checkout-sdk-php/lib/Model/Notification/AbstractNotification.php','2020-02-04 09:36:34'),(234,2,'catalog/model/extension/payment/yandex_money/yandex-checkout-sdk-php/lib/Model/Notification/NotificationCanceled.php','2020-02-04 09:36:34'),(235,2,'catalog/model/extension/payment/yandex_money/yandex-checkout-sdk-php/lib/Model/Notification/NotificationFactory.php','2020-02-04 09:36:34'),(236,2,'catalog/model/extension/payment/yandex_money/yandex-checkout-sdk-php/lib/Model/Notification/NotificationRefundSucceeded.php','2020-02-04 09:36:34'),(237,2,'catalog/model/extension/payment/yandex_money/yandex-checkout-sdk-php/lib/Model/Notification/NotificationSucceeded.php','2020-02-04 09:36:34'),(238,2,'catalog/model/extension/payment/yandex_money/yandex-checkout-sdk-php/lib/Model/Notification/NotificationWaitingForCapture.php','2020-02-04 09:36:34'),(239,2,'catalog/model/extension/payment/yandex_money/yandex-checkout-sdk-php/lib/Model/PaymentData/AbstractPaymentData.php','2020-02-04 09:36:34'),(240,2,'catalog/model/extension/payment/yandex_money/yandex-checkout-sdk-php/lib/Model/PaymentData/B2b','2020-02-04 09:36:34'),(241,2,'catalog/model/extension/payment/yandex_money/yandex-checkout-sdk-php/lib/Model/PaymentData/PaymentDataAlfabank.php','2020-02-04 09:36:34'),(242,2,'catalog/model/extension/payment/yandex_money/yandex-checkout-sdk-php/lib/Model/PaymentData/PaymentDataAndroidPay.php','2020-02-04 09:36:34'),(243,2,'catalog/model/extension/payment/yandex_money/yandex-checkout-sdk-php/lib/Model/PaymentData/PaymentDataApplePay.php','2020-02-04 09:36:34'),(244,2,'catalog/model/extension/payment/yandex_money/yandex-checkout-sdk-php/lib/Model/PaymentData/PaymentDataB2bSberbank.php','2020-02-04 09:36:34'),(245,2,'catalog/model/extension/payment/yandex_money/yandex-checkout-sdk-php/lib/Model/PaymentData/PaymentDataBankCard.php','2020-02-04 09:36:34'),(246,2,'catalog/model/extension/payment/yandex_money/yandex-checkout-sdk-php/lib/Model/PaymentData/PaymentDataBankCardCard.php','2020-02-04 09:36:34'),(247,2,'catalog/model/extension/payment/yandex_money/yandex-checkout-sdk-php/lib/Model/PaymentData/PaymentDataCash.php','2020-02-04 09:36:34'),(248,2,'catalog/model/extension/payment/yandex_money/yandex-checkout-sdk-php/lib/Model/PaymentData/PaymentDataFactory.php','2020-02-04 09:36:34'),(249,2,'catalog/model/extension/payment/yandex_money/yandex-checkout-sdk-php/lib/Model/PaymentData/PaymentDataGooglePay.php','2020-02-04 09:36:34'),(250,2,'catalog/model/extension/payment/yandex_money/yandex-checkout-sdk-php/lib/Model/PaymentData/PaymentDataInstallments.php','2020-02-04 09:36:34'),(251,2,'catalog/model/extension/payment/yandex_money/yandex-checkout-sdk-php/lib/Model/PaymentData/PaymentDataMobileBalance.php','2020-02-04 09:36:34'),(252,2,'catalog/model/extension/payment/yandex_money/yandex-checkout-sdk-php/lib/Model/PaymentData/PaymentDataQiwi.php','2020-02-04 09:36:34'),(253,2,'catalog/model/extension/payment/yandex_money/yandex-checkout-sdk-php/lib/Model/PaymentData/PaymentDataSberbank.php','2020-02-04 09:36:34'),(254,2,'catalog/model/extension/payment/yandex_money/yandex-checkout-sdk-php/lib/Model/PaymentData/PaymentDataTinkoffBank.php','2020-02-04 09:36:34'),(255,2,'catalog/model/extension/payment/yandex_money/yandex-checkout-sdk-php/lib/Model/PaymentData/PaymentDataWebmoney.php','2020-02-04 09:36:34'),(256,2,'catalog/model/extension/payment/yandex_money/yandex-checkout-sdk-php/lib/Model/PaymentData/PaymentDataWechat.php','2020-02-04 09:36:34'),(257,2,'catalog/model/extension/payment/yandex_money/yandex-checkout-sdk-php/lib/Model/PaymentData/PaymentDataYandexWallet.php','2020-02-04 09:36:34'),(258,2,'catalog/model/extension/payment/yandex_money/yandex-checkout-sdk-php/lib/Model/PaymentMethod/AbstractPaymentMethod.php','2020-02-04 09:36:34'),(259,2,'catalog/model/extension/payment/yandex_money/yandex-checkout-sdk-php/lib/Model/PaymentMethod/B2b','2020-02-04 09:36:34'),(260,2,'catalog/model/extension/payment/yandex_money/yandex-checkout-sdk-php/lib/Model/PaymentMethod/PaymentMethodAlfaBank.php','2020-02-04 09:36:34'),(261,2,'catalog/model/extension/payment/yandex_money/yandex-checkout-sdk-php/lib/Model/PaymentMethod/PaymentMethodAndroidPay.php','2020-02-04 09:36:34'),(262,2,'catalog/model/extension/payment/yandex_money/yandex-checkout-sdk-php/lib/Model/PaymentMethod/PaymentMethodApplePay.php','2020-02-04 09:36:34'),(263,2,'catalog/model/extension/payment/yandex_money/yandex-checkout-sdk-php/lib/Model/PaymentMethod/PaymentMethodB2bSberbank.php','2020-02-04 09:36:34'),(264,2,'catalog/model/extension/payment/yandex_money/yandex-checkout-sdk-php/lib/Model/PaymentMethod/PaymentMethodBankCard.php','2020-02-04 09:36:34'),(265,2,'catalog/model/extension/payment/yandex_money/yandex-checkout-sdk-php/lib/Model/PaymentMethod/PaymentMethodCardType.php','2020-02-04 09:36:34'),(266,2,'catalog/model/extension/payment/yandex_money/yandex-checkout-sdk-php/lib/Model/PaymentMethod/PaymentMethodCash.php','2020-02-04 09:36:34'),(267,2,'catalog/model/extension/payment/yandex_money/yandex-checkout-sdk-php/lib/Model/PaymentMethod/PaymentMethodFactory.php','2020-02-04 09:36:34'),(268,2,'catalog/model/extension/payment/yandex_money/yandex-checkout-sdk-php/lib/Model/PaymentMethod/PaymentMethodGooglePay.php','2020-02-04 09:36:34'),(269,2,'catalog/model/extension/payment/yandex_money/yandex-checkout-sdk-php/lib/Model/PaymentMethod/PaymentMethodInstallments.php','2020-02-04 09:36:34'),(270,2,'catalog/model/extension/payment/yandex_money/yandex-checkout-sdk-php/lib/Model/PaymentMethod/PaymentMethodMobileBalance.php','2020-02-04 09:36:34'),(271,2,'catalog/model/extension/payment/yandex_money/yandex-checkout-sdk-php/lib/Model/PaymentMethod/PaymentMethodPsb.php','2020-02-04 09:36:34'),(272,2,'catalog/model/extension/payment/yandex_money/yandex-checkout-sdk-php/lib/Model/PaymentMethod/PaymentMethodQiwi.php','2020-02-04 09:36:34'),(273,2,'catalog/model/extension/payment/yandex_money/yandex-checkout-sdk-php/lib/Model/PaymentMethod/PaymentMethodSberbank.php','2020-02-04 09:36:34'),(274,2,'catalog/model/extension/payment/yandex_money/yandex-checkout-sdk-php/lib/Model/PaymentMethod/PaymentMethodTinkoffBank.php','2020-02-04 09:36:34'),(275,2,'catalog/model/extension/payment/yandex_money/yandex-checkout-sdk-php/lib/Model/PaymentMethod/PaymentMethodWebmoney.php','2020-02-04 09:36:34'),(276,2,'catalog/model/extension/payment/yandex_money/yandex-checkout-sdk-php/lib/Model/PaymentMethod/PaymentMethodWechat.php','2020-02-04 09:36:34'),(277,2,'catalog/model/extension/payment/yandex_money/yandex-checkout-sdk-php/lib/Model/PaymentMethod/PaymentMethodYandexWallet.php','2020-02-04 09:36:34'),(278,2,'catalog/model/extension/payment/yandex_money/yandex-checkout-sdk-php/lib/Model/Receipt/PaymentMode.php','2020-02-04 09:36:34'),(279,2,'catalog/model/extension/payment/yandex_money/yandex-checkout-sdk-php/lib/Model/Receipt/PaymentSubject.php','2020-02-04 09:36:34'),(280,2,'catalog/model/extension/payment/yandex_money/yandex-checkout-sdk-php/lib/Model/Receipt/ReceiptItemAmount.php','2020-02-04 09:36:34'),(281,2,'catalog/model/extension/payment/yandex_money/yandex-checkout-sdk-php/lib/Model/Receipt/SettlementType.php','2020-02-04 09:36:34'),(282,2,'catalog/model/extension/payment/yandex_money/yandex-checkout-sdk-php/lib/Model/Webhook/Webhook.php','2020-02-04 09:36:34'),(283,2,'catalog/model/extension/payment/yandex_money/yandex-checkout-sdk-php/lib/Request/Payments/AbstractPaymentResponse.php','2020-02-04 09:36:34'),(284,2,'catalog/model/extension/payment/yandex_money/yandex-checkout-sdk-php/lib/Request/Payments/CreatePaymentRequest.php','2020-02-04 09:36:34'),(285,2,'catalog/model/extension/payment/yandex_money/yandex-checkout-sdk-php/lib/Request/Payments/CreatePaymentRequestBuilder.php','2020-02-04 09:36:34'),(286,2,'catalog/model/extension/payment/yandex_money/yandex-checkout-sdk-php/lib/Request/Payments/CreatePaymentRequestInterface.php','2020-02-04 09:36:34'),(287,2,'catalog/model/extension/payment/yandex_money/yandex-checkout-sdk-php/lib/Request/Payments/CreatePaymentRequestSerializer.php','2020-02-04 09:36:34'),(288,2,'catalog/model/extension/payment/yandex_money/yandex-checkout-sdk-php/lib/Request/Payments/CreatePaymentResponse.php','2020-02-04 09:36:34'),(289,2,'catalog/model/extension/payment/yandex_money/yandex-checkout-sdk-php/lib/Request/Payments/Payment','2020-02-04 09:36:34'),(290,2,'catalog/model/extension/payment/yandex_money/yandex-checkout-sdk-php/lib/Request/Payments/PaymentResponse.php','2020-02-04 09:36:34'),(291,2,'catalog/model/extension/payment/yandex_money/yandex-checkout-sdk-php/lib/Request/Payments/PaymentsRequest.php','2020-02-04 09:36:34'),(292,2,'catalog/model/extension/payment/yandex_money/yandex-checkout-sdk-php/lib/Request/Payments/PaymentsRequestBuilder.php','2020-02-04 09:36:34'),(293,2,'catalog/model/extension/payment/yandex_money/yandex-checkout-sdk-php/lib/Request/Payments/PaymentsRequestInterface.php','2020-02-04 09:36:34'),(294,2,'catalog/model/extension/payment/yandex_money/yandex-checkout-sdk-php/lib/Request/Payments/PaymentsRequestSerializer.php','2020-02-04 09:36:34'),(295,2,'catalog/model/extension/payment/yandex_money/yandex-checkout-sdk-php/lib/Request/Payments/PaymentsResponse.php','2020-02-04 09:36:34'),(296,2,'catalog/model/extension/payment/yandex_money/yandex-checkout-sdk-php/lib/Request/Receipts/AbstractReceiptResponse.php','2020-02-04 09:36:34'),(297,2,'catalog/model/extension/payment/yandex_money/yandex-checkout-sdk-php/lib/Request/Receipts/CreatePostReceiptRequest.php','2020-02-04 09:36:34'),(298,2,'catalog/model/extension/payment/yandex_money/yandex-checkout-sdk-php/lib/Request/Receipts/CreatePostReceiptRequestBuilder.php','2020-02-04 09:36:34'),(299,2,'catalog/model/extension/payment/yandex_money/yandex-checkout-sdk-php/lib/Request/Receipts/CreatePostReceiptRequestInterface.php','2020-02-04 09:36:34'),(300,2,'catalog/model/extension/payment/yandex_money/yandex-checkout-sdk-php/lib/Request/Receipts/CreatePostReceiptRequestSerializer.php','2020-02-04 09:36:34'),(301,2,'catalog/model/extension/payment/yandex_money/yandex-checkout-sdk-php/lib/Request/Receipts/PaymentReceiptResponse.php','2020-02-04 09:36:34'),(302,2,'catalog/model/extension/payment/yandex_money/yandex-checkout-sdk-php/lib/Request/Receipts/ReceiptResponseFactory.php','2020-02-04 09:36:34'),(303,2,'catalog/model/extension/payment/yandex_money/yandex-checkout-sdk-php/lib/Request/Receipts/ReceiptResponseInterface.php','2020-02-04 09:36:34'),(304,2,'catalog/model/extension/payment/yandex_money/yandex-checkout-sdk-php/lib/Request/Receipts/ReceiptResponseItem.php','2020-02-04 09:36:34'),(305,2,'catalog/model/extension/payment/yandex_money/yandex-checkout-sdk-php/lib/Request/Receipts/ReceiptResponseItemInterface.php','2020-02-04 09:36:34'),(306,2,'catalog/model/extension/payment/yandex_money/yandex-checkout-sdk-php/lib/Request/Receipts/ReceiptsResponse.php','2020-02-04 09:36:34'),(307,2,'catalog/model/extension/payment/yandex_money/yandex-checkout-sdk-php/lib/Request/Receipts/RefundReceiptResponse.php','2020-02-04 09:36:34'),(308,2,'catalog/model/extension/payment/yandex_money/yandex-checkout-sdk-php/lib/Request/Refunds/AbstractRefundResponse.php','2020-02-04 09:36:34'),(309,2,'catalog/model/extension/payment/yandex_money/yandex-checkout-sdk-php/lib/Request/Refunds/CreateRefundRequest.php','2020-02-04 09:36:34'),(310,2,'catalog/model/extension/payment/yandex_money/yandex-checkout-sdk-php/lib/Request/Refunds/CreateRefundRequestBuilder.php','2020-02-04 09:36:34'),(311,2,'catalog/model/extension/payment/yandex_money/yandex-checkout-sdk-php/lib/Request/Refunds/CreateRefundRequestInterface.php','2020-02-04 09:36:34'),(312,2,'catalog/model/extension/payment/yandex_money/yandex-checkout-sdk-php/lib/Request/Refunds/CreateRefundRequestSerializer.php','2020-02-04 09:36:34'),(313,2,'catalog/model/extension/payment/yandex_money/yandex-checkout-sdk-php/lib/Request/Refunds/CreateRefundResponse.php','2020-02-04 09:36:34'),(314,2,'catalog/model/extension/payment/yandex_money/yandex-checkout-sdk-php/lib/Request/Refunds/RefundResponse.php','2020-02-04 09:36:34'),(315,2,'catalog/model/extension/payment/yandex_money/yandex-checkout-sdk-php/lib/Request/Refunds/RefundsRequest.php','2020-02-04 09:36:34'),(316,2,'catalog/model/extension/payment/yandex_money/yandex-checkout-sdk-php/lib/Request/Refunds/RefundsRequestBuilder.php','2020-02-04 09:36:34'),(317,2,'catalog/model/extension/payment/yandex_money/yandex-checkout-sdk-php/lib/Request/Refunds/RefundsRequestInterface.php','2020-02-04 09:36:34'),(318,2,'catalog/model/extension/payment/yandex_money/yandex-checkout-sdk-php/lib/Request/Refunds/RefundsRequestSerializer.php','2020-02-04 09:36:34'),(319,2,'catalog/model/extension/payment/yandex_money/yandex-checkout-sdk-php/lib/Request/Refunds/RefundsResponse.php','2020-02-04 09:36:34'),(320,2,'catalog/model/extension/payment/yandex_money/yandex-checkout-sdk-php/lib/Request/Webhook/WebhookListResponse.php','2020-02-04 09:36:34'),(321,2,'catalog/model/extension/payment/yandex_money/yandex-checkout-sdk-php/vendor/psr/log/LICENSE','2020-02-04 09:36:34'),(322,2,'catalog/model/extension/payment/yandex_money/yandex-checkout-sdk-php/vendor/psr/log/Psr','2020-02-04 09:36:34'),(323,2,'catalog/model/extension/payment/yandex_money/yandex-checkout-sdk-php/vendor/psr/log/README.md','2020-02-04 09:36:34'),(324,2,'catalog/model/extension/payment/yandex_money/yandex-checkout-sdk-php/vendor/psr/log/composer.json','2020-02-04 09:36:34'),(325,2,'catalog/model/extension/payment/yandex_money/yandex-checkout-sdk-php/lib/Model/PaymentData/B2b/Sberbank','2020-02-04 09:36:34'),(326,2,'catalog/model/extension/payment/yandex_money/yandex-checkout-sdk-php/lib/Model/PaymentMethod/B2b/Sberbank','2020-02-04 09:36:34'),(327,2,'catalog/model/extension/payment/yandex_money/yandex-checkout-sdk-php/lib/Request/Payments/Payment/CancelResponse.php','2020-02-04 09:36:34'),(328,2,'catalog/model/extension/payment/yandex_money/yandex-checkout-sdk-php/lib/Request/Payments/Payment/CreateCaptureRequest.php','2020-02-04 09:36:34'),(329,2,'catalog/model/extension/payment/yandex_money/yandex-checkout-sdk-php/lib/Request/Payments/Payment/CreateCaptureRequestBuilder.php','2020-02-04 09:36:34'),(330,2,'catalog/model/extension/payment/yandex_money/yandex-checkout-sdk-php/lib/Request/Payments/Payment/CreateCaptureRequestInterface.php','2020-02-04 09:36:34'),(331,2,'catalog/model/extension/payment/yandex_money/yandex-checkout-sdk-php/lib/Request/Payments/Payment/CreateCaptureRequestSerializer.php','2020-02-04 09:36:34'),(332,2,'catalog/model/extension/payment/yandex_money/yandex-checkout-sdk-php/lib/Request/Payments/Payment/CreateCaptureResponse.php','2020-02-04 09:36:34'),(333,2,'catalog/model/extension/payment/yandex_money/yandex-checkout-sdk-php/vendor/psr/log/Psr/Log','2020-02-04 09:36:34'),(334,2,'catalog/model/extension/payment/yandex_money/yandex-checkout-sdk-php/lib/Model/PaymentData/B2b/Sberbank/VatData.php','2020-02-04 09:36:34'),(335,2,'catalog/model/extension/payment/yandex_money/yandex-checkout-sdk-php/lib/Model/PaymentData/B2b/Sberbank/VatDataInterface.php','2020-02-04 09:36:34'),(336,2,'catalog/model/extension/payment/yandex_money/yandex-checkout-sdk-php/lib/Model/PaymentData/B2b/Sberbank/VatDataRate.php','2020-02-04 09:36:34'),(337,2,'catalog/model/extension/payment/yandex_money/yandex-checkout-sdk-php/lib/Model/PaymentData/B2b/Sberbank/VatDataType.php','2020-02-04 09:36:34'),(338,2,'catalog/model/extension/payment/yandex_money/yandex-checkout-sdk-php/lib/Model/PaymentMethod/B2b/Sberbank/PayerBankDetails.php','2020-02-04 09:36:34'),(339,2,'catalog/model/extension/payment/yandex_money/yandex-checkout-sdk-php/lib/Model/PaymentMethod/B2b/Sberbank/PayerBankDetailsInterface.php','2020-02-04 09:36:34'),(340,2,'catalog/model/extension/payment/yandex_money/yandex-checkout-sdk-php/vendor/psr/log/Psr/Log/AbstractLogger.php','2020-02-04 09:36:34'),(341,2,'catalog/model/extension/payment/yandex_money/yandex-checkout-sdk-php/vendor/psr/log/Psr/Log/InvalidArgumentException.php','2020-02-04 09:36:34'),(342,2,'catalog/model/extension/payment/yandex_money/yandex-checkout-sdk-php/vendor/psr/log/Psr/Log/LogLevel.php','2020-02-04 09:36:34'),(343,2,'catalog/model/extension/payment/yandex_money/yandex-checkout-sdk-php/vendor/psr/log/Psr/Log/LoggerAwareInterface.php','2020-02-04 09:36:34'),(344,2,'catalog/model/extension/payment/yandex_money/yandex-checkout-sdk-php/vendor/psr/log/Psr/Log/LoggerAwareTrait.php','2020-02-04 09:36:34'),(345,2,'catalog/model/extension/payment/yandex_money/yandex-checkout-sdk-php/vendor/psr/log/Psr/Log/LoggerInterface.php','2020-02-04 09:36:34'),(346,2,'catalog/model/extension/payment/yandex_money/yandex-checkout-sdk-php/vendor/psr/log/Psr/Log/LoggerTrait.php','2020-02-04 09:36:34'),(347,2,'catalog/model/extension/payment/yandex_money/yandex-checkout-sdk-php/vendor/psr/log/Psr/Log/NullLogger.php','2020-02-04 09:36:34'),(348,2,'catalog/model/extension/payment/yandex_money/yandex-checkout-sdk-php/vendor/psr/log/Psr/Log/Test','2020-02-04 09:36:34'),(349,2,'catalog/model/extension/payment/yandex_money/yandex-checkout-sdk-php/vendor/psr/log/Psr/Log/Test/LoggerInterfaceTest.php','2020-02-04 09:36:34'),(350,3,'admin/language/uk-ua','2020-02-04 09:58:47'),(351,3,'catalog/language/uk-ua','2020-02-04 09:58:47'),(352,3,'admin/language/uk-ua/extension','2020-02-04 09:58:47'),(353,3,'catalog/language/uk-ua/extension','2020-02-04 09:58:47'),(354,3,'catalog/view/javascript/apirone','2020-02-04 09:58:47'),(355,3,'admin/controller/extension/payment/apirone.php','2020-02-04 09:58:47'),(356,3,'admin/language/uk-ua/extension/payment','2020-02-04 09:58:47'),(357,3,'admin/model/extension/payment/apirone.php','2020-02-04 09:58:47'),(358,3,'admin/view/image/payment/apirone.png','2020-02-04 09:58:47'),(359,3,'admin/view/image/payment/apirone.svg','2020-02-04 09:58:47'),(360,3,'catalog/controller/extension/payment/apirone.php','2020-02-04 09:58:47'),(361,3,'catalog/language/uk-ua/extension/payment','2020-02-04 09:58:47'),(362,3,'catalog/model/extension/payment/apirone.php','2020-02-04 09:58:47'),(363,3,'catalog/view/javascript/apirone/jquery-2.1.1.min.js','2020-02-04 09:58:47'),(364,3,'admin/language/en-gb/extension/payment/apirone.php','2020-02-04 09:58:47'),(365,3,'admin/language/ru-ru/extension/payment/apirone.php','2020-02-04 09:58:47'),(366,3,'admin/language/uk-ua/extension/payment/apirone.php','2020-02-04 09:58:47'),(367,3,'admin/view/template/extension/payment/apirone.twig','2020-02-04 09:58:47'),(368,3,'catalog/language/en-gb/extension/payment/apirone.php','2020-02-04 09:58:47'),(369,3,'catalog/language/ru-ru/extension/payment/apirone.php','2020-02-04 09:58:47'),(370,3,'catalog/language/uk-ua/extension/payment/apirone.php','2020-02-04 09:58:47'),(371,3,'catalog/view/theme/default/image/apirone.png','2020-02-04 09:58:47'),(372,3,'catalog/view/theme/default/image/btca_bch_logo.svg','2020-02-04 09:58:47'),(373,3,'catalog/view/theme/default/image/btca_bitcoin_logo.svg','2020-02-04 09:58:47'),(374,3,'catalog/view/theme/default/image/btca_btc_logo.svg','2020-02-04 09:58:47'),(375,3,'catalog/view/theme/default/image/btca_litecoin_logo.svg','2020-02-04 09:58:47'),(376,3,'catalog/view/theme/default/image/btca_logo.svg','2020-02-04 09:58:47'),(377,3,'catalog/view/theme/default/image/btca_ltc_logo.svg','2020-02-04 09:58:47'),(378,3,'catalog/view/theme/default/image/btca_refresh_icon.svg','2020-02-04 09:58:47'),(379,3,'catalog/view/theme/default/stylesheet/apirone.css','2020-02-04 09:58:47'),(380,3,'catalog/view/theme/default/template/extension/payment/apirone.twig','2020-02-04 09:58:47'),(381,3,'catalog/view/theme/default/template/extension/payment/apirone_invoice.twig','2020-02-04 09:58:47');
/*!40000 ALTER TABLE `umo_extension_path` ENABLE KEYS */;
UNLOCK TABLES;

--
-- Table structure for table `umo_filter`
--

DROP TABLE IF EXISTS `umo_filter`;
/*!40101 SET @saved_cs_client     = @@character_set_client */;
/*!40101 SET character_set_client = utf8 */;
CREATE TABLE `umo_filter` (
  `filter_id` int(11) NOT NULL AUTO_INCREMENT,
  `filter_group_id` int(11) NOT NULL,
  `sort_order` int(3) NOT NULL,
  PRIMARY KEY (`filter_id`)
) ENGINE=MyISAM DEFAULT CHARSET=utf8;
/*!40101 SET character_set_client = @saved_cs_client */;

--
-- Dumping data for table `umo_filter`
--

LOCK TABLES `umo_filter` WRITE;
/*!40000 ALTER TABLE `umo_filter` DISABLE KEYS */;
/*!40000 ALTER TABLE `umo_filter` ENABLE KEYS */;
UNLOCK TABLES;

--
-- Table structure for table `umo_filter_description`
--

DROP TABLE IF EXISTS `umo_filter_description`;
/*!40101 SET @saved_cs_client     = @@character_set_client */;
/*!40101 SET character_set_client = utf8 */;
CREATE TABLE `umo_filter_description` (
  `filter_id` int(11) NOT NULL,
  `language_id` int(11) NOT NULL,
  `filter_group_id` int(11) NOT NULL,
  `name` varchar(64) NOT NULL,
  PRIMARY KEY (`filter_id`,`language_id`)
) ENGINE=MyISAM DEFAULT CHARSET=utf8;
/*!40101 SET character_set_client = @saved_cs_client */;

--
-- Dumping data for table `umo_filter_description`
--

LOCK TABLES `umo_filter_description` WRITE;
/*!40000 ALTER TABLE `umo_filter_description` DISABLE KEYS */;
/*!40000 ALTER TABLE `umo_filter_description` ENABLE KEYS */;
UNLOCK TABLES;

--
-- Table structure for table `umo_filter_group`
--

DROP TABLE IF EXISTS `umo_filter_group`;
/*!40101 SET @saved_cs_client     = @@character_set_client */;
/*!40101 SET character_set_client = utf8 */;
CREATE TABLE `umo_filter_group` (
  `filter_group_id` int(11) NOT NULL AUTO_INCREMENT,
  `sort_order` int(3) NOT NULL,
  PRIMARY KEY (`filter_group_id`)
) ENGINE=MyISAM DEFAULT CHARSET=utf8;
/*!40101 SET character_set_client = @saved_cs_client */;

--
-- Dumping data for table `umo_filter_group`
--

LOCK TABLES `umo_filter_group` WRITE;
/*!40000 ALTER TABLE `umo_filter_group` DISABLE KEYS */;
/*!40000 ALTER TABLE `umo_filter_group` ENABLE KEYS */;
UNLOCK TABLES;

--
-- Table structure for table `umo_filter_group_description`
--

DROP TABLE IF EXISTS `umo_filter_group_description`;
/*!40101 SET @saved_cs_client     = @@character_set_client */;
/*!40101 SET character_set_client = utf8 */;
CREATE TABLE `umo_filter_group_description` (
  `filter_group_id` int(11) NOT NULL,
  `language_id` int(11) NOT NULL,
  `name` varchar(64) NOT NULL,
  PRIMARY KEY (`filter_group_id`,`language_id`)
) ENGINE=MyISAM DEFAULT CHARSET=utf8;
/*!40101 SET character_set_client = @saved_cs_client */;

--
-- Dumping data for table `umo_filter_group_description`
--

LOCK TABLES `umo_filter_group_description` WRITE;
/*!40000 ALTER TABLE `umo_filter_group_description` DISABLE KEYS */;
/*!40000 ALTER TABLE `umo_filter_group_description` ENABLE KEYS */;
UNLOCK TABLES;

--
-- Table structure for table `umo_geo_zone`
--

DROP TABLE IF EXISTS `umo_geo_zone`;
/*!40101 SET @saved_cs_client     = @@character_set_client */;
/*!40101 SET character_set_client = utf8 */;
CREATE TABLE `umo_geo_zone` (
  `geo_zone_id` int(11) NOT NULL AUTO_INCREMENT,
  `name` varchar(32) NOT NULL,
  `description` varchar(255) NOT NULL,
  `date_added` datetime NOT NULL,
  `date_modified` datetime NOT NULL,
  PRIMARY KEY (`geo_zone_id`)
) ENGINE=MyISAM AUTO_INCREMENT=7 DEFAULT CHARSET=utf8;
/*!40101 SET character_set_client = @saved_cs_client */;

--
-- Dumping data for table `umo_geo_zone`
--

LOCK TABLES `umo_geo_zone` WRITE;
/*!40000 ALTER TABLE `umo_geo_zone` DISABLE KEYS */;
INSERT INTO `umo_geo_zone` VALUES (3,'UK VAT Zone','UK VAT','2009-01-06 23:26:25','2010-02-26 22:33:24'),(4,'UK Shipping','UK Shipping Zones','2009-06-23 01:14:53','2010-12-15 15:18:13'),(5,'По России','Российская Федерация','2020-06-16 07:59:37','0000-00-00 00:00:00'),(6,'За пределы России','За пределы России','2020-06-16 08:00:43','0000-00-00 00:00:00');
/*!40000 ALTER TABLE `umo_geo_zone` ENABLE KEYS */;
UNLOCK TABLES;

--
-- Table structure for table `umo_information`
--

DROP TABLE IF EXISTS `umo_information`;
/*!40101 SET @saved_cs_client     = @@character_set_client */;
/*!40101 SET character_set_client = utf8 */;
CREATE TABLE `umo_information` (
  `information_id` int(11) NOT NULL AUTO_INCREMENT,
  `bottom` int(1) NOT NULL DEFAULT '0',
  `sort_order` int(3) NOT NULL DEFAULT '0',
  `status` tinyint(1) NOT NULL DEFAULT '1',
  `noindex` tinyint(1) NOT NULL DEFAULT '1',
  PRIMARY KEY (`information_id`)
) ENGINE=MyISAM AUTO_INCREMENT=7 DEFAULT CHARSET=utf8;
/*!40101 SET character_set_client = @saved_cs_client */;

--
-- Dumping data for table `umo_information`
--

LOCK TABLES `umo_information` WRITE;
/*!40000 ALTER TABLE `umo_information` DISABLE KEYS */;
INSERT INTO `umo_information` VALUES (3,0,3,0,1),(4,0,1,0,0),(5,1,4,0,1),(6,1,2,1,1);
/*!40000 ALTER TABLE `umo_information` ENABLE KEYS */;
UNLOCK TABLES;

--
-- Table structure for table `umo_information_description`
--

DROP TABLE IF EXISTS `umo_information_description`;
/*!40101 SET @saved_cs_client     = @@character_set_client */;
/*!40101 SET character_set_client = utf8 */;
CREATE TABLE `umo_information_description` (
  `information_id` int(11) NOT NULL,
  `language_id` int(11) NOT NULL,
  `title` varchar(64) NOT NULL,
  `description` mediumtext NOT NULL,
  `meta_title` varchar(255) NOT NULL,
  `meta_description` varchar(255) NOT NULL,
  `meta_keyword` varchar(255) NOT NULL,
  `meta_h1` varchar(255) NOT NULL,
  PRIMARY KEY (`information_id`,`language_id`)
) ENGINE=MyISAM DEFAULT CHARSET=utf8;
/*!40101 SET character_set_client = @saved_cs_client */;

--
-- Dumping data for table `umo_information_description`
--

LOCK TABLES `umo_information_description` WRITE;
/*!40000 ALTER TABLE `umo_information_description` DISABLE KEYS */;
INSERT INTO `umo_information_description` VALUES (4,2,'About Us','&lt;p&gt;About Us&lt;br&gt;&lt;/p&gt;','','','',''),(5,2,'Terms &amp; Conditions','&lt;p&gt;Terms &amp;amp; Conditions&lt;br&gt;&lt;/p&gt;','','','',''),(4,1,'О нас','&lt;p&gt;О нас&lt;br&gt;&lt;/p&gt;\r\n','','','',''),(6,1,'Информация о доставке','&lt;p&gt;\r\n	Доставка осуществляется транспортными компаниями: СДЭК, &quot;Энергия&quot;, Почта России.&lt;/p&gt;&lt;p&gt;Возможна доставка другими компаниями по согласованию с менеджером.&lt;/p&gt;\r\n','','','',''),(5,1,'Условия соглашения','&lt;p&gt;\r\n	Условия соглашения&lt;/p&gt;\r\n','','','',''),(3,2,'Privacy Policy','&lt;p&gt;Privacy Policy&lt;br&gt;&lt;/p&gt;','','','',''),(6,2,'Delivery Information','&lt;p&gt;Delivery Information&lt;br&gt;&lt;/p&gt;','','','',''),(3,1,'Политика безопасности','&lt;p&gt;\r\n	Политика безопасности&lt;/p&gt;\r\n','','','','');
/*!40000 ALTER TABLE `umo_information_description` ENABLE KEYS */;
UNLOCK TABLES;

--
-- Table structure for table `umo_information_to_layout`
--

DROP TABLE IF EXISTS `umo_information_to_layout`;
/*!40101 SET @saved_cs_client     = @@character_set_client */;
/*!40101 SET character_set_client = utf8 */;
CREATE TABLE `umo_information_to_layout` (
  `information_id` int(11) NOT NULL,
  `store_id` int(11) NOT NULL,
  `layout_id` int(11) NOT NULL,
  PRIMARY KEY (`information_id`,`store_id`)
) ENGINE=MyISAM DEFAULT CHARSET=utf8;
/*!40101 SET character_set_client = @saved_cs_client */;

--
-- Dumping data for table `umo_information_to_layout`
--

LOCK TABLES `umo_information_to_layout` WRITE;
/*!40000 ALTER TABLE `umo_information_to_layout` DISABLE KEYS */;
INSERT INTO `umo_information_to_layout` VALUES (6,0,0),(3,0,0),(5,0,0),(4,0,0);
/*!40000 ALTER TABLE `umo_information_to_layout` ENABLE KEYS */;
UNLOCK TABLES;

--
-- Table structure for table `umo_information_to_store`
--

DROP TABLE IF EXISTS `umo_information_to_store`;
/*!40101 SET @saved_cs_client     = @@character_set_client */;
/*!40101 SET character_set_client = utf8 */;
CREATE TABLE `umo_information_to_store` (
  `information_id` int(11) NOT NULL,
  `store_id` int(11) NOT NULL,
  PRIMARY KEY (`information_id`,`store_id`)
) ENGINE=MyISAM DEFAULT CHARSET=utf8;
/*!40101 SET character_set_client = @saved_cs_client */;

--
-- Dumping data for table `umo_information_to_store`
--

LOCK TABLES `umo_information_to_store` WRITE;
/*!40000 ALTER TABLE `umo_information_to_store` DISABLE KEYS */;
INSERT INTO `umo_information_to_store` VALUES (3,0),(4,0),(5,0),(6,0);
/*!40000 ALTER TABLE `umo_information_to_store` ENABLE KEYS */;
UNLOCK TABLES;

--
-- Table structure for table `umo_language`
--

DROP TABLE IF EXISTS `umo_language`;
/*!40101 SET @saved_cs_client     = @@character_set_client */;
/*!40101 SET character_set_client = utf8 */;
CREATE TABLE `umo_language` (
  `language_id` int(11) NOT NULL AUTO_INCREMENT,
  `name` varchar(32) NOT NULL,
  `code` varchar(5) NOT NULL,
  `locale` varchar(255) NOT NULL,
  `image` varchar(64) NOT NULL,
  `directory` varchar(32) NOT NULL,
  `sort_order` int(3) NOT NULL DEFAULT '0',
  `status` tinyint(1) NOT NULL,
  PRIMARY KEY (`language_id`),
  KEY `name` (`name`)
) ENGINE=MyISAM AUTO_INCREMENT=3 DEFAULT CHARSET=utf8;
/*!40101 SET character_set_client = @saved_cs_client */;

--
-- Dumping data for table `umo_language`
--

LOCK TABLES `umo_language` WRITE;
/*!40000 ALTER TABLE `umo_language` DISABLE KEYS */;
INSERT INTO `umo_language` VALUES (1,'Russian','ru-ru','ru_RU.UTF-8,ru_RU,russian','gb.png','english',1,1),(2,'English','en-gb','en-US,en_US.UTF-8,en_US,en-gb,english','','',2,1);
/*!40000 ALTER TABLE `umo_language` ENABLE KEYS */;
UNLOCK TABLES;

--
-- Table structure for table `umo_layout`
--

DROP TABLE IF EXISTS `umo_layout`;
/*!40101 SET @saved_cs_client     = @@character_set_client */;
/*!40101 SET character_set_client = utf8 */;
CREATE TABLE `umo_layout` (
  `layout_id` int(11) NOT NULL AUTO_INCREMENT,
  `name` varchar(64) NOT NULL,
  PRIMARY KEY (`layout_id`)
) ENGINE=MyISAM AUTO_INCREMENT=19 DEFAULT CHARSET=utf8;
/*!40101 SET character_set_client = @saved_cs_client */;

--
-- Dumping data for table `umo_layout`
--

LOCK TABLES `umo_layout` WRITE;
/*!40000 ALTER TABLE `umo_layout` DISABLE KEYS */;
INSERT INTO `umo_layout` VALUES (1,'Главная'),(2,'Товар'),(3,'Категория'),(4,'По-умолчанию'),(5,'Список Производителей'),(6,'Аккаунт'),(7,'Оформление заказа'),(8,'Контакты'),(9,'Карта сайта'),(10,'Партнерская программа'),(11,'Информация'),(12,'Сравнение'),(13,'Поиск'),(14,'Блог'),(15,'Категории Блога'),(16,'Статьи Блога'),(17,'Страница Производителя');
/*!40000 ALTER TABLE `umo_layout` ENABLE KEYS */;
UNLOCK TABLES;

--
-- Table structure for table `umo_layout_module`
--

DROP TABLE IF EXISTS `umo_layout_module`;
/*!40101 SET @saved_cs_client     = @@character_set_client */;
/*!40101 SET character_set_client = utf8 */;
CREATE TABLE `umo_layout_module` (
  `layout_module_id` int(11) NOT NULL AUTO_INCREMENT,
  `layout_id` int(11) NOT NULL,
  `code` varchar(64) NOT NULL,
  `position` varchar(14) NOT NULL,
  `sort_order` int(3) NOT NULL,
  PRIMARY KEY (`layout_module_id`)
) ENGINE=MyISAM AUTO_INCREMENT=115 DEFAULT CHARSET=utf8;
/*!40101 SET character_set_client = @saved_cs_client */;

--
-- Dumping data for table `umo_layout_module`
--

LOCK TABLES `umo_layout_module` WRITE;
/*!40000 ALTER TABLE `umo_layout_module` DISABLE KEYS */;
INSERT INTO `umo_layout_module` VALUES (2,4,'0','content_top',0),(3,4,'0','content_top',1),(20,5,'0','column_left',2),(69,10,'account','column_right',1),(68,6,'account','column_right',1),(105,1,'slideshow.27','content_bottom',0),(104,1,'featured.28','content_top',0),(74,14,'blog_category','column_left',0),(75,14,'blog_featured.33','column_left',1),(76,14,'blog_latest.32','content_bottom',0),(77,15,'blog_category','column_left',0),(78,15,'blog_latest.32','column_left',1),(79,15,'blog_featured.33','content_bottom',0),(80,16,'blog_category','column_left',0),(81,16,'blog_featured.33','column_left',1),(86,17,'featured_article.34','column_left',0),(87,17,'featured_product.35','column_left',1),(114,2,'featured.28','content_bottom',1);
/*!40000 ALTER TABLE `umo_layout_module` ENABLE KEYS */;
UNLOCK TABLES;

--
-- Table structure for table `umo_layout_route`
--

DROP TABLE IF EXISTS `umo_layout_route`;
/*!40101 SET @saved_cs_client     = @@character_set_client */;
/*!40101 SET character_set_client = utf8 */;
CREATE TABLE `umo_layout_route` (
  `layout_route_id` int(11) NOT NULL AUTO_INCREMENT,
  `layout_id` int(11) NOT NULL,
  `store_id` int(11) NOT NULL,
  `route` varchar(64) NOT NULL,
  PRIMARY KEY (`layout_route_id`)
) ENGINE=MyISAM AUTO_INCREMENT=84 DEFAULT CHARSET=utf8;
/*!40101 SET character_set_client = @saved_cs_client */;

--
-- Dumping data for table `umo_layout_route`
--

LOCK TABLES `umo_layout_route` WRITE;
/*!40000 ALTER TABLE `umo_layout_route` DISABLE KEYS */;
INSERT INTO `umo_layout_route` VALUES (38,6,0,'account/%'),(17,10,0,'affiliate/%'),(66,3,0,'product/category'),(77,1,0,'common/home'),(82,2,0,'product/product'),(83,11,0,'information/information'),(23,7,0,'checkout/%'),(31,8,0,'information/contact'),(32,9,0,'information/sitemap'),(34,4,0,''),(45,5,0,'product/manufacturer'),(52,12,0,'product/compare'),(53,13,0,'product/search'),(57,14,0,'blog/latest'),(58,15,0,'blog/category'),(56,16,0,'blog/article'),(63,17,0,'product/manufacturer/info');
/*!40000 ALTER TABLE `umo_layout_route` ENABLE KEYS */;
UNLOCK TABLES;

--
-- Table structure for table `umo_length_class`
--

DROP TABLE IF EXISTS `umo_length_class`;
/*!40101 SET @saved_cs_client     = @@character_set_client */;
/*!40101 SET character_set_client = utf8 */;
CREATE TABLE `umo_length_class` (
  `length_class_id` int(11) NOT NULL AUTO_INCREMENT,
  `value` decimal(15,8) NOT NULL,
  PRIMARY KEY (`length_class_id`)
) ENGINE=MyISAM AUTO_INCREMENT=4 DEFAULT CHARSET=utf8;
/*!40101 SET character_set_client = @saved_cs_client */;

--
-- Dumping data for table `umo_length_class`
--

LOCK TABLES `umo_length_class` WRITE;
/*!40000 ALTER TABLE `umo_length_class` DISABLE KEYS */;
INSERT INTO `umo_length_class` VALUES (1,1.00000000),(2,10.00000000),(3,0.39370000);
/*!40000 ALTER TABLE `umo_length_class` ENABLE KEYS */;
UNLOCK TABLES;

--
-- Table structure for table `umo_length_class_description`
--

DROP TABLE IF EXISTS `umo_length_class_description`;
/*!40101 SET @saved_cs_client     = @@character_set_client */;
/*!40101 SET character_set_client = utf8 */;
CREATE TABLE `umo_length_class_description` (
  `length_class_id` int(11) NOT NULL,
  `language_id` int(11) NOT NULL,
  `title` varchar(32) NOT NULL,
  `unit` varchar(4) NOT NULL,
  PRIMARY KEY (`length_class_id`,`language_id`)
) ENGINE=MyISAM DEFAULT CHARSET=utf8;
/*!40101 SET character_set_client = @saved_cs_client */;

--
-- Dumping data for table `umo_length_class_description`
--

LOCK TABLES `umo_length_class_description` WRITE;
/*!40000 ALTER TABLE `umo_length_class_description` DISABLE KEYS */;
INSERT INTO `umo_length_class_description` VALUES (1,1,'Сантиметр','см'),(1,2,'Centimeter','cm'),(2,1,'Миллиметр','мм'),(2,2,'Millimeter','mm'),(3,1,'Дюйм','in'),(3,2,'Inch','in');
/*!40000 ALTER TABLE `umo_length_class_description` ENABLE KEYS */;
UNLOCK TABLES;

--
-- Table structure for table `umo_location`
--

DROP TABLE IF EXISTS `umo_location`;
/*!40101 SET @saved_cs_client     = @@character_set_client */;
/*!40101 SET character_set_client = utf8 */;
CREATE TABLE `umo_location` (
  `location_id` int(11) NOT NULL AUTO_INCREMENT,
  `name` varchar(32) NOT NULL,
  `address` text NOT NULL,
  `telephone` varchar(32) NOT NULL,
  `fax` varchar(32) NOT NULL,
  `geocode` varchar(32) NOT NULL,
  `image` varchar(255) DEFAULT NULL,
  `open` text NOT NULL,
  `comment` text NOT NULL,
  PRIMARY KEY (`location_id`),
  KEY `name` (`name`)
) ENGINE=MyISAM DEFAULT CHARSET=utf8;
/*!40101 SET character_set_client = @saved_cs_client */;

--
-- Dumping data for table `umo_location`
--

LOCK TABLES `umo_location` WRITE;
/*!40000 ALTER TABLE `umo_location` DISABLE KEYS */;
/*!40000 ALTER TABLE `umo_location` ENABLE KEYS */;
UNLOCK TABLES;

--
-- Table structure for table `umo_manufacturer`
--

DROP TABLE IF EXISTS `umo_manufacturer`;
/*!40101 SET @saved_cs_client     = @@character_set_client */;
/*!40101 SET character_set_client = utf8 */;
CREATE TABLE `umo_manufacturer` (
  `manufacturer_id` int(11) NOT NULL AUTO_INCREMENT,
  `name` varchar(64) NOT NULL,
  `image` varchar(255) DEFAULT NULL,
  `sort_order` int(3) NOT NULL,
  `noindex` tinyint(1) NOT NULL DEFAULT '1',
  PRIMARY KEY (`manufacturer_id`)
) ENGINE=MyISAM AUTO_INCREMENT=11 DEFAULT CHARSET=utf8;
/*!40101 SET character_set_client = @saved_cs_client */;

--
-- Dumping data for table `umo_manufacturer`
--

LOCK TABLES `umo_manufacturer` WRITE;
/*!40000 ALTER TABLE `umo_manufacturer` DISABLE KEYS */;
INSERT INTO `umo_manufacturer` VALUES (5,'HTC','catalog/demo/htc_logo.jpg',0,1),(6,'Palm','catalog/demo/palm_logo.jpg',0,1),(7,'Hewlett-Packard','catalog/demo/hp_logo.jpg',0,1),(8,'Apple','catalog/demo/apple_logo.jpg',1,0),(9,'Canon','catalog/demo/canon_logo.jpg',0,1),(10,'Sony','catalog/demo/sony_logo.jpg',0,1);
/*!40000 ALTER TABLE `umo_manufacturer` ENABLE KEYS */;
UNLOCK TABLES;

--
-- Table structure for table `umo_manufacturer_description`
--

DROP TABLE IF EXISTS `umo_manufacturer_description`;
/*!40101 SET @saved_cs_client     = @@character_set_client */;
/*!40101 SET character_set_client = utf8 */;
CREATE TABLE `umo_manufacturer_description` (
  `manufacturer_id` int(11) NOT NULL DEFAULT '0',
  `language_id` int(11) NOT NULL DEFAULT '0',
  `description` text NOT NULL,
  `description3` text NOT NULL,
  `meta_description` varchar(255) NOT NULL,
  `meta_keyword` varchar(255) NOT NULL,
  `meta_title` varchar(255) NOT NULL,
  `meta_h1` varchar(255) NOT NULL
) ENGINE=MyISAM DEFAULT CHARSET=utf8;
/*!40101 SET character_set_client = @saved_cs_client */;

--
-- Dumping data for table `umo_manufacturer_description`
--

LOCK TABLES `umo_manufacturer_description` WRITE;
/*!40000 ALTER TABLE `umo_manufacturer_description` DISABLE KEYS */;
INSERT INTO `umo_manufacturer_description` VALUES (8,1,'&lt;br&gt;','','','','',''),(8,2,'&lt;p&gt;&lt;br&gt;&lt;/p&gt;','','','','',''),(7,1,'','','','','',''),(7,2,'','','','','',''),(6,2,'','','','','',''),(5,1,'','','','','',''),(5,2,'','','','','',''),(6,1,'','','','','',''),(9,2,'','','','','',''),(9,1,'','','','','',''),(10,1,'','','','','',''),(10,2,'','','','','','');
/*!40000 ALTER TABLE `umo_manufacturer_description` ENABLE KEYS */;
UNLOCK TABLES;

--
-- Table structure for table `umo_manufacturer_to_layout`
--

DROP TABLE IF EXISTS `umo_manufacturer_to_layout`;
/*!40101 SET @saved_cs_client     = @@character_set_client */;
/*!40101 SET character_set_client = utf8 */;
CREATE TABLE `umo_manufacturer_to_layout` (
  `manufacturer_id` int(11) NOT NULL,
  `store_id` int(11) NOT NULL,
  `layout_id` int(11) NOT NULL,
  PRIMARY KEY (`manufacturer_id`,`store_id`)
) ENGINE=MyISAM DEFAULT CHARSET=utf8;
/*!40101 SET character_set_client = @saved_cs_client */;

--
-- Dumping data for table `umo_manufacturer_to_layout`
--

LOCK TABLES `umo_manufacturer_to_layout` WRITE;
/*!40000 ALTER TABLE `umo_manufacturer_to_layout` DISABLE KEYS */;
/*!40000 ALTER TABLE `umo_manufacturer_to_layout` ENABLE KEYS */;
UNLOCK TABLES;

--
-- Table structure for table `umo_manufacturer_to_store`
--

DROP TABLE IF EXISTS `umo_manufacturer_to_store`;
/*!40101 SET @saved_cs_client     = @@character_set_client */;
/*!40101 SET character_set_client = utf8 */;
CREATE TABLE `umo_manufacturer_to_store` (
  `manufacturer_id` int(11) NOT NULL,
  `store_id` int(11) NOT NULL,
  PRIMARY KEY (`manufacturer_id`,`store_id`)
) ENGINE=MyISAM DEFAULT CHARSET=utf8;
/*!40101 SET character_set_client = @saved_cs_client */;

--
-- Dumping data for table `umo_manufacturer_to_store`
--

LOCK TABLES `umo_manufacturer_to_store` WRITE;
/*!40000 ALTER TABLE `umo_manufacturer_to_store` DISABLE KEYS */;
INSERT INTO `umo_manufacturer_to_store` VALUES (5,0),(6,0),(7,0),(8,0),(9,0),(10,0);
/*!40000 ALTER TABLE `umo_manufacturer_to_store` ENABLE KEYS */;
UNLOCK TABLES;

--
-- Table structure for table `umo_marketing`
--

DROP TABLE IF EXISTS `umo_marketing`;
/*!40101 SET @saved_cs_client     = @@character_set_client */;
/*!40101 SET character_set_client = utf8 */;
CREATE TABLE `umo_marketing` (
  `marketing_id` int(11) NOT NULL AUTO_INCREMENT,
  `name` varchar(32) NOT NULL,
  `description` text NOT NULL,
  `code` varchar(64) NOT NULL,
  `clicks` int(5) NOT NULL DEFAULT '0',
  `date_added` datetime NOT NULL,
  PRIMARY KEY (`marketing_id`)
) ENGINE=MyISAM DEFAULT CHARSET=utf8;
/*!40101 SET character_set_client = @saved_cs_client */;

--
-- Dumping data for table `umo_marketing`
--

LOCK TABLES `umo_marketing` WRITE;
/*!40000 ALTER TABLE `umo_marketing` DISABLE KEYS */;
/*!40000 ALTER TABLE `umo_marketing` ENABLE KEYS */;
UNLOCK TABLES;

--
-- Table structure for table `umo_modification`
--

DROP TABLE IF EXISTS `umo_modification`;
/*!40101 SET @saved_cs_client     = @@character_set_client */;
/*!40101 SET character_set_client = utf8 */;
CREATE TABLE `umo_modification` (
  `modification_id` int(11) NOT NULL AUTO_INCREMENT,
  `extension_install_id` int(11) NOT NULL,
  `name` varchar(64) NOT NULL,
  `code` varchar(64) NOT NULL,
  `author` varchar(64) NOT NULL,
  `version` varchar(32) NOT NULL,
  `link` varchar(255) NOT NULL,
  `xml` mediumtext NOT NULL,
  `status` tinyint(1) NOT NULL,
  `date_added` datetime NOT NULL,
  PRIMARY KEY (`modification_id`)
) ENGINE=MyISAM AUTO_INCREMENT=4 DEFAULT CHARSET=utf8;
/*!40101 SET character_set_client = @saved_cs_client */;

--
-- Dumping data for table `umo_modification`
--

LOCK TABLES `umo_modification` WRITE;
/*!40000 ALTER TABLE `umo_modification` DISABLE KEYS */;
INSERT INTO `umo_modification` VALUES (3,5,'Update patch for update currency','Update_patch_for_update_currency','OpenCart','1.3','https://www.opencart.com/','<?xml version=\"1.0\" encoding=\"utf-8\"?>\r\n	<modification>\r\n		<name>Update patch for update currency</name>\r\n		<code>Update_patch_for_update_currency</code>\r\n		<version>1.3</version>\r\n		<author>OpenCart</author>\r\n		<link>https://www.opencart.com/</link>\r\n		<file path=\"admin/model/localisation/currency.php\">\r\n		\r\n			<!-- removing the old function by rename -->\r\n			<operation>\r\n				<search><![CDATA[\r\n					public function refresh($force = false) {\r\n				]]></search>\r\n				<add position=\"replace\"><![CDATA[\r\n					public function oldRefresh() {\r\n				]]></add>\r\n			</operation>\r\n			\r\n			<!-- adding the updated function -->\r\n			<operation>\r\n				<search><![CDATA[\r\n					public function getTotalCurrencies() {\r\n				]]></search>\r\n				<add position=\"before\"><![CDATA[\r\n					public function refresh($force = false) {\r\n						$currencies = array();\r\n						\r\n						$default = $this->config->get(\'config_currency\');\r\n						\r\n						if ($force) {\r\n							$query = $this->db->query(\"SELECT * FROM \" . DB_PREFIX . \"currency WHERE code != \'\" . $this->db->escape($this->config->get(\'config_currency\')) . \"\'\");\r\n						} else {\r\n							$query = $this->db->query(\"SELECT * FROM \" . DB_PREFIX . \"currency WHERE code != \'\" . $this->db->escape($this->config->get(\'config_currency\')) . \"\' AND date_modified < \'\" .  $this->db->escape(date(\'Y-m-d H:i:s\', strtotime(\'-1 day\'))) . \"\'\");\r\n						}\r\n\r\n						foreach ($query->rows as $result) {\r\n							if (($result[\'code\'] != $default)) {\r\n								$currencies[] = $result;\r\n							}\r\n						}\r\n\r\n						if($currencies){\r\n							$curl = curl_init();\r\n\r\n							curl_setopt($curl, CURLOPT_URL, \'https://api.fixer.io/latest?base=\' . $default);\r\n							curl_setopt($curl, CURLOPT_RETURNTRANSFER, 1);\r\n							curl_setopt($curl, CURLOPT_HEADER, false);\r\n							curl_setopt($curl, CURLOPT_SSL_VERIFYPEER, 0);\r\n							curl_setopt($curl, CURLOPT_CONNECTTIMEOUT, 30);\r\n							curl_setopt($curl, CURLOPT_TIMEOUT, 30);\r\n\r\n							$response = curl_exec($curl);\r\n\r\n							curl_close($curl);\r\n\r\n							$response_info = json_decode($response, true);\r\n\r\n							if (isset($response_info[\'rates\'])) {\r\n								foreach ($currencies as $currency) {\r\n									if (isset($response_info[\'rates\'][$currency[\'code\']])) {\r\n										$this->editValueByCode($currency[\'code\'], $response_info[\'rates\'][$currency[\'code\']]);\r\n									}\r\n								}\r\n							}\r\n							$this->cache->delete(\'currency\');\r\n						}\r\n\r\n						$this->editValueByCode($default, \'1.00000\');\r\n					}\r\n				]]></add>\r\n			</operation>\r\n			\r\n			<!-- adding new function for fixer -->\r\n			<operation>\r\n				<search><![CDATA[\r\n					public function getTotalCurrencies() {\r\n				]]></search>\r\n				<add position=\"before\"><![CDATA[\r\n					public function editValueByCode($code, $value) {\r\n						$this->db->query(\"UPDATE \" . DB_PREFIX . \"currency SET value = \'\" . (float)$value . \"\', date_modified = NOW() WHERE code = \'\" . $this->db->escape((string)$code) . \"\'\");\r\n\r\n						$this->cache->delete(\'currency\');\r\n					}\r\n\r\n				]]></add>\r\n			</operation>\r\n		</file>\r\n	</modification>\r\n\r\n',1,'2020-06-16 08:35:19'),(2,2,'Y.CMS for Opencart 3.x','ycms.2.0','Yandex.Money','1.2.6','','<?xml version=\"1.0\" encoding=\"UTF-8\"?>\r\n<modification>\r\n    <name>Y.CMS for Opencart 3.x</name>\r\n    <code>ycms.2.0</code>\r\n    <version>1.2.6</version>\r\n    <author>Yandex.Money</author>\r\n    <!-- Вставка кнопки в историю заказов-->\r\n    <file path=\"catalog/controller/account/order.php\">\r\n        <operation error=\"skip\">\r\n            <search><![CDATA[// History]]></search>\r\n            <add position=\"before\"><![CDATA[\r\n            $this->language->load(\'extension/payment/yandex_money\');\r\n            if ($order_info[\'payment_method\'] == $this->language->get(\'kassa_title\') || $order_info[\'payment_method\'] == $this->language->get(\'p2p_title\')) {\r\n               $this->session->data[\'order_id\'] = $this->request->get[\'order_id\'];\r\n               $data[\'yandex_money\'] = $this->load->controller(\'extension/payment/yandex_money\');\r\n            }]]></add>\r\n        </operation>\r\n    </file>\r\n    <file path=\"catalog/view/theme/*/template/account/order_info.twig\">\r\n        <operation error=\"skip\">\r\n            <search><![CDATA[</tfoot>]]></search>\r\n            <add position=\"before\"><![CDATA[\r\n            {% if yandex_money is defined and yandex_money %}\r\n            <tr>\r\n                <td colspan=\"{{ products ? \'6\' : \'5\' }}\">{{ yandex_money }}</td>\r\n            </tr>\r\n            {% endif %}\r\n        ]]></add>\r\n        </operation>\r\n    </file>\r\n    <!-- загружаем вместе с заказами код способа оплаты -->\r\n    <file path=\"admin/model/sale/order.php\">\r\n        <operation error=\"skip\">\r\n            <search regex=\"true\"><![CDATA[~o.date_added, o.date_modified FROM~]]></search>\r\n            <add><![CDATA[o.date_added, o.date_modified, o.payment_code, o.email, o.order_status_id FROM]]></add>\r\n        </operation>\r\n        <operation error=\"skip\">\r\n            <search regex=\"true\"><![CDATA[/\\$query\\s=\\s\\$this->db->query\\(\\$sql\\);\\s+return\\s\\$query->rows;/]]></search>\r\n            <add><![CDATA[\r\n        $query = $this->db->query($sql);\r\n\r\n        $result = array();\r\n        $orderIds = array();\r\n        foreach ($query->rows as $record) {\r\n            if ($record[\'payment_code\'] === \'yandex_money\') {\r\n                $orderIds[] = $record[\'order_id\'];\r\n            }\r\n            $result[$record[\'order_id\']] = $record;\r\n        }\r\n        if (!empty($orderIds)) {\r\n            $sql = \'SELECT `order_id`, `payment_id`, `status` FROM `\' . DB_PREFIX . \'ya_money_payment` WHERE `order_id` IN (\' . implode(\',\', $orderIds) . \')\';\r\n            $recordSet = $this->db->query($sql);\r\n            foreach ($recordSet->rows as $record) {\r\n                $result[$record[\'order_id\']][\'yandex_money_payment_id\'] = $record[\'payment_id\'];\r\n                $result[$record[\'order_id\']][\'yandex_money_payment_status\'] = $record[\'status\'];\r\n            }\r\n            $sql = \'SELECT `order_id`, `refund_id`, `status`, `amount` FROM `\' . DB_PREFIX . \'ya_money_refunds` WHERE `order_id` IN (\' . implode(\',\', $orderIds) . \') AND `status` <> \\\'canceled\\\'\';\r\n            $recordSet = $this->db->query($sql);\r\n            foreach ($recordSet->rows as $record) {\r\n                if (!isset($result[$record[\'order_id\']][\'refund_amount\'])) {\r\n                    $result[$record[\'order_id\']][\'refund_amount\'] = 0;\r\n                }\r\n                $result[$record[\'order_id\']][\'refund_amount\'] += $record[\'amount\'];\r\n            }\r\n        }\r\n\r\n        return array_values($result);\r\n            ]]></add>\r\n        </operation>\r\n    </file>\r\n    <file path=\"admin/language/{english,russian,en-gb,ru-ru}/sale/order.php\">\r\n        <operation error=\"skip\">\r\n            <search regex=\"true\"><![CDATA[~(\\$_\\[\\\'text_add\\\'\\])~]]></search>\r\n            <add><![CDATA[\r\n                $_[\'button_invoice_kassa\'] = \'Выставление счета\';\r\n                $_[\'text_add\']\r\n            ]]></add>\r\n        </operation>\r\n    </file>\r\n    <file path=\"system/library/mail.php\">\r\n        <operation error=\"skip\">\r\n            <search><![CDATA[basename(urlencode($attachment))]]></search>\r\n            <add><![CDATA[urlencode(basename($attachment))]]></add>\r\n        </operation>\r\n    </file>\r\n    <!-- -->\r\n    <file path=\"admin/controller/sale/order.php\">\r\n        <operation error=\"skip\">\r\n            <search><![CDATA[\'shipping_code\' => $result[\'shipping_code\'],]]></search>\r\n            <add position=\"after\"><![CDATA[\r\n                \'payment_code\'   => (isset($result[\'payment_code\']) && $this->config->get(\'yandex_money_kassa_enabled\') && $this->config->get(\'yandex_money_kassa_invoice\') && $result[\'order_status_id\'] == 1) ? $result[\'payment_code\'] : \'\',\r\n                \'payment_status\' => (isset($result[\'yandex_money_payment_status\']) ? $result[\'yandex_money_payment_status\'] : \'\'),\r\n                \'email\'          => (isset($result[\'email\']) && $this->config->get(\'yandex_money_kassa_enabled\')) ? $result[\'email\'] : \'\',\r\n                \'refund_amount\'  => (isset($result[\'refund_amount\']) ? $result[\'refund_amount\'] : \'\'),\r\n                \'refund_url\'     => (isset($result[\'payment_code\']) && $result[\'payment_code\'] == \'yandex_money\') ? $this->url->link(\'extension/payment/yandex_money/refund\', \'order_id=\'.$result[\'order_id\'].\'&user_token=\'.$this->session->data[\'user_token\'], true) : \'\',\r\n                \'capture_url\'    => (isset($result[\'payment_code\']) && $result[\'payment_code\'] == \'yandex_money\') ? $this->url->link(\'extension/payment/yandex_money/capture\', \'order_id=\'.$result[\'order_id\'].\'&user_token=\'.$this->session->data[\'user_token\'], true) : \'\',\r\n            ]]></add>\r\n        </operation>\r\n        <operation error=\"skip\">\r\n            <search><![CDATA[$data[\'user_token\'] = $this->session->data[\'user_token\'];]]></search>\r\n            <add position=\"after\"><![CDATA[\r\n        if ($this->config->get(\'yandex_money_kassa_enabled\')) {\r\n            $data[\'button_invoice_kassa\'] = $this->language->get(\'button_invoice_kassa\');\r\n            $data[\'store_url\'] = $this->request->server[\'HTTPS\'] ? HTTPS_CATALOG : HTTP_CATALOG;\r\n        }\r\n            ]]></add>\r\n        </operation>\r\n    </file>\r\n    <file path=\"admin/view/template/sale/order_list.twig\">\r\n        <operation error=\"skip\">\r\n            <search>\r\n                <![CDATA[<li><a href=\"{{ order.edit }}\"><i class=\"fa fa-pencil\"></i> {{ button_edit }}</a></li>]]></search>\r\n            <add position=\"after\"><![CDATA[\r\n                {% if order.payment_code is defined and order.payment_code == \'yandex_money\' %}\r\n                    <li><a href=\"javascript://\" class=\"invoice-button\" data-order_id=\"{{ order.order_id }}\" data-customer=\"{{ order.customer }}\" data-email=\"{{ order.email }}\"><i class=\"fa fa-envelope\"></i> Выставить счёт</a></li>\r\n                {% endif %}\r\n                {% if order.payment_status is defined and order.payment_status == \'succeeded\' %}\r\n                    <li><a href=\"{{ order.refund_url }}\"><i class=\"fa fa-repeat\"></i> Возвраты</a></li>\r\n                {% endif %}\r\n                {% if order.payment_status is defined and order.payment_status == \'waiting_for_capture\' %}\r\n                    <li><a href=\"{{ order.capture_url }}\"><i class=\"fa fa-check\"></i> Подтверждение платежа</a></li>\r\n                {% endif %}\r\n            ]]></add>\r\n        </operation>\r\n        <operation error=\"skip\">\r\n            <search><![CDATA[$(\'input[name^=\\\'selected\\\']:first\').trigger(\'change\');]]></search>\r\n            <add position=\"after\"><![CDATA[//\r\n            jQuery(\'.invoice-button\').click(function(e) {\r\n                var node = this;\r\n                var text = \'Вы действительно хотите отправить счёт пользователю \' + node.dataset.customer + \' на адрес \' + node.dataset.email + \'?\';\r\n                if (confirm(text)) {\r\n                    jQuery.ajax({\r\n                        url: \'{{ store_url }}admin/index.php?route=extension/payment/yandex_money/sendmail&user_token={{ user_token }}&order_id=\' + node.dataset.order_id,\r\n                        dataType: \'json\',\r\n                        crossDomain: true,\r\n                        beforeSend: function() {\r\n                            jQuery(node).button(\'loading\');\r\n                        },\r\n                        complete: function() {\r\n                            jQuery(node).button(\'reset\');\r\n                        },\r\n                        success: function(json_main) {\r\n                            jQuery(\'.alert\').remove();\r\n                            if (json_main[\'error\']) {\r\n                                $(\'#content > .container-fluid\').prepend(\'<div class=\"alert alert-danger\"><i class=\"fa fa-exclamation-circle\"></i> \' + json_main[\'error\'] + \' <button type=\"button\" class=\"close\" data-dismiss=\"alert\">&times;</button></div>\');\r\n                            }\r\n                            if (json_main[\'success\']) {\r\n                                $(\'#content > .container-fluid\').prepend(\'<div class=\"alert alert-success\"><i class=\"fa fa-check-circle\"></i> \' + json_main[\'success\'] + \' <button type=\"button\" class=\"close\" data-dismiss=\"alert\">&times;</button></div>\');\r\n                                var token = \'\';\r\n                                $.ajax({\r\n                                    url: \'{{ store_url }}index.php?route=api/login\',\r\n                                    type: \'post\',\r\n                                    data: \'key={{ api_key }}\',\r\n                                    dataType: \'json\',\r\n                                    crossDomain: true,\r\n                                    success: function(json) {\r\n                                        if (json[\'error\']) {\r\n                                            if (json[\'error\'][\'key\']) {\r\n                                                $(\'#content > .container-fluid\').prepend(\'<div class=\"alert alert-danger\"><i class=\"fa fa-exclamation-circle\"></i> \' + json[\'error\'][\'key\'] + \' <button type=\"button\" class=\"close\" data-dismiss=\"alert\">&times;</button></div>\');\r\n                                            }\r\n                                            if (json[\'error\'][\'ip\']) {\r\n                                                $(\'#content > .container-fluid\').prepend(\'<div class=\"alert alert-danger\"><i class=\"fa fa-exclamation-circle\"></i> \' + json[\'error\'][\'ip\'] + \' <button type=\"button\" id=\"button-ip-add\" data-loading-text=\"{{ text_loading }}\" class=\"btn btn-danger btn-xs pull-right\"><i class=\"fa fa-plus\"></i> {{ button_ip_add }}</button></div>\');\r\n                                            }\r\n                                        }\r\n                                        if (json[\'token\']) {\r\n                                            token = json[\'token\'];\r\n                                            $.ajax({\r\n                                                url: \'{{ store_url }}index.php?route=api/order/history&user_token=\'+ token +\'&order_id=\' + $(node).val(),\r\n                                                type: \'post\',\r\n                                                data: \'order_status_id=1&notify=0&override=0&append=0&comment=\'+json_main[\'success\'],\r\n                                                dataType: \'json\',\r\n                                                error: function(xhr, ajaxOptions, thrownError) {\r\n                                                    alert(thrownError + \"\\r\\n\" + xhr.statusText + \"\\r\\n\" + xhr.responseText);\r\n                                                }\r\n                                            });\r\n                                        }\r\n                                    },\r\n                                    error: function(xhr, ajaxOptions, thrownError) {\r\n                                        alert(thrownError + \"\\r\\n\" + xhr.statusText + \"\\r\\n\" + xhr.responseText);\r\n                                    }\r\n                                });\r\n                            }\r\n                        },\r\n                        error: function(xhr, ajaxOptions, thrownError) {\r\n                            alert(thrownError + \"\\r\\n\" + xhr.statusText + \"\\r\\n\" + xhr.responseText);\r\n                        }\r\n                    });\r\n                }\r\n            });\r\n            //\r\n            ]]></add>\r\n        </operation>\r\n    </file>\r\n    <file path=\"catalog/controller/common/footer.php\">\r\n        <operation error=\"skip\">\r\n            <search><![CDATA[$data[\'newsletter\'] = $this->url->link(\'account/newsletter\']]></search>\r\n            <add position=\"after\"><![CDATA[\r\n            $data[\'yandex_metrika_html_code\'] = $this->config->get(\'yandex_money_metrika_active\') && $this->config->get(\'yandex_money_metrika_code\')\r\n                ? html_entity_decode($this->config->get(\'yandex_money_metrika_code\'), ENT_QUOTES, \'UTF-8\')\r\n                : \'\';\r\n            $data[\'yandex_money_kassa_show_in_footer\'] = $this->config->get(\'yandex_money_kassa_enabled\') && $this->config->get(\'yandex_money_kassa_show_in_footer\');\r\n            ]]></add>\r\n        </operation>\r\n    </file>\r\n    <file path=\"catalog/controller/checkout/success.php\">\r\n        <operation>\r\n            <search><![CDATA[if (isset($this->session->data[\'order_id\'])) {]]></search>\r\n            <add position=\"after\"><![CDATA[\r\n                $this->load->model(\'extension/payment/yandex_money\');\r\n                $data[\'script_order\'] = $this->model_extension_payment_yandex_money->getMetricsJavaScript($this->session->data[\'order_id\']);\r\n            ]]></add>\r\n        </operation>\r\n    </file>\r\n    <file path=\"catalog/view/theme/*/template/common/success.twig\">\r\n        <operation>\r\n            <search position=\"replace\"><![CDATA[{{ footer }}]]></search>\r\n            <add><![CDATA[\r\n            {% if script_order is defined %}\r\n            {{ script_order }}\r\n            {% endif %}\r\n            {{ footer }}\r\n            ]]></add>\r\n        </operation>\r\n    </file>\r\n    <file path=\"catalog/view/theme/*/template/common/footer.twig\">\r\n        <operation>\r\n            <search><![CDATA[<footer]]></search>\r\n            <add position=\"before\"><![CDATA[\r\n            {{ yandex_metrika_html_code }}\r\n            <script type=\"text/javascript\">\r\n                window.dataLayer = window.dataLayer || [];\r\n                function sendEcommerceAdd(id, quantity) {\r\n                   $.ajax({\r\n                        url: \'index.php?route=extension/payment/yandex_money/productInfo\',\r\n                        type: \'post\',\r\n                        data: \'id=\' + id,\r\n                        dataType: \'json\',\r\n                        success: function(json) {\r\n                            json.quantity = quantity;\r\n                            dataLayer.push({ecommerce: {add: {products: [json]}}});\r\n                        }\r\n                    });\r\n                }\r\n                $(window).on(\"load\", function () {\r\n                    var opencartCartAdd = cart.add;\r\n                    cart.add = function (product_id, quantity) {\r\n                        opencartCartAdd(product_id, quantity);\r\n                        sendEcommerceAdd(product_id, typeof(quantity) !== \'undefined\' ? parseInt(quantity) : 1);\r\n                    };\r\n\r\n                    $(\'#button-cart\').on(\'click\', function() {\r\n                        var ecommerce_product = new Array();\r\n                        sendEcommerceAdd($(\'#product input[name=\"product_id\"]\').val(), parseInt($(\'#product input[name=\"quantity\"]\').val()));\r\n                    });\r\n                });\r\n            </script>\r\n            ]]></add>\r\n        </operation>\r\n        <operation>\r\n            <search><![CDATA[<p>{{ powered }}</p>]]></search>\r\n            <add position=\"after\"><![CDATA[\r\n            {% if yandex_money_kassa_show_in_footer is defined and yandex_money_kassa_show_in_footer %}\r\n            <p><a href=\"https://kassa.yandex.ru/?_openstat=promo;merchants;opencart2\">Работает Яндекс.Касса</a></p>\r\n            {% endif %}\r\n            ]]></add>\r\n        </operation>\r\n    </file>\r\n    <!-- Вставка скрипта кнопки \"Заплатить по частям\" -->\r\n    <file path=\"catalog/view/theme/*/template/common/header.twig\" error=\"skip\">\r\n        <operation>\r\n            <search><![CDATA[</head]]></search>\r\n            <add position=\"before\">\r\n                <![CDATA[<script src=\"https://static.yandex.net/kassa/pay-in-parts/ui/v1/\"></script>]]></add>\r\n        </operation>\r\n    </file>\r\n    <!-- Получение данных для виджета \"Заплатить по частям\" -->\r\n    <file path=\"catalog/controller/product/product.php\" error=\"skip\">\r\n        <operation>\r\n            <search trim=\"true\"><![CDATA[if ($product_info) {]]></search>\r\n            <add position=\"after\"><![CDATA[\r\n                $enableCreditInEpl = $this->config->get(\'yandex_money_kassa_payment_mode\') === \'kassa\'\r\n                    && $this->config->get(\'yandex_money_kassa_use_installments_button\');\r\n                $enableCreditInShopSide = $this->config->get(\'yandex_money_kassa_payment_mode\') === \'shop\'\r\n                    && $this->config->get(\'yandex_money_kassa_payment_method_installments\');\r\n                $showInstallmentsBlock = $this->config->get(\'yandex_money_kassa_enabled\') && ($enableCreditInEpl || $enableCreditInShopSide)\r\n                    && $this->config->get(\'yandex_money_kassa_add_installments_block\');\r\n\r\n                $data[\'yamoney_showInstallmentsBlock\'] = $showInstallmentsBlock;\r\n                $data[\'yamoney_shop_id\'] = $this->config->get(\'yandex_money_kassa_shop_id\');\r\n                $data[\'yamoney_language_code\'] = $this->language->get(\'code\');\r\n            ]]></add>\r\n        </operation>\r\n        <operation>\r\n            <search trim=\"true\">\r\n                <![CDATA[$data[\'price\'] = $this->currency->format($this->tax->calculate($product_info[\'price\'], $product_info[\'tax_class_id\'], $this->config->get(\'config_tax\')), $this->session->data[\'currency\']);]]></search>\r\n            <add position=\"after\"><![CDATA[\r\n                $data[\'cost\'] = $this->tax->calculate($product_info[\'price\'], $product_info[\'tax_class_id\'], $this->config->get(\'config_tax\'));\r\n            ]]></add>\r\n        </operation>\r\n    </file>\r\n    <!-- Отображение виджета \"Заплатить по частям\" -->\r\n    <file path=\"catalog/view/theme/*/template/product/product.twig\" error=\"skip\">\r\n        <operation>\r\n            <search><![CDATA[<div id=\"product\"> {% if options %}]]></search>\r\n            <add position=\"before\"><![CDATA[\r\n                {% if yamoney_showInstallmentsBlock %}\r\n                    <ul class=\"list-unstyled\"><li class=\"installments-info\"></li></ul>\r\n                {% endif %}\r\n            ]]></add>\r\n        </operation>\r\n        <operation>\r\n            <search><![CDATA[{{ footer }}]]></search>\r\n            <add position=\"before\"><![CDATA[\r\n                <script>\r\n                    {% if yamoney_showInstallmentsBlock %}\r\n                        if (typeof YandexCheckoutCreditUI !== \"undefined\") {\r\n                            const yamoneyCheckoutCreditUI = YandexCheckoutCreditUI({\r\n                                shopId: \'{{ yamoney_shop_id }}\',\r\n                                sum: parseFloat(\'{{ cost }}\'),\r\n                                language: \'{{ yamoney_language_code }}\'\r\n                            });\r\n                            yamoneyCheckoutCreditUI({\r\n                                type: \'info\',\r\n                                domSelector: \'.installments-info\'\r\n                            });\r\n                        }\r\n                    {% endif %}\r\n                    $(window).on(\"load\", function () {\r\n                        window.dataLayer = window.dataLayer || [];\r\n                        dataLayer.push({ecommerce: {detail: {products: [{\r\n                            id: \"{{ product_id }}\",\r\n                            name: \"{{ heading_title }}\",\r\n                            price: parseFloat(\"0\"+\"{{ price }}\".replace(/[^.\\d]+/g,\"\")),\r\n                            brand: \"{{ manufacturer }}\",\r\n                            variant: \"{{ model }}\"\r\n                        }]}}});\r\n                    });\r\n                </script>\r\n            ]]></add>\r\n        </operation>\r\n    </file>\r\n    <file path=\"admin/view/template/catalog/product_form.twig\" error=\"skip\">\r\n        <operation error=\"skip\" info=\"Add Product Properties\">\r\n            <search position=\"after\"><![CDATA[<input type=\"text\" name=\"sort_order\" value=\"{{ sort_order }}\" placeholder=\"{{ entry_sort_order }}\" id=\"input-sort-order\" class=\"form-control\" />]]></search>\r\n            <add><![CDATA[\r\n                    <input type=\"text\" name=\"sort_order\" value=\"{{ sort_order }}\" placeholder=\"{{ entry_sort_order }}\" id=\"input-sort-order\" class=\"form-control\" />\r\n                 </div>\r\n              </div>\r\n              <div class=\"form-group\">\r\n                <label class=\"col-sm-2 control-label\" for=\"input-ym_payment_mode\"><span data-toggle=\"tooltip\" title=\"\">Признак способа расчета</span></label>\r\n                <div class=\"col-sm-10\">\r\n                  <select name=\"ym_payment_mode\" id=\"ym_payment_mode\" class=\"form-control\">\r\n\r\n                    {% for pmValue,pmTitle in paymentModeEnum %}\r\n\r\n                    <option value=\"{{ pmValue }}\" {{ product_ym_payment_mode == pmValue ? \' selected\' : \'\' }}>{{ pmTitle }}</option>\r\n\r\n                    {% endfor %}\r\n\r\n                  </select>\r\n                </div>\r\n              </div>\r\n              <div class=\"form-group\">\r\n                <label class=\"col-sm-2 control-label\" for=\"ym_payment_subject\"><span data-toggle=\"tooltip\" title=\"\">Признак предмета расчета</span></label>\r\n                <div class=\"col-sm-10\">\r\n                  <select name=\"ym_payment_subject\" id=\"ym_payment_subject\" class=\"form-control\">\r\n\r\n                    {% for psValue,psTitle in paymentSubjectEnum %}\r\n\r\n                    <option value=\"{{ psValue }}\" {{ product_ym_payment_subject == psValue ? \' selected\' : \'\' }}>{{ psTitle }}</option>\r\n\r\n                    {% endfor %}\r\n\r\n                  </select>\r\n            ]]></add>\r\n        </operation>\r\n    </file>\r\n\r\n    <file path=\"admin/controller/catalog/product.php\" error=\"skip\">\r\n        <operation error=\"skip\" info=\"Add Capture Link\">\r\n            <search position=\"after\"><![CDATA[$data[\'layouts\'] = $this->model_design_layout->getLayouts();]]></search>\r\n            <add><![CDATA[\r\n                $data[\'layouts\'] = $this->model_design_layout->getLayouts();\r\n                if(!empty($this->request->get[\'product_id\'])) {\r\n                    $res = $this->db->query(\'SELECT * FROM `\'.DB_PREFIX.\'ya_money_product_properties` WHERE product_id=\'.$this->request->get[\'product_id\']);\r\n                    $productProp = $res->row;\r\n                }\r\n                $data[\'product_ym_payment_mode\'] = !empty($productProp[\'payment_mode\']) ? $productProp[\'payment_mode\'] : \'\';\r\n                $data[\'product_ym_payment_subject\'] = !empty($productProp[\'payment_subject\']) ? $productProp[\'payment_subject\'] : \'\';\r\n\r\n                $data[\'paymentModeEnum\'] = array(\r\n                    \'full_prepayment\'    => \'Полная предоплата (\\\'full_prepayment\\\')\',\r\n                    \'partial_prepayment\' => \'Частичная предоплата (\\\'partial_prepayment\\\')\',\r\n                    \'advance\'            => \'Аванс (\\\'advance\\\')\',\r\n                    \'full_payment\'       => \'Полный расчет (\\\'full_payment\\\')\',\r\n                    \'partial_payment\'    => \'Частичный расчет и кредит (\\\'partial_payment\\\')\',\r\n                    \'credit\'             => \'Кредит (\\\'credit\\\')\',\r\n                    \'credit_payment\'     => \'Выплата по кредиту (\\\'credit_payment\\\')\',\r\n                );\r\n                $data[\'paymentSubjectEnum\'] = array(\r\n                    \'commodity\'             => \'Товар (\\\'commodity\\\')\',\r\n                    \'excise\'                => \'Подакцизный товар (\\\'excise\\\')\',\r\n                    \'job\'                   => \'Работа (\\\'job\\\')\',\r\n                    \'service\'               => \'Услуга (\\\'service\\\')\',\r\n                    \'gambling_bet\'          => \'Ставка в азартной игре (\\\'gambling_bet\\\')\',\r\n                    \'gambling_prize\'        => \'Выигрыш в азартной игре (\\\'gambling_prize\\\')\',\r\n                    \'lottery\'               => \'Лотерейный билет (\\\'lottery\\\')\',\r\n                    \'lottery_prize\'         => \'Выигрыш в лотерею (\\\'lottery_prize\\\')\',\r\n                    \'intellectual_activity\' => \'Результаты интеллектуальной деятельности (\\\'intellectual_activity\\\')\',\r\n                    \'payment\'               => \'Платеж (\\\'payment\\\')\',\r\n                    \'agent_commission\'      => \'Агентское вознаграждение (\\\'agent_commission\\\')\',\r\n                    \'composite\'             => \'Несколько вариантов (\\\'composite\\\')\',\r\n                    \'another\'               => \'Другое (\\\'another\\\')\',\r\n                );\r\n            ]]></add>\r\n        </operation>\r\n    </file>\r\n\r\n    <file path=\"admin/controller/catalog/product.php\" error=\"skip\">\r\n        <operation error=\"skip\" info=\"Add Capture Link\">\r\n            <search position=\"after\"><![CDATA[$this->model_catalog_product->editProduct($this->request->get[\'product_id\'], $this->request->post);]]></search>\r\n            <add><![CDATA[\r\n                $this->model_catalog_product->editProduct($this->request->get[\'product_id\'], $this->request->post);\r\n                if(!empty($this->request->post[\'ym_payment_mode\']) && !empty($this->request->post[\'ym_payment_subject\'])) {\r\n                    $res = $this->db->query(\'INSERT INTO `\'.DB_PREFIX.\'ya_money_product_properties` (product_id, payment_mode, payment_subject)\r\n                        VALUES(\'.$this->request->get[\'product_id\'].\', \"\'.$this->request->post[\'ym_payment_mode\'].\'\", \"\'.$this->request->post[\'ym_payment_subject\'].\'\")\r\n                        ON DUPLICATE KEY UPDATE  payment_mode=\"\'.$this->request->post[\'ym_payment_mode\'].\'\", payment_subject=\"\'.$this->request->post[\'ym_payment_subject\'].\'\"\'\r\n                    );\r\n                }\r\n            ]]></add>\r\n        </operation>\r\n    </file>\r\n</modification>',1,'2020-02-04 09:36:34');
/*!40000 ALTER TABLE `umo_modification` ENABLE KEYS */;
UNLOCK TABLES;

--
-- Table structure for table `umo_module`
--

DROP TABLE IF EXISTS `umo_module`;
/*!40101 SET @saved_cs_client     = @@character_set_client */;
/*!40101 SET character_set_client = utf8 */;
CREATE TABLE `umo_module` (
  `module_id` int(11) NOT NULL AUTO_INCREMENT,
  `name` varchar(64) NOT NULL,
  `code` varchar(32) NOT NULL,
  `setting` text NOT NULL,
  PRIMARY KEY (`module_id`)
) ENGINE=MyISAM AUTO_INCREMENT=39 DEFAULT CHARSET=utf8;
/*!40101 SET character_set_client = @saved_cs_client */;

--
-- Dumping data for table `umo_module`
--

LOCK TABLES `umo_module` WRITE;
/*!40000 ALTER TABLE `umo_module` DISABLE KEYS */;
INSERT INTO `umo_module` VALUES (30,'Category','banner','{\"name\":\"Category\",\"banner_id\":\"6\",\"width\":\"182\",\"height\":\"182\",\"status\":\"1\"}'),(29,'Home Page','carousel','{\"name\":\"Home Page\",\"banner_id\":\"8\",\"width\":\"130\",\"height\":\"100\",\"status\":\"1\"}'),(28,'Рекомендуемые товары - главная страница','featured','{\"name\":\"\\u0420\\u0435\\u043a\\u043e\\u043c\\u0435\\u043d\\u0434\\u0443\\u0435\\u043c\\u044b\\u0435 \\u0442\\u043e\\u0432\\u0430\\u0440\\u044b - \\u0433\\u043b\\u0430\\u0432\\u043d\\u0430\\u044f \\u0441\\u0442\\u0440\\u0430\\u043d\\u0438\\u0446\\u0430\",\"product_name\":\"\",\"product\":[\"50\",\"51\",\"53\",\"52\"],\"limit\":\"4\",\"width\":\"300\",\"height\":\"300\",\"status\":\"1\"}'),(27,'Home Page','slideshow','{\"name\":\"Home Page\",\"banner_id\":\"7\",\"width\":\"1140\",\"height\":\"380\",\"status\":\"1\"}'),(31,'Banner 1','banner','{\"name\":\"Banner 1\",\"banner_id\":\"6\",\"width\":\"182\",\"height\":\"182\",\"status\":\"1\"}'),(32,'Последние статьи','blog_latest','{\"name\":\"\\u041f\\u043e\\u0441\\u043b\\u0435\\u0434\\u043d\\u0438\\u0435 \\u0441\\u0442\\u0430\\u0442\\u044c\\u0438\",\"limit\":\"4\",\"width\":\"200\",\"height\":\"200\",\"status\":\"1\"}'),(33,'Рекомендуемые статьи','blog_featured','{\"name\":\"\\u0420\\u0435\\u043a\\u043e\\u043c\\u0435\\u043d\\u0434\\u0443\\u0435\\u043c\\u044b\\u0435 \\u0441\\u0442\\u0430\\u0442\\u044c\\u0438\",\"article_name\":\"\",\"article\":[\"120\",\"123\",\"125\",\"124\"],\"limit\":\"4\",\"width\":\"200\",\"height\":\"200\",\"status\":\"1\"}'),(34,'Рекомендуемые статьи в товаре, категории и производителе','featured_article','{\"name\":\"\\u0420\\u0435\\u043a\\u043e\\u043c\\u0435\\u043d\\u0434\\u0443\\u0435\\u043c\\u044b\\u0435 \\u0441\\u0442\\u0430\\u0442\\u044c\\u0438 \\u0432 \\u0442\\u043e\\u0432\\u0430\\u0440\\u0435, \\u043a\\u0430\\u0442\\u0435\\u0433\\u043e\\u0440\\u0438\\u0438 \\u0438 \\u043f\\u0440\\u043e\\u0438\\u0437\\u0432\\u043e\\u0434\\u0438\\u0442\\u0435\\u043b\\u0435\",\"limit\":\"4\",\"width\":\"200\",\"height\":\"200\",\"status\":\"1\"}'),(35,'Рекомендуемые товары в категории и производителе','featured_product','{\"name\":\"\\u0420\\u0435\\u043a\\u043e\\u043c\\u0435\\u043d\\u0434\\u0443\\u0435\\u043c\\u044b\\u0435 \\u0442\\u043e\\u0432\\u0430\\u0440\\u044b \\u0432 \\u043a\\u0430\\u0442\\u0435\\u0433\\u043e\\u0440\\u0438\\u0438 \\u0438 \\u043f\\u0440\\u043e\\u0438\\u0437\\u0432\\u043e\\u0434\\u0438\\u0442\\u0435\\u043b\\u0435\",\"limit\":\"4\",\"width\":\"200\",\"height\":\"200\",\"status\":\"1\"}'),(38,'Новинки','latest','{\"name\":\"\\u041d\\u043e\\u0432\\u0438\\u043d\\u043a\\u0438\",\"limit\":\"4\",\"width\":\"200\",\"height\":\"200\",\"status\":\"1\"}'),(37,'Attention','blog_featured','{\"name\":\"Attention\",\"article_name\":\"\",\"article\":[\"126\"],\"limit\":\"5\",\"width\":\"200\",\"height\":\"200\",\"status\":\"1\"}');
/*!40000 ALTER TABLE `umo_module` ENABLE KEYS */;
UNLOCK TABLES;

--
-- Table structure for table `umo_option`
--

DROP TABLE IF EXISTS `umo_option`;
/*!40101 SET @saved_cs_client     = @@character_set_client */;
/*!40101 SET character_set_client = utf8 */;
CREATE TABLE `umo_option` (
  `option_id` int(11) NOT NULL AUTO_INCREMENT,
  `type` varchar(32) NOT NULL,
  `sort_order` int(3) NOT NULL,
  PRIMARY KEY (`option_id`)
) ENGINE=MyISAM AUTO_INCREMENT=19 DEFAULT CHARSET=utf8;
/*!40101 SET character_set_client = @saved_cs_client */;

--
-- Dumping data for table `umo_option`
--

LOCK TABLES `umo_option` WRITE;
/*!40000 ALTER TABLE `umo_option` DISABLE KEYS */;
INSERT INTO `umo_option` VALUES (1,'radio',1),(2,'checkbox',2),(4,'text',3),(5,'select',4),(6,'textarea',5),(7,'file',6),(8,'date',7),(9,'time',8),(10,'datetime',9),(11,'select',10),(12,'date',11),(13,'radio',0),(14,'checkbox',0),(15,'radio',0),(16,'radio',0),(17,'radio',0),(18,'radio',0);
/*!40000 ALTER TABLE `umo_option` ENABLE KEYS */;
UNLOCK TABLES;

--
-- Table structure for table `umo_option_description`
--

DROP TABLE IF EXISTS `umo_option_description`;
/*!40101 SET @saved_cs_client     = @@character_set_client */;
/*!40101 SET character_set_client = utf8 */;
CREATE TABLE `umo_option_description` (
  `option_id` int(11) NOT NULL,
  `language_id` int(11) NOT NULL,
  `name` varchar(128) NOT NULL,
  PRIMARY KEY (`option_id`,`language_id`)
) ENGINE=MyISAM DEFAULT CHARSET=utf8;
/*!40101 SET character_set_client = @saved_cs_client */;

--
-- Dumping data for table `umo_option_description`
--

LOCK TABLES `umo_option_description` WRITE;
/*!40000 ALTER TABLE `umo_option_description` DISABLE KEYS */;
INSERT INTO `umo_option_description` VALUES (1,1,'Radio'),(2,1,'Checkbox'),(4,1,'Text'),(6,1,'Textarea'),(8,1,'Date'),(7,1,'File'),(5,1,'Select'),(9,1,'Time'),(10,1,'Date &amp; Time'),(12,1,'Delivery Date'),(11,1,'Size'),(2,2,'Checkbox'),(8,2,'Date'),(10,2,'Date &amp; Time'),(12,2,'Delivery Date'),(7,2,'File'),(1,2,'Radio'),(5,2,'Select'),(11,2,'Size'),(4,2,'Text'),(6,2,'Textarea'),(9,2,'Time'),(13,1,'Добавить фронтальную панель'),(14,2,'Add Third Cooler'),(14,1,'Добавить третий кулер'),(15,1,'Решетки кулеров'),(17,1,'Цвета панелей Gamma'),(17,2,'Gamma panels color'),(13,2,'Add Front Panel'),(16,2,'Coolers colors'),(16,1,'Цвет кулеров'),(18,1,'Грили'),(18,2,'Grills'),(15,2,'Cooler\'s Grills');
/*!40000 ALTER TABLE `umo_option_description` ENABLE KEYS */;
UNLOCK TABLES;

--
-- Table structure for table `umo_option_value`
--

DROP TABLE IF EXISTS `umo_option_value`;
/*!40101 SET @saved_cs_client     = @@character_set_client */;
/*!40101 SET character_set_client = utf8 */;
CREATE TABLE `umo_option_value` (
  `option_value_id` int(11) NOT NULL AUTO_INCREMENT,
  `option_id` int(11) NOT NULL,
  `image` varchar(255) NOT NULL,
  `sort_order` int(3) NOT NULL,
  PRIMARY KEY (`option_value_id`)
) ENGINE=MyISAM AUTO_INCREMENT=72 DEFAULT CHARSET=utf8;
/*!40101 SET character_set_client = @saved_cs_client */;

--
-- Dumping data for table `umo_option_value`
--

LOCK TABLES `umo_option_value` WRITE;
/*!40000 ALTER TABLE `umo_option_value` DISABLE KEYS */;
INSERT INTO `umo_option_value` VALUES (43,1,'',3),(32,1,'',1),(45,2,'',4),(44,2,'',3),(42,5,'',4),(41,5,'',3),(39,5,'',1),(40,5,'',2),(31,1,'',2),(23,2,'',1),(24,2,'',2),(46,11,'',1),(47,11,'',2),(48,11,'',3),(51,14,'',0),(53,15,'catalog/cases/grills/grill1.png',1),(52,15,'',0),(59,16,'catalog/cases/coolers/cooler_blue_320.png',3),(61,17,'catalog/cases/gamma/bh3_side_panels_2020-Feb-17_07-10-02AM-000_CustomizedView12711682401_tiff.jpg',0),(62,17,'catalog/cases/gamma/bh3_side_panels_2020-Feb-17_07-09-21AM-000_CustomizedView43812846288_tiff.jpg',0),(63,17,'catalog/cases/gamma/bh3_side_panels_2020-Feb-17_07-06-18AM-000_CustomizedView2807940999_tiff.jpg',0),(66,13,'catalog/cases/front_panels/pa_blue.png',3),(60,16,'catalog/cases/coolers/cooler_red_320.png',4),(58,16,'catalog/cases/coolers/cooler_green_320.png',2),(56,16,'',0),(57,16,'catalog/cases/coolers/cooler_trans_320.png',1),(68,18,'',0),(69,18,'catalog/cases/grills/grill1.png',1),(70,18,'catalog/cases/grills/grill2.png',2),(71,18,'catalog/cases/grills/grill3.png',3),(54,15,'catalog/cases/grills/grill2.png',2),(55,15,'catalog/cases/grills/grill3.png',3),(65,13,'catalog/cases/front_panels/pa_green.png',2),(64,13,'catalog/cases/front_panels/pa_white.png',1),(49,13,'',0),(67,13,'catalog/cases/front_panels/pa_red.png',4);
/*!40000 ALTER TABLE `umo_option_value` ENABLE KEYS */;
UNLOCK TABLES;

--
-- Table structure for table `umo_option_value_description`
--

DROP TABLE IF EXISTS `umo_option_value_description`;
/*!40101 SET @saved_cs_client     = @@character_set_client */;
/*!40101 SET character_set_client = utf8 */;
CREATE TABLE `umo_option_value_description` (
  `option_value_id` int(11) NOT NULL,
  `language_id` int(11) NOT NULL,
  `option_id` int(11) NOT NULL,
  `name` varchar(128) NOT NULL,
  PRIMARY KEY (`option_value_id`,`language_id`)
) ENGINE=MyISAM DEFAULT CHARSET=utf8;
/*!40101 SET character_set_client = @saved_cs_client */;

--
-- Dumping data for table `umo_option_value_description`
--

LOCK TABLES `umo_option_value_description` WRITE;
/*!40000 ALTER TABLE `umo_option_value_description` DISABLE KEYS */;
INSERT INTO `umo_option_value_description` VALUES (43,1,1,'Large'),(32,1,1,'Small'),(45,1,2,'Checkbox 4'),(44,1,2,'Checkbox 3'),(31,1,1,'Medium'),(42,1,5,'Yellow'),(41,1,5,'Green'),(39,1,5,'Red'),(40,1,5,'Blue'),(23,1,2,'Checkbox 1'),(24,1,2,'Checkbox 2'),(48,1,11,'Large'),(47,1,11,'Medium'),(46,1,11,'Small'),(66,2,13,'Blue'),(51,2,14,'Yes'),(51,1,14,'Да'),(55,1,15,'Три'),(54,2,15,'Two'),(54,1,15,'Две'),(53,2,15,'One'),(53,1,15,'Одна'),(52,2,15,'No'),(52,1,15,'Нет'),(59,2,16,'Blue'),(59,1,16,'Синий'),(58,2,16,'Green'),(58,1,16,'Зеленый'),(61,1,17,'Красный'),(61,2,17,'Red'),(62,1,17,'Зеленый'),(62,2,17,'Green'),(63,1,17,'Синий'),(63,2,17,'Blue'),(66,1,13,'Синяя'),(65,2,13,'Green'),(65,1,13,'Зеленая'),(64,2,13,'White'),(64,1,13,'Белая'),(49,2,13,'No'),(57,2,16,'Clear'),(57,1,16,'Прозрачный'),(56,2,16,'Any'),(56,1,16,'Любой'),(68,1,18,'Нет'),(68,2,18,'No'),(69,1,18,'Один'),(69,2,18,'One'),(70,1,18,'Два'),(70,2,18,'Two'),(71,1,18,'Три'),(71,2,18,'Three'),(55,2,15,'Three'),(60,1,16,'Красный'),(60,2,16,'Red'),(67,1,13,'Красная'),(49,1,13,'Нет'),(67,2,13,'Red');
/*!40000 ALTER TABLE `umo_option_value_description` ENABLE KEYS */;
UNLOCK TABLES;

--
-- Table structure for table `umo_order`
--

DROP TABLE IF EXISTS `umo_order`;
/*!40101 SET @saved_cs_client     = @@character_set_client */;
/*!40101 SET character_set_client = utf8 */;
CREATE TABLE `umo_order` (
  `order_id` int(11) NOT NULL AUTO_INCREMENT,
  `invoice_no` int(11) NOT NULL DEFAULT '0',
  `invoice_prefix` varchar(26) NOT NULL,
  `store_id` int(11) NOT NULL DEFAULT '0',
  `store_name` varchar(64) NOT NULL,
  `store_url` varchar(255) NOT NULL,
  `customer_id` int(11) NOT NULL DEFAULT '0',
  `customer_group_id` int(11) NOT NULL DEFAULT '0',
  `firstname` varchar(32) NOT NULL,
  `lastname` varchar(32) NOT NULL,
  `email` varchar(96) NOT NULL,
  `telephone` varchar(32) NOT NULL,
  `fax` varchar(32) NOT NULL,
  `custom_field` text NOT NULL,
  `payment_firstname` varchar(32) NOT NULL,
  `payment_lastname` varchar(32) NOT NULL,
  `payment_company` varchar(60) NOT NULL,
  `payment_address_1` varchar(128) NOT NULL,
  `payment_address_2` varchar(128) NOT NULL,
  `payment_city` varchar(128) NOT NULL,
  `payment_postcode` varchar(10) NOT NULL,
  `payment_country` varchar(128) NOT NULL,
  `payment_country_id` int(11) NOT NULL,
  `payment_zone` varchar(128) NOT NULL,
  `payment_zone_id` int(11) NOT NULL,
  `payment_address_format` text NOT NULL,
  `payment_custom_field` text NOT NULL,
  `payment_method` varchar(128) NOT NULL,
  `payment_code` varchar(128) NOT NULL,
  `shipping_firstname` varchar(32) NOT NULL,
  `shipping_lastname` varchar(32) NOT NULL,
  `shipping_company` varchar(40) NOT NULL,
  `shipping_address_1` varchar(128) NOT NULL,
  `shipping_address_2` varchar(128) NOT NULL,
  `shipping_city` varchar(128) NOT NULL,
  `shipping_postcode` varchar(10) NOT NULL,
  `shipping_country` varchar(128) NOT NULL,
  `shipping_country_id` int(11) NOT NULL,
  `shipping_zone` varchar(128) NOT NULL,
  `shipping_zone_id` int(11) NOT NULL,
  `shipping_address_format` text NOT NULL,
  `shipping_custom_field` text NOT NULL,
  `shipping_method` varchar(128) NOT NULL,
  `shipping_code` varchar(128) NOT NULL,
  `comment` text NOT NULL,
  `total` decimal(15,4) NOT NULL DEFAULT '0.0000',
  `order_status_id` int(11) NOT NULL DEFAULT '0',
  `affiliate_id` int(11) NOT NULL,
  `commission` decimal(15,4) NOT NULL,
  `marketing_id` int(11) NOT NULL,
  `tracking` varchar(64) NOT NULL,
  `language_id` int(11) NOT NULL,
  `currency_id` int(11) NOT NULL,
  `currency_code` varchar(3) NOT NULL,
  `currency_value` decimal(15,8) NOT NULL DEFAULT '1.00000000',
  `ip` varchar(40) NOT NULL,
  `forwarded_ip` varchar(40) NOT NULL,
  `user_agent` varchar(255) NOT NULL,
  `accept_language` varchar(255) NOT NULL,
  `date_added` datetime NOT NULL,
  `date_modified` datetime NOT NULL,
  PRIMARY KEY (`order_id`)
) ENGINE=MyISAM AUTO_INCREMENT=20 DEFAULT CHARSET=utf8;
/*!40101 SET character_set_client = @saved_cs_client */;

--
-- Dumping data for table `umo_order`
--

LOCK TABLES `umo_order` WRITE;
/*!40000 ALTER TABLE `umo_order` DISABLE KEYS */;
INSERT INTO `umo_order` VALUES (1,0,'INV-2020-00',0,'Ваш магазин','https://umolab.ru/shop/',1,1,'Максим','Пятков','blkdem@blkdem.ru','+7903907335','','','Максим','Пятков','','ул 50 лет города','ул 50 лет города','Киселевск','652723','Российская Федерация',176,'Кемеровская область',2747,'','[]','Оплата при доставке','cod','Максим','Пятков','','ул 50 лет города','ул 50 лет города','Киселевск','652723','Российская Федерация',176,'Кемеровская область',2747,'','[]','Доставка с фиксированной стоимостью','flat.flat','',233.0000,1,0,0.0000,0,'EFKVaRdL5SpdXxwFEpSOP2Fw8wGcvXPzsVWIL6nvLaKOwHmVsJLaTKDbR7hyishs',1,1,'RUB',1.00000000,'176.197.55.222','','Mozilla/5.0 (Windows NT 10.0; Win64; x64) AppleWebKit/537.36 (KHTML, like Gecko) Chrome/79.0.3945.130 Safari/537.36','ru-RU,ru;q=0.9,en-US;q=0.8,en;q=0.7,it;q=0.6,la;q=0.5','2020-02-03 12:08:30','2020-02-03 12:08:34'),(2,0,'INV-2020-00',0,'Ваш магазин','https://umolab.ru/shop/',1,1,'Максим','Пятков','blkdem@blkdem.ru','+7903907335','','','Максим','Пятков','','ул 50 лет города','ул 50 лет города','Киселевск','652723','Российская Федерация',176,'Кемеровская область',2747,'','[]','Оплата при доставке','cod','Максим','Пятков','','ул 50 лет города','ул 50 лет города','Киселевск','652723','Российская Федерация',176,'Кемеровская область',2747,'','[]','Доставка с фиксированной стоимостью','flat.flat','',233.0000,0,0,0.0000,0,'EFKVaRdL5SpdXxwFEpSOP2Fw8wGcvXPzsVWIL6nvLaKOwHmVsJLaTKDbR7hyishs',1,1,'RUB',1.00000000,'176.197.55.222','','Mozilla/5.0 (Windows NT 10.0; Win64; x64) AppleWebKit/537.36 (KHTML, like Gecko) Chrome/79.0.3945.130 Safari/537.36','ru-RU,ru;q=0.9,en-US;q=0.8,en;q=0.7,it;q=0.6,la;q=0.5','2020-02-03 12:10:07','2020-02-03 12:10:07'),(3,0,'INV-2020-00',0,'Ваш магазин','https://umolab.ru/shop/',1,1,'Максим','Пятков','blkdem@blkdem.ru','+7903907335','','','Максим','Пятков','','ул 50 лет города','ул 50 лет города','Киселевск','652723','Российская Федерация',176,'Кемеровская область',2747,'','[]','Оплата при доставке','cod','Максим','Пятков','','ул 50 лет города','ул 50 лет города','Киселевск','652723','Российская Федерация',176,'Кемеровская область',2747,'','[]','Доставка с фиксированной стоимостью','flat.flat','',106.0000,1,0,0.0000,0,'EFKVaRdL5SpdXxwFEpSOP2Fw8wGcvXPzsVWIL6nvLaKOwHmVsJLaTKDbR7hyishs',1,1,'RUB',1.00000000,'176.197.55.222','','Mozilla/5.0 (Windows NT 10.0; Win64; x64) AppleWebKit/537.36 (KHTML, like Gecko) Chrome/79.0.3945.130 Safari/537.36','ru-RU,ru;q=0.9,en-US;q=0.8,en;q=0.7,it;q=0.6,la;q=0.5','2020-02-03 12:11:56','2020-02-03 12:11:57'),(4,0,'INV-2020-00',0,'Umolab.Ru','https://umolab.ru/shop/',1,1,'Максим','Пятков','blkdem@blkdem.ru','+7903907335','','','Максим','Пятков','','ул 50 лет города','ул 50 лет города','Киселевск','652723','Российская Федерация',176,'Кемеровская область',2747,'','[]','Оплата при доставке','cod','Максим','Пятков','','ул 50 лет города','ул 50 лет города','Киселевск','652723','Российская Федерация',176,'Кемеровская область',2747,'','[]','Доставка с фиксированной стоимостью','flat.flat','',106.0000,1,0,0.0000,0,'EFKVaRdL5SpdXxwFEpSOP2Fw8wGcvXPzsVWIL6nvLaKOwHmVsJLaTKDbR7hyishs',1,1,'RUB',1.00000000,'176.197.55.222','','Mozilla/5.0 (Windows NT 10.0; Win64; x64) AppleWebKit/537.36 (KHTML, like Gecko) Chrome/79.0.3945.130 Safari/537.36','ru-RU,ru;q=0.9,en-US;q=0.8,en;q=0.7,it;q=0.6,la;q=0.5','2020-02-04 08:28:04','2020-02-04 08:28:06'),(5,0,'INV-2020-00',0,'Umolab.Ru','https://umolab.ru/shop/',1,1,'Максим','Пятков','blkdem@blkdem.ru','+7903907335','','','Максим','Пятков','','ул 50 лет города','ул 50 лет города','Киселевск','652723','Российская Федерация',176,'Кемеровская область',2747,'','[]','Оплата при доставке','cod','Максим','Пятков','','ул 50 лет города','ул 50 лет города','Киселевск','652723','Российская Федерация',176,'Кемеровская область',2747,'','[]','Доставка с фиксированной стоимостью','flat.flat','',106.0000,1,0,0.0000,0,'EFKVaRdL5SpdXxwFEpSOP2Fw8wGcvXPzsVWIL6nvLaKOwHmVsJLaTKDbR7hyishs',1,1,'RUB',1.00000000,'176.197.55.222','','Mozilla/5.0 (Windows NT 10.0; Win64; x64) AppleWebKit/537.36 (KHTML, like Gecko) Chrome/79.0.3945.130 Safari/537.36','ru-RU,ru;q=0.9,en-US;q=0.8,en;q=0.7,it;q=0.6,la;q=0.5','2020-02-04 09:04:29','2020-02-04 09:04:31'),(6,0,'INV-2020-00',0,'Umolab.Ru','https://umolab.ru/shop/',1,1,'Максим','Пятков','blkdem@blkdem.ru','+7903907335','','','Максим','Пятков','','ул 50 лет города','ул 50 лет города','Киселевск','652723','Российская Федерация',176,'Кемеровская область',2747,'','[]','Оплата при доставке','cod','Максим','Пятков','','ул 50 лет города','ул 50 лет города','Киселевск','652723','Российская Федерация',176,'Кемеровская область',2747,'','[]','Доставка с фиксированной стоимостью','flat.flat','',85.0000,1,0,0.0000,0,'EFKVaRdL5SpdXxwFEpSOP2Fw8wGcvXPzsVWIL6nvLaKOwHmVsJLaTKDbR7hyishs',1,1,'RUB',1.00000000,'176.197.55.222','','Mozilla/5.0 (Windows NT 10.0; Win64; x64) AppleWebKit/537.36 (KHTML, like Gecko) Chrome/79.0.3945.130 Safari/537.36','ru-RU,ru;q=0.9,en-US;q=0.8,en;q=0.7,it;q=0.6,la;q=0.5','2020-02-04 09:06:50','2020-02-04 09:06:51'),(7,0,'INV-2020-00',0,'Umolab.Ru','https://umolab.ru/shop/',1,1,'Максим','Пятков','blkdem@blkdem.ru','+7903907335','','','Максим','Пятков','','ул 50 лет города','ул 50 лет города','Киселевск','652723','Российская Федерация',176,'Кемеровская область',2747,'','[]','Яндекс.Деньги (банковские карты, кошелек)','yandex_money','Максим','Пятков','','ул 50 лет города','ул 50 лет города','Киселевск','652723','Российская Федерация',176,'Кемеровская область',2747,'','[]','Доставка с фиксированной стоимостью','flat.flat','',106.0000,5,0,0.0000,0,'EFKVaRdL5SpdXxwFEpSOP2Fw8wGcvXPzsVWIL6nvLaKOwHmVsJLaTKDbR7hyishs',1,1,'RUB',1.00000000,'176.197.55.222','','Mozilla/5.0 (Windows NT 10.0; Win64; x64) AppleWebKit/537.36 (KHTML, like Gecko) Chrome/79.0.3945.130 Safari/537.36','ru-RU,ru;q=0.9,en-US;q=0.8,en;q=0.7,it;q=0.6,la;q=0.5','2020-02-04 09:44:17','2020-02-04 09:44:49'),(8,0,'INV-2020-00',0,'Umolab.Ru','https://umolab.ru/shop/',1,1,'Максим','Пятков','blkdem@blkdem.ru','+7903907335','','','Максим','Пятков','','ул 50 лет города','ул 50 лет города','Киселевск','652723','Российская Федерация',176,'Кемеровская область',2747,'','[]','Оплата при доставке','cod','Максим','Пятков','','ул 50 лет города','ул 50 лет города','Киселевск','652723','Российская Федерация',176,'Кемеровская область',2747,'','[]','Доставка с фиксированной стоимостью','flat.flat','',85.0000,1,0,0.0000,0,'EFKVaRdL5SpdXxwFEpSOP2Fw8wGcvXPzsVWIL6nvLaKOwHmVsJLaTKDbR7hyishs',1,1,'RUB',1.00000000,'176.197.55.222','','Mozilla/5.0 (Windows NT 10.0; Win64; x64) AppleWebKit/537.36 (KHTML, like Gecko) Chrome/79.0.3945.130 Safari/537.36','ru-RU,ru;q=0.9,en-US;q=0.8,en;q=0.7,it;q=0.6,la;q=0.5','2020-02-04 09:50:31','2020-02-04 09:50:33'),(9,0,'INV-2020-00',0,'Umolab.Ru','https://umolab.ru/shop/',1,1,'Максим','Пятков','blkdem@blkdem.ru','+7903907335','','','Максим','Пятков','','ул 50 лет города','ул 50 лет города','Киселевск','652723','Российская Федерация',176,'Кемеровская область',2747,'','[]','Оплатить криптовалютой <img src=\"catalog/view/theme/default/image/btca_btc_logo.svg\" alt=\"\" width=\"16\" style=\"margin-top:-3px;\">','apirone','Максим','Пятков','','ул 50 лет города','ул 50 лет города','Киселевск','652723','Российская Федерация',176,'Кемеровская область',2747,'','[]','Доставка с фиксированной стоимостью','flat.flat','',85.0000,0,0,0.0000,0,'EFKVaRdL5SpdXxwFEpSOP2Fw8wGcvXPzsVWIL6nvLaKOwHmVsJLaTKDbR7hyishs',1,1,'RUB',1.00000000,'176.197.55.222','','Mozilla/5.0 (Windows NT 10.0; Win64; x64) AppleWebKit/537.36 (KHTML, like Gecko) Chrome/79.0.3945.130 Safari/537.36','ru-RU,ru;q=0.9,en-US;q=0.8,en;q=0.7,it;q=0.6,la;q=0.5','2020-02-04 10:04:08','2020-02-04 10:04:08'),(10,0,'UL-2020-00',0,'Umolab.Ru','https://umolab.ru/shop/',1,1,'Максим','Пятков','blkdem@blkdem.ru','+7903907335','','','Максим','Пятков','','ул 50 лет города','ул 50 лет города','Киселевск','652723','Российская Федерация',176,'Кемеровская область',2747,'','[]','Оплата при доставке','cod','Максим','Пятков','','ул 50 лет города','ул 50 лет города','Киселевск','652723','Российская Федерация',176,'Кемеровская область',2747,'','[]','Доставка с фиксированной стоимостью','flat.flat','',8005.0000,1,0,0.0000,0,'',1,1,'RUB',1.00000000,'87.103.199.183','','Mozilla/5.0 (Windows NT 10.0; Win64; x64) AppleWebKit/537.36 (KHTML, like Gecko) Chrome/79.0.3945.130 Safari/537.36','ru-RU,ru;q=0.9,en-US;q=0.8,en;q=0.7,it;q=0.6,la;q=0.5','2020-02-06 16:34:24','2020-02-06 16:34:31'),(11,0,'UL-2020-00',0,'Umolab.Ru','https://umolab.ru/shop/',2,1,'Максим','Пятков','m_sp@mail.ru','89039073355','','','Максим','Пятков','','ул 50 лет города','ул 50 лет города','Киселевск','652723','Российская Федерация',176,'Кемеровская область',2747,'','[]','Оплата при доставке','cod','Максим','Пятков','','ул 50 лет города','ул 50 лет города','Киселевск','652723','Российская Федерация',176,'Кемеровская область',2747,'','[]','Доставка с фиксированной стоимостью','flat.flat','',10004.0000,1,0,0.0000,0,'EFKVaRdL5SpdXxwFEpSOP2Fw8wGcvXPzsVWIL6nvLaKOwHmVsJLaTKDbR7hyishs',1,1,'RUB',1.00000000,'176.197.55.222','','Mozilla/5.0 (Windows NT 10.0; Win64; x64) AppleWebKit/537.36 (KHTML, like Gecko) Chrome/80.0.3987.100 Safari/537.36','ru-RU,ru;q=0.9,en-US;q=0.8,en;q=0.7,it;q=0.6,la;q=0.5','2020-02-13 05:15:18','2020-02-13 05:15:23'),(12,0,'UL-2020-00',0,'Umolab.Ru','https://umolab.ru/shop/',1,1,'Максим','Пятков','blkdem@blkdem.ru','+7903907335','','','Максим','Пятков','','ул 50 лет города','ул 50 лет города','Киселевск','652723','Российская Федерация',176,'Кемеровская область',2747,'','[]','Оплата при доставке','cod','Максим','Пятков','','ул 50 лет города','ул 50 лет города','Киселевск','652723','Российская Федерация',176,'Кемеровская область',2747,'','[]','Доставка с фиксированной стоимостью','flat.flat','',14905.0000,1,0,0.0000,0,'',1,1,'RUB',1.00000000,'87.103.199.183','','Mozilla/5.0 (Windows NT 10.0; Win64; x64) AppleWebKit/537.36 (KHTML, like Gecko) Chrome/79.0.3945.130 Safari/537.36','ru-RU,ru;q=0.9,en-US;q=0.8,en;q=0.7,it;q=0.6,la;q=0.5','2020-02-16 16:10:05','2020-02-16 16:10:08'),(14,0,'UL-2020-00',0,'Umolab.Ru','https://umolab.ru/shop/',1,1,'Максим','Пятков','blkdem@blkdem.ru','+7903907335','','','Максим','Пятков','','ул 50 лет города','ул 50 лет города','Киселевск','652723','Российская Федерация',176,'Кемеровская область',2747,'','[]','Яндекс.Деньги (банковские карты, кошелек)','yandex_money','Максим','Пятков','','ул 50 лет города','ул 50 лет города','Киселевск','652723','Российская Федерация',176,'Кемеровская область',2747,'','[]','Доставка с фиксированной стоимостью','flat.flat','',11300.0000,0,0,0.0000,0,'',1,1,'RUB',1.00000000,'176.197.55.222','','Mozilla/5.0 (Windows NT 10.0; Win64; x64) AppleWebKit/537.36 (KHTML, like Gecko) Chrome/81.0.4044.113 Safari/537.36','ru-RU,ru;q=0.9,en-US;q=0.8,en;q=0.7,it;q=0.6,la;q=0.5','2020-06-16 08:10:24','2020-06-16 08:10:24'),(15,0,'UL-2020-00',0,'Umolab.Ru','https://umolab.ru/shop/',1,1,'Максим','Пятков','blkdem@blkdem.ru','+7903907335','','','Максим','Пятков','','ул 50 лет города','ул 50 лет города','Киселевск','652723','Российская Федерация',176,'Кемеровская область',2747,'','[]','Яндекс.Деньги (банковские карты, кошелек)','yandex_money','Максим','Пятков','','ул 50 лет города','ул 50 лет города','Киселевск','652723','Российская Федерация',176,'Кемеровская область',2747,'','[]','Доставка с фиксированной стоимостью','flat.flat','',12300.0000,0,0,0.0000,0,'',1,2,'USD',0.01697793,'176.197.55.222','','Mozilla/5.0 (Windows NT 10.0; Win64; x64) AppleWebKit/537.36 (KHTML, like Gecko) Chrome/81.0.4044.113 Safari/537.36','ru-RU,ru;q=0.9,en-US;q=0.8,en;q=0.7,it;q=0.6,la;q=0.5','2020-06-16 08:27:50','2020-06-16 08:27:50'),(16,0,'UL-2020-00',0,'Umolab.Ru','https://umolab.ru/shop/',1,1,'Максим','Пятков','blkdem@blkdem.ru','+7903907335','','','Максим','Пятков','','ул 50 лет города','ул 50 лет города','Киселевск','652723','Российская Федерация',176,'Кемеровская область',2747,'','[]','Яндекс.Деньги (банковские карты, кошелек)','yandex_money','Максим','Пятков','','ул 50 лет города','ул 50 лет города','Киселевск','652723','Российская Федерация',176,'Кемеровская область',2747,'','[]','Доставка с фиксированной стоимостью','flat.flat','',12300.0000,0,0,0.0000,0,'',1,1,'RUB',1.00000000,'176.197.55.222','','Mozilla/5.0 (Windows NT 10.0; Win64; x64) AppleWebKit/537.36 (KHTML, like Gecko) Chrome/81.0.4044.113 Safari/537.36','ru-RU,ru;q=0.9,en-US;q=0.8,en;q=0.7,it;q=0.6,la;q=0.5','2020-06-16 08:28:18','2020-06-16 08:28:18'),(17,0,'UL-2020-00',0,'Umolab.Ru','https://umolab.ru/shop/',1,1,'Максим','Пятков','blkdem@blkdem.ru','+7903907335','','','Максим','Пятков','','ул 50 лет города','ул 50 лет города','Киселевск','652723','Российская Федерация',176,'Кемеровская область',2747,'','[]','PayPal','pp_standard','Максим','Пятков','','ул 50 лет города','ул 50 лет города','Киселевск','652723','Российская Федерация',176,'Кемеровская область',2747,'','[]','Доставка с фиксированной стоимостью','flat.flat','',16300.0000,0,0,0.0000,0,'',1,1,'RUB',1.00000000,'176.197.55.222','','Mozilla/5.0 (Windows NT 10.0; Win64; x64) AppleWebKit/537.36 (KHTML, like Gecko) Chrome/84.0.4147.125 Safari/537.36','ru-RU,ru;q=0.9,en-US;q=0.8,en;q=0.7,it;q=0.6,la;q=0.5','2020-09-02 10:27:10','2020-09-02 10:27:10');
/*!40000 ALTER TABLE `umo_order` ENABLE KEYS */;
UNLOCK TABLES;

--
-- Table structure for table `umo_order_history`
--

DROP TABLE IF EXISTS `umo_order_history`;
/*!40101 SET @saved_cs_client     = @@character_set_client */;
/*!40101 SET character_set_client = utf8 */;
CREATE TABLE `umo_order_history` (
  `order_history_id` int(11) NOT NULL AUTO_INCREMENT,
  `order_id` int(11) NOT NULL,
  `order_status_id` int(11) NOT NULL,
  `notify` tinyint(1) NOT NULL DEFAULT '0',
  `comment` text NOT NULL,
  `date_added` datetime NOT NULL,
  PRIMARY KEY (`order_history_id`)
) ENGINE=MyISAM AUTO_INCREMENT=18 DEFAULT CHARSET=utf8;
/*!40101 SET character_set_client = @saved_cs_client */;

--
-- Dumping data for table `umo_order_history`
--

LOCK TABLES `umo_order_history` WRITE;
/*!40000 ALTER TABLE `umo_order_history` DISABLE KEYS */;
INSERT INTO `umo_order_history` VALUES (1,1,1,0,'','2020-02-03 12:08:34'),(2,3,1,0,'','2020-02-03 12:11:57'),(3,4,1,0,'','2020-02-04 08:28:06'),(4,5,1,0,'','2020-02-04 09:04:31'),(5,6,1,0,'','2020-02-04 09:06:51'),(6,7,1,0,'<a href=\"https://umolab.ru/shop/index.php?route=extension/payment/yandex_money/repay&amp;order_id=7\" class=\"button\">Оплатить</a>','2020-02-04 09:44:21'),(7,7,5,0,'Платёж номер подтверждён','2020-02-04 09:44:49'),(8,8,1,0,'','2020-02-04 09:50:33'),(9,10,1,0,'','2020-02-06 16:34:31'),(10,11,1,0,'','2020-02-13 05:15:23'),(11,12,1,0,'','2020-02-16 16:10:08');
/*!40000 ALTER TABLE `umo_order_history` ENABLE KEYS */;
UNLOCK TABLES;

--
-- Table structure for table `umo_order_option`
--

DROP TABLE IF EXISTS `umo_order_option`;
/*!40101 SET @saved_cs_client     = @@character_set_client */;
/*!40101 SET character_set_client = utf8 */;
CREATE TABLE `umo_order_option` (
  `order_option_id` int(11) NOT NULL AUTO_INCREMENT,
  `order_id` int(11) NOT NULL,
  `order_product_id` int(11) NOT NULL,
  `product_option_id` int(11) NOT NULL,
  `product_option_value_id` int(11) NOT NULL DEFAULT '0',
  `name` varchar(255) NOT NULL,
  `value` text NOT NULL,
  `type` varchar(32) NOT NULL,
  PRIMARY KEY (`order_option_id`)
) ENGINE=MyISAM AUTO_INCREMENT=27 DEFAULT CHARSET=utf8;
/*!40101 SET character_set_client = @saved_cs_client */;

--
-- Dumping data for table `umo_order_option`
--

LOCK TABLES `umo_order_option` WRITE;
/*!40000 ALTER TABLE `umo_order_option` DISABLE KEYS */;
INSERT INTO `umo_order_option` VALUES (1,1,1,218,5,'Radio','Small','radio'),(2,1,1,223,8,'Checkbox','Checkbox 1','checkbox'),(3,1,1,208,0,'Text','test','text'),(4,1,1,217,4,'Select','Red','select'),(5,1,1,209,0,'Textarea','121212122','textarea'),(6,1,1,222,0,'File','1a209132765b44115bf343c126d9d9fa2350744f','file'),(7,1,1,219,0,'Date','2011-02-20','date'),(8,1,1,221,0,'Time','22:25','time'),(9,1,1,220,0,'Date &amp; Time','2011-02-20 22:25','datetime'),(10,2,2,218,5,'Radio','Small','radio'),(11,2,2,223,8,'Checkbox','Checkbox 1','checkbox'),(12,2,2,208,0,'Text','test','text'),(13,2,2,217,4,'Select','Red','select'),(14,2,2,209,0,'Textarea','121212122','textarea'),(15,2,2,222,0,'File','TDVhNXFJODZNYll2MDVMR1R4SFhJdTVyMXUwQ3F1dHZ1TlhDSVpjLzBjU2w1d1lKNUxBWWZwb2FXZWtMN0NLRA,,','file'),(16,2,2,219,0,'Date','2011-02-20','date'),(17,2,2,221,0,'Time','22:25','time'),(18,2,2,220,0,'Date &amp; Time','2011-02-20 22:25','datetime'),(19,6,6,226,15,'Select','Red','select'),(20,8,8,226,16,'Select','Blue','select'),(21,9,9,226,15,'Select','Red','select'),(22,10,10,228,19,'Добавить фронтальную панель (Стандарт+)','Да','checkbox'),(23,15,15,232,32,'Цвета панелей Gamma','Красный','radio'),(24,15,15,233,38,'Добавить фронтальную панель','Белая','radio'),(25,16,16,232,32,'Цвета панелей Gamma','Красный','radio'),(26,16,16,233,38,'Добавить фронтальную панель','Белая','radio');
/*!40000 ALTER TABLE `umo_order_option` ENABLE KEYS */;
UNLOCK TABLES;

--
-- Table structure for table `umo_order_product`
--

DROP TABLE IF EXISTS `umo_order_product`;
/*!40101 SET @saved_cs_client     = @@character_set_client */;
/*!40101 SET character_set_client = utf8 */;
CREATE TABLE `umo_order_product` (
  `order_product_id` int(11) NOT NULL AUTO_INCREMENT,
  `order_id` int(11) NOT NULL,
  `product_id` int(11) NOT NULL,
  `name` varchar(255) NOT NULL,
  `model` varchar(64) NOT NULL,
  `quantity` int(4) NOT NULL,
  `price` decimal(15,4) NOT NULL DEFAULT '0.0000',
  `total` decimal(15,4) NOT NULL DEFAULT '0.0000',
  `tax` decimal(15,4) NOT NULL DEFAULT '0.0000',
  `reward` int(8) NOT NULL,
  PRIMARY KEY (`order_product_id`),
  KEY `order_id` (`order_id`)
) ENGINE=MyISAM AUTO_INCREMENT=20 DEFAULT CHARSET=utf8;
/*!40101 SET character_set_client = @saved_cs_client */;

--
-- Dumping data for table `umo_order_product`
--

LOCK TABLES `umo_order_product` WRITE;
/*!40000 ALTER TABLE `umo_order_product` DISABLE KEYS */;
INSERT INTO `umo_order_product` VALUES (1,1,42,'Apple Cinema 30&quot;','Product 15',2,114.0000,228.0000,0.0000,200),(2,2,42,'Apple Cinema 30&quot;','Product 15',2,114.0000,228.0000,0.0000,200),(3,3,40,'iPhone','product 11',1,101.0000,101.0000,0.0000,0),(4,4,40,'iPhone','product 11',1,101.0000,101.0000,0.0000,0),(5,5,40,'iPhone','product 11',1,101.0000,101.0000,0.0000,0),(6,6,30,'Canon EOS 5D','Product 3',1,80.0000,80.0000,0.0000,200),(7,7,40,'iPhone','product 11',1,101.0000,101.0000,0.0000,0),(8,8,30,'Canon EOS 5D','Product 3',1,80.0000,80.0000,0.0000,200),(9,9,30,'Canon EOS 5D','Product 3',1,80.0000,80.0000,0.0000,200),(10,10,51,'Корпус из акрила &quot;Стандарт+&quot;','BH-STD+',1,8000.0000,8000.0000,0.0000,0),(11,11,53,'Корпус из акрила &quot;Гамма&quot;','BH-GM1',1,9999.0000,9999.0000,0.0000,0),(12,12,52,'Корпус из акрила &quot;Амбрелла&quot;','BH-U1',1,14900.0000,14900.0000,0.0000,0),(14,14,53,'Корпус из акрила &quot;Gamma&quot;','BH-GM1',1,9900.0000,9900.0000,0.0000,0),(15,15,53,'Корпус из акрила &quot;Gamma&quot;','BH-GM1',1,10900.0000,10900.0000,0.0000,0),(16,16,53,'Корпус из акрила &quot;Gamma&quot;','BH-GM1',1,10900.0000,10900.0000,0.0000,0),(17,17,52,'Корпус из акрила &quot;Umbrella&quot;','BH-U1',1,14900.0000,14900.0000,0.0000,0);
/*!40000 ALTER TABLE `umo_order_product` ENABLE KEYS */;
UNLOCK TABLES;

--
-- Table structure for table `umo_order_recurring`
--

DROP TABLE IF EXISTS `umo_order_recurring`;
/*!40101 SET @saved_cs_client     = @@character_set_client */;
/*!40101 SET character_set_client = utf8 */;
CREATE TABLE `umo_order_recurring` (
  `order_recurring_id` int(11) NOT NULL AUTO_INCREMENT,
  `order_id` int(11) NOT NULL,
  `reference` varchar(255) NOT NULL,
  `product_id` int(11) NOT NULL,
  `product_name` varchar(255) NOT NULL,
  `product_quantity` int(11) NOT NULL,
  `recurring_id` int(11) NOT NULL,
  `recurring_name` varchar(255) NOT NULL,
  `recurring_description` varchar(255) NOT NULL,
  `recurring_frequency` varchar(25) NOT NULL,
  `recurring_cycle` smallint(6) NOT NULL,
  `recurring_duration` smallint(6) NOT NULL,
  `recurring_price` decimal(10,4) NOT NULL,
  `trial` tinyint(1) NOT NULL,
  `trial_frequency` varchar(25) NOT NULL,
  `trial_cycle` smallint(6) NOT NULL,
  `trial_duration` smallint(6) NOT NULL,
  `trial_price` decimal(10,4) NOT NULL,
  `status` tinyint(4) NOT NULL,
  `date_added` datetime NOT NULL,
  PRIMARY KEY (`order_recurring_id`)
) ENGINE=MyISAM DEFAULT CHARSET=utf8;
/*!40101 SET character_set_client = @saved_cs_client */;

--
-- Dumping data for table `umo_order_recurring`
--

LOCK TABLES `umo_order_recurring` WRITE;
/*!40000 ALTER TABLE `umo_order_recurring` DISABLE KEYS */;
/*!40000 ALTER TABLE `umo_order_recurring` ENABLE KEYS */;
UNLOCK TABLES;

--
-- Table structure for table `umo_order_recurring_transaction`
--

DROP TABLE IF EXISTS `umo_order_recurring_transaction`;
/*!40101 SET @saved_cs_client     = @@character_set_client */;
/*!40101 SET character_set_client = utf8 */;
CREATE TABLE `umo_order_recurring_transaction` (
  `order_recurring_transaction_id` int(11) NOT NULL AUTO_INCREMENT,
  `order_recurring_id` int(11) NOT NULL,
  `reference` varchar(255) NOT NULL,
  `type` varchar(255) NOT NULL,
  `amount` decimal(10,4) NOT NULL,
  `date_added` datetime NOT NULL,
  PRIMARY KEY (`order_recurring_transaction_id`)
) ENGINE=MyISAM DEFAULT CHARSET=utf8;
/*!40101 SET character_set_client = @saved_cs_client */;

--
-- Dumping data for table `umo_order_recurring_transaction`
--

LOCK TABLES `umo_order_recurring_transaction` WRITE;
/*!40000 ALTER TABLE `umo_order_recurring_transaction` DISABLE KEYS */;
/*!40000 ALTER TABLE `umo_order_recurring_transaction` ENABLE KEYS */;
UNLOCK TABLES;

--
-- Table structure for table `umo_order_shipment`
--

DROP TABLE IF EXISTS `umo_order_shipment`;
/*!40101 SET @saved_cs_client     = @@character_set_client */;
/*!40101 SET character_set_client = utf8 */;
CREATE TABLE `umo_order_shipment` (
  `order_shipment_id` int(11) NOT NULL AUTO_INCREMENT,
  `order_id` int(11) NOT NULL,
  `date_added` datetime NOT NULL,
  `shipping_courier_id` varchar(255) NOT NULL DEFAULT '',
  `tracking_number` varchar(255) NOT NULL DEFAULT '',
  PRIMARY KEY (`order_shipment_id`)
) ENGINE=MyISAM DEFAULT CHARSET=utf8;
/*!40101 SET character_set_client = @saved_cs_client */;

--
-- Dumping data for table `umo_order_shipment`
--

LOCK TABLES `umo_order_shipment` WRITE;
/*!40000 ALTER TABLE `umo_order_shipment` DISABLE KEYS */;
/*!40000 ALTER TABLE `umo_order_shipment` ENABLE KEYS */;
UNLOCK TABLES;

--
-- Table structure for table `umo_order_status`
--

DROP TABLE IF EXISTS `umo_order_status`;
/*!40101 SET @saved_cs_client     = @@character_set_client */;
/*!40101 SET character_set_client = utf8 */;
CREATE TABLE `umo_order_status` (
  `order_status_id` int(11) NOT NULL AUTO_INCREMENT,
  `language_id` int(11) NOT NULL,
  `name` varchar(32) NOT NULL,
  PRIMARY KEY (`order_status_id`,`language_id`)
) ENGINE=MyISAM AUTO_INCREMENT=17 DEFAULT CHARSET=utf8;
/*!40101 SET character_set_client = @saved_cs_client */;

--
-- Dumping data for table `umo_order_status`
--

LOCK TABLES `umo_order_status` WRITE;
/*!40000 ALTER TABLE `umo_order_status` DISABLE KEYS */;
INSERT INTO `umo_order_status` VALUES (2,1,'В обработке'),(3,1,'Доставлено'),(7,1,'Отменено'),(5,1,'Сделка завершена'),(8,1,'Возврат'),(9,1,'Отмена и аннулирование'),(10,1,'Неудавшийся'),(11,1,'Возмещенный'),(12,1,'Полностью измененный'),(13,1,'Полный возврат'),(1,1,'Ожидание'),(15,1,'Обработано'),(14,1,'Истекло'),(2,2,'Processing'),(8,2,'Denied'),(11,2,'Refunded'),(3,2,'Shipped'),(10,2,'Failed'),(1,2,'Pending'),(9,2,'Canceled Reversal'),(7,2,'Canceled'),(12,2,'Reversed'),(13,2,'Chargeback'),(5,2,'Complete'),(14,2,'Expired'),(16,1,'Анулированный'),(16,2,'Voided'),(15,2,'Processed');
/*!40000 ALTER TABLE `umo_order_status` ENABLE KEYS */;
UNLOCK TABLES;

--
-- Table structure for table `umo_order_total`
--

DROP TABLE IF EXISTS `umo_order_total`;
/*!40101 SET @saved_cs_client     = @@character_set_client */;
/*!40101 SET character_set_client = utf8 */;
CREATE TABLE `umo_order_total` (
  `order_total_id` int(10) NOT NULL AUTO_INCREMENT,
  `order_id` int(11) NOT NULL,
  `code` varchar(32) NOT NULL,
  `title` varchar(255) NOT NULL,
  `value` decimal(15,4) NOT NULL DEFAULT '0.0000',
  `sort_order` int(3) NOT NULL,
  PRIMARY KEY (`order_total_id`),
  KEY `order_id` (`order_id`)
) ENGINE=MyISAM AUTO_INCREMENT=58 DEFAULT CHARSET=utf8;
/*!40101 SET character_set_client = @saved_cs_client */;

--
-- Dumping data for table `umo_order_total`
--

LOCK TABLES `umo_order_total` WRITE;
/*!40000 ALTER TABLE `umo_order_total` DISABLE KEYS */;
INSERT INTO `umo_order_total` VALUES (1,1,'sub_total','Итого',228.0000,1),(2,1,'shipping','Доставка с фиксированной стоимостью',5.0000,3),(3,1,'total','Всего',233.0000,9),(4,2,'sub_total','Итого',228.0000,1),(5,2,'shipping','Доставка с фиксированной стоимостью',5.0000,3),(6,2,'total','Всего',233.0000,9),(7,3,'sub_total','Итого',101.0000,1),(8,3,'shipping','Доставка с фиксированной стоимостью',5.0000,3),(9,3,'total','Всего',106.0000,9),(10,4,'sub_total','Итого',101.0000,1),(11,4,'shipping','Доставка с фиксированной стоимостью',5.0000,3),(12,4,'total','Всего',106.0000,9),(13,5,'sub_total','Итого',101.0000,1),(14,5,'shipping','Доставка с фиксированной стоимостью',5.0000,3),(15,5,'total','Всего',106.0000,9),(16,6,'sub_total','Итого',80.0000,1),(17,6,'shipping','Доставка с фиксированной стоимостью',5.0000,3),(18,6,'total','Всего',85.0000,9),(19,7,'sub_total','Итого',101.0000,1),(20,7,'shipping','Доставка с фиксированной стоимостью',5.0000,3),(21,7,'total','Всего',106.0000,9),(22,8,'sub_total','Итого',80.0000,1),(23,8,'shipping','Доставка с фиксированной стоимостью',5.0000,3),(24,8,'total','Всего',85.0000,9),(25,9,'sub_total','Итого',80.0000,1),(26,9,'shipping','Доставка с фиксированной стоимостью',5.0000,3),(27,9,'total','Всего',85.0000,9),(28,10,'sub_total','Итого',8000.0000,1),(29,10,'shipping','Доставка с фиксированной стоимостью',5.0000,3),(30,10,'total','Всего',8005.0000,9),(31,11,'sub_total','Итого',9999.0000,1),(32,11,'shipping','Доставка с фиксированной стоимостью',5.0000,3),(33,11,'total','Всего',10004.0000,9),(34,12,'sub_total','Итого',14900.0000,1),(35,12,'shipping','Доставка с фиксированной стоимостью',5.0000,3),(36,12,'total','Всего',14905.0000,9),(40,14,'sub_total','Итого',9900.0000,1),(41,14,'shipping','Доставка с фиксированной стоимостью',1400.0000,3),(42,14,'total','Всего',11300.0000,9),(43,15,'sub_total','Итого',10900.0000,1),(44,15,'shipping','Доставка с фиксированной стоимостью',1400.0000,3),(45,15,'total','Всего',12300.0000,9),(46,16,'sub_total','Итого',10900.0000,1),(47,16,'shipping','Доставка с фиксированной стоимостью',1400.0000,3),(48,16,'total','Всего',12300.0000,9),(49,17,'sub_total','Итого',14900.0000,1),(50,17,'shipping','Доставка с фиксированной стоимостью',1400.0000,3),(51,17,'total','Всего',16300.0000,9);
/*!40000 ALTER TABLE `umo_order_total` ENABLE KEYS */;
UNLOCK TABLES;

--
-- Table structure for table `umo_order_voucher`
--

DROP TABLE IF EXISTS `umo_order_voucher`;
/*!40101 SET @saved_cs_client     = @@character_set_client */;
/*!40101 SET character_set_client = utf8 */;
CREATE TABLE `umo_order_voucher` (
  `order_voucher_id` int(11) NOT NULL AUTO_INCREMENT,
  `order_id` int(11) NOT NULL,
  `voucher_id` int(11) NOT NULL,
  `description` varchar(255) NOT NULL,
  `code` varchar(10) NOT NULL,
  `from_name` varchar(64) NOT NULL,
  `from_email` varchar(96) NOT NULL,
  `to_name` varchar(64) NOT NULL,
  `to_email` varchar(96) NOT NULL,
  `voucher_theme_id` int(11) NOT NULL,
  `message` text NOT NULL,
  `amount` decimal(15,4) NOT NULL,
  PRIMARY KEY (`order_voucher_id`)
) ENGINE=MyISAM DEFAULT CHARSET=utf8;
/*!40101 SET character_set_client = @saved_cs_client */;

--
-- Dumping data for table `umo_order_voucher`
--

LOCK TABLES `umo_order_voucher` WRITE;
/*!40000 ALTER TABLE `umo_order_voucher` DISABLE KEYS */;
/*!40000 ALTER TABLE `umo_order_voucher` ENABLE KEYS */;
UNLOCK TABLES;

--
-- Table structure for table `umo_paypal_order`
--

DROP TABLE IF EXISTS `umo_paypal_order`;
/*!40101 SET @saved_cs_client     = @@character_set_client */;
/*!40101 SET character_set_client = utf8 */;
CREATE TABLE `umo_paypal_order` (
  `paypal_order_id` int(11) NOT NULL AUTO_INCREMENT,
  `order_id` int(11) NOT NULL,
  `date_added` datetime NOT NULL,
  `date_modified` datetime NOT NULL,
  `capture_status` enum('Complete','NotComplete') DEFAULT NULL,
  `currency_code` char(3) NOT NULL,
  `authorization_id` varchar(30) NOT NULL,
  `total` decimal(10,2) NOT NULL,
  PRIMARY KEY (`paypal_order_id`)
) ENGINE=MyISAM DEFAULT CHARSET=utf8;
/*!40101 SET character_set_client = @saved_cs_client */;

--
-- Dumping data for table `umo_paypal_order`
--

LOCK TABLES `umo_paypal_order` WRITE;
/*!40000 ALTER TABLE `umo_paypal_order` DISABLE KEYS */;
/*!40000 ALTER TABLE `umo_paypal_order` ENABLE KEYS */;
UNLOCK TABLES;

--
-- Table structure for table `umo_paypal_order_transaction`
--

DROP TABLE IF EXISTS `umo_paypal_order_transaction`;
/*!40101 SET @saved_cs_client     = @@character_set_client */;
/*!40101 SET character_set_client = utf8 */;
CREATE TABLE `umo_paypal_order_transaction` (
  `paypal_order_transaction_id` int(11) NOT NULL AUTO_INCREMENT,
  `paypal_order_id` int(11) NOT NULL,
  `transaction_id` char(20) NOT NULL,
  `parent_id` char(20) NOT NULL,
  `date_added` datetime NOT NULL,
  `note` varchar(255) NOT NULL,
  `msgsubid` char(38) NOT NULL,
  `receipt_id` char(20) NOT NULL,
  `payment_type` enum('none','echeck','instant','refund','void') DEFAULT NULL,
  `payment_status` char(20) NOT NULL,
  `pending_reason` char(50) NOT NULL,
  `transaction_entity` char(50) NOT NULL,
  `amount` decimal(10,2) NOT NULL,
  `debug_data` text NOT NULL,
  `call_data` text NOT NULL,
  PRIMARY KEY (`paypal_order_transaction_id`)
) ENGINE=MyISAM DEFAULT CHARSET=utf8;
/*!40101 SET character_set_client = @saved_cs_client */;

--
-- Dumping data for table `umo_paypal_order_transaction`
--

LOCK TABLES `umo_paypal_order_transaction` WRITE;
/*!40000 ALTER TABLE `umo_paypal_order_transaction` DISABLE KEYS */;
/*!40000 ALTER TABLE `umo_paypal_order_transaction` ENABLE KEYS */;
UNLOCK TABLES;

--
-- Table structure for table `umo_product`
--

DROP TABLE IF EXISTS `umo_product`;
/*!40101 SET @saved_cs_client     = @@character_set_client */;
/*!40101 SET character_set_client = utf8 */;
CREATE TABLE `umo_product` (
  `product_id` int(11) NOT NULL AUTO_INCREMENT,
  `model` varchar(64) NOT NULL,
  `sku` varchar(64) NOT NULL,
  `upc` varchar(12) NOT NULL,
  `ean` varchar(14) NOT NULL,
  `jan` varchar(13) NOT NULL,
  `isbn` varchar(17) NOT NULL,
  `mpn` varchar(64) NOT NULL,
  `location` varchar(128) NOT NULL,
  `quantity` int(4) NOT NULL DEFAULT '0',
  `stock_status_id` int(11) NOT NULL,
  `image` varchar(255) DEFAULT NULL,
  `manufacturer_id` int(11) NOT NULL,
  `shipping` tinyint(1) NOT NULL DEFAULT '1',
  `price` decimal(15,4) NOT NULL DEFAULT '0.0000',
  `points` int(8) NOT NULL DEFAULT '0',
  `tax_class_id` int(11) NOT NULL,
  `date_available` date NOT NULL DEFAULT '0000-00-00',
  `weight` decimal(15,8) NOT NULL DEFAULT '0.00000000',
  `weight_class_id` int(11) NOT NULL DEFAULT '0',
  `length` decimal(15,8) NOT NULL DEFAULT '0.00000000',
  `width` decimal(15,8) NOT NULL DEFAULT '0.00000000',
  `height` decimal(15,8) NOT NULL DEFAULT '0.00000000',
  `length_class_id` int(11) NOT NULL DEFAULT '0',
  `subtract` tinyint(1) NOT NULL DEFAULT '1',
  `minimum` int(11) NOT NULL DEFAULT '1',
  `sort_order` int(11) NOT NULL DEFAULT '0',
  `status` tinyint(1) NOT NULL DEFAULT '0',
  `viewed` int(5) NOT NULL DEFAULT '0',
  `date_added` datetime NOT NULL,
  `date_modified` datetime NOT NULL,
  `noindex` tinyint(1) NOT NULL DEFAULT '1',
  PRIMARY KEY (`product_id`)
) ENGINE=MyISAM AUTO_INCREMENT=54 DEFAULT CHARSET=utf8;
/*!40101 SET character_set_client = @saved_cs_client */;

--
-- Dumping data for table `umo_product`
--

LOCK TABLES `umo_product` WRITE;
/*!40000 ALTER TABLE `umo_product` DISABLE KEYS */;
INSERT INTO `umo_product` VALUES (42,'Product 15','','','','','','','',988,5,'catalog/demo/apple_cinema_30.jpg',8,1,100.0000,400,9,'2009-02-04',12.50000000,1,1.00000000,2.00000000,3.00000000,1,1,2,0,1,428,'2009-02-03 21:07:37','2017-07-26 22:30:20',0),(52,'BH-U1','','','','','','','',1,7,'catalog/cases/umbrella/umbrella2_2020-Feb-18_02-01-10AM-000_CustomizedView54188242347_tiff.jpg',0,1,14900.0000,0,0,'2020-02-10',0.00000000,1,0.00000000,0.00000000,0.00000000,1,0,1,1,1,488,'2020-02-10 08:13:08','2020-09-01 12:11:04',1),(53,'BH-GM1','','','','','','','',1,7,'catalog/cases/BH1_STD_PLUS/bh3_side_panels_2020-Feb-18_07-13-35AM-000_CustomizedView5246041272_png.png',0,1,9900.0000,0,0,'2020-02-10',3.00000000,1,0.00000000,0.00000000,0.00000000,1,0,1,1,1,485,'2020-02-10 09:06:55','2020-09-02 08:52:07',1),(50,'BH1-DIA','','','','','','','',1,7,'catalog/cases/BH1_STD/bh2_std_2020-Feb-06_06-34-19AM-000_CustomizedView22850883355_png.png',0,1,5900.0000,0,0,'2020-02-06',0.00000000,1,0.00000000,0.00000000,0.00000000,1,0,1,1,1,567,'2020-02-06 04:47:14','2020-09-01 12:10:33',1),(51,'BH-DIA+','','','','','','','',1,7,'catalog/cases/BH1_STD_PLUS/bh2_ctrl_2020-Feb-07_01-38-29AM-000_CustomizedView17807536487_png.png',0,1,7900.0000,0,0,'2020-02-06',0.00000000,1,0.00000000,0.00000000,0.00000000,1,0,1,1,1,525,'2020-02-06 10:17:17','2020-09-02 10:15:03',1);
/*!40000 ALTER TABLE `umo_product` ENABLE KEYS */;
UNLOCK TABLES;

--
-- Table structure for table `umo_product_attribute`
--

DROP TABLE IF EXISTS `umo_product_attribute`;
/*!40101 SET @saved_cs_client     = @@character_set_client */;
/*!40101 SET character_set_client = utf8 */;
CREATE TABLE `umo_product_attribute` (
  `product_id` int(11) NOT NULL,
  `attribute_id` int(11) NOT NULL,
  `language_id` int(11) NOT NULL,
  `text` text NOT NULL,
  PRIMARY KEY (`product_id`,`attribute_id`,`language_id`)
) ENGINE=MyISAM DEFAULT CHARSET=utf8;
/*!40101 SET character_set_client = @saved_cs_client */;

--
-- Dumping data for table `umo_product_attribute`
--

LOCK TABLES `umo_product_attribute` WRITE;
/*!40000 ALTER TABLE `umo_product_attribute` DISABLE KEYS */;
INSERT INTO `umo_product_attribute` VALUES (42,3,1,'100mhz');
/*!40000 ALTER TABLE `umo_product_attribute` ENABLE KEYS */;
UNLOCK TABLES;

--
-- Table structure for table `umo_product_description`
--

DROP TABLE IF EXISTS `umo_product_description`;
/*!40101 SET @saved_cs_client     = @@character_set_client */;
/*!40101 SET character_set_client = utf8 */;
CREATE TABLE `umo_product_description` (
  `product_id` int(11) NOT NULL,
  `language_id` int(11) NOT NULL,
  `name` varchar(255) NOT NULL,
  `description` text NOT NULL,
  `tag` text NOT NULL,
  `meta_title` varchar(255) NOT NULL,
  `meta_description` varchar(255) NOT NULL,
  `meta_keyword` varchar(255) NOT NULL,
  `meta_h1` varchar(255) NOT NULL,
  PRIMARY KEY (`product_id`,`language_id`),
  KEY `name` (`name`)
) ENGINE=MyISAM DEFAULT CHARSET=utf8;
/*!40101 SET character_set_client = @saved_cs_client */;

--
-- Dumping data for table `umo_product_description`
--

LOCK TABLES `umo_product_description` WRITE;
/*!40000 ALTER TABLE `umo_product_description` DISABLE KEYS */;
INSERT INTO `umo_product_description` VALUES (42,1,'Apple Cinema 30&quot;','&lt;p&gt;\r\n	&lt;font face=&quot;helvetica,geneva,arial&quot; size=&quot;2&quot;&gt;&lt;font face=&quot;Helvetica&quot; size=&quot;2&quot;&gt;The 30-inch Apple Cinema HD Display delivers an amazing 2560 x 1600 pixel resolution. Designed specifically for the creative professional, this display provides more space for easier access to all the tools and palettes needed to edit, format and composite your work. Combine this display with a Mac Pro, MacBook Pro, or PowerMac G5 and there\'s no limit to what you can achieve. &lt;br&gt;\r\n	&lt;br&gt;\r\n	&lt;/font&gt;&lt;font face=&quot;Helvetica&quot; size=&quot;2&quot;&gt;The Cinema HD features an active-matrix liquid crystal display that produces flicker-free images that deliver twice the brightness, twice the sharpness and twice the contrast ratio of a typical CRT display. Unlike other flat panels, it\'s designed with a pure digital interface to deliver distortion-free images that never need adjusting. With over 4 million digital pixels, the display is uniquely suited for scientific and technical applications such as visualizing molecular structures or analyzing geological data. &lt;br&gt;\r\n	&lt;br&gt;\r\n	&lt;/font&gt;&lt;font face=&quot;Helvetica&quot; size=&quot;2&quot;&gt;Offering accurate, brilliant color performance, the Cinema HD delivers up to 16.7 million colors across a wide gamut allowing you to see subtle nuances between colors from soft pastels to rich jewel tones. A wide viewing angle ensures uniform color from edge to edge. Apple\'s ColorSync technology allows you to create custom profiles to maintain consistent color onscreen and in print. The result: You can confidently use this display in all your color-critical applications. &lt;br&gt;\r\n	&lt;br&gt;\r\n	&lt;/font&gt;&lt;font face=&quot;Helvetica&quot; size=&quot;2&quot;&gt;Housed in a new aluminum design, the display has a very thin bezel that enhances visual accuracy. Each display features two FireWire 400 ports and two USB 2.0 ports, making attachment of desktop peripherals, such as iSight, iPod, digital and still cameras, hard drives, printers and scanners, even more accessible and convenient. Taking advantage of the much thinner and lighter footprint of an LCD, the new displays support the VESA (Video Electronics Standards Association) mounting interface standard. Customers with the optional Cinema Display VESA Mount Adapter kit gain the flexibility to mount their display in locations most appropriate for their work environment. &lt;br&gt;\r\n	&lt;br&gt;\r\n	&lt;/font&gt;&lt;font face=&quot;Helvetica&quot; size=&quot;2&quot;&gt;The Cinema HD features a single cable design with elegant breakout for the USB 2.0, FireWire 400 and a pure digital connection using the industry standard Digital Video Interface (DVI) interface. The DVI connection allows for a direct pure-digital connection.&lt;br&gt;\r\n	&lt;/font&gt;&lt;/font&gt;&lt;/p&gt;\r\n&lt;h3&gt;\r\n	Features:&lt;/h3&gt;\r\n&lt;p&gt;\r\n	Unrivaled display performance&lt;/p&gt;\r\n&lt;ul&gt;\r\n	&lt;li&gt;\r\n		30-inch (viewable) active-matrix liquid crystal display provides breathtaking image quality and vivid, richly saturated color.&lt;/li&gt;\r\n	&lt;li&gt;\r\n		Support for 2560-by-1600 pixel resolution for display of high definition still and video imagery.&lt;/li&gt;\r\n	&lt;li&gt;\r\n		Wide-format design for simultaneous display of two full pages of text and graphics.&lt;/li&gt;\r\n	&lt;li&gt;\r\n		Industry standard DVI connector for direct attachment to Mac- and Windows-based desktops and notebooks&lt;/li&gt;\r\n	&lt;li&gt;\r\n		Incredibly wide (170 degree) horizontal and vertical viewing angle for maximum visibility and color performance.&lt;/li&gt;\r\n	&lt;li&gt;\r\n		Lightning-fast pixel response for full-motion digital video playback.&lt;/li&gt;\r\n	&lt;li&gt;\r\n		Support for 16.7 million saturated colors, for use in all graphics-intensive applications.&lt;/li&gt;\r\n&lt;/ul&gt;\r\n&lt;p&gt;\r\n	Simple setup and operation&lt;/p&gt;\r\n&lt;ul&gt;\r\n	&lt;li&gt;\r\n		Single cable with elegant breakout for connection to DVI, USB and FireWire ports&lt;/li&gt;\r\n	&lt;li&gt;\r\n		Built-in two-port USB 2.0 hub for easy connection of desktop peripheral devices.&lt;/li&gt;\r\n	&lt;li&gt;\r\n		Two FireWire 400 ports to support iSight and other desktop peripherals&lt;/li&gt;\r\n&lt;/ul&gt;\r\n&lt;p&gt;\r\n	Sleek, elegant design&lt;/p&gt;\r\n&lt;ul&gt;\r\n	&lt;li&gt;\r\n		Huge virtual workspace, very small footprint.&lt;/li&gt;\r\n	&lt;li&gt;\r\n		Narrow Bezel design to minimize visual impact of using dual displays&lt;/li&gt;\r\n	&lt;li&gt;\r\n		Unique hinge design for effortless adjustment&lt;/li&gt;\r\n	&lt;li&gt;\r\n		Support for VESA mounting solutions (Apple Cinema Display VESA Mount Adapter sold separately)&lt;/li&gt;\r\n&lt;/ul&gt;\r\n&lt;h3&gt;\r\n	Technical specifications&lt;/h3&gt;\r\n&lt;p&gt;\r\n	&lt;b&gt;Screen size (diagonal viewable image size)&lt;/b&gt;&lt;/p&gt;\r\n&lt;ul&gt;\r\n	&lt;li&gt;\r\n		Apple Cinema HD Display: 30 inches (29.7-inch viewable)&lt;/li&gt;\r\n&lt;/ul&gt;\r\n&lt;p&gt;\r\n	&lt;b&gt;Screen type&lt;/b&gt;&lt;/p&gt;\r\n&lt;ul&gt;\r\n	&lt;li&gt;\r\n		Thin film transistor (TFT) active-matrix liquid crystal display (AMLCD)&lt;/li&gt;\r\n&lt;/ul&gt;\r\n&lt;p&gt;\r\n	&lt;b&gt;Resolutions&lt;/b&gt;&lt;/p&gt;\r\n&lt;ul&gt;\r\n	&lt;li&gt;\r\n		2560 x 1600 pixels (optimum resolution)&lt;/li&gt;\r\n	&lt;li&gt;\r\n		2048 x 1280&lt;/li&gt;\r\n	&lt;li&gt;\r\n		1920 x 1200&lt;/li&gt;\r\n	&lt;li&gt;\r\n		1280 x 800&lt;/li&gt;\r\n	&lt;li&gt;\r\n		1024 x 640&lt;/li&gt;\r\n&lt;/ul&gt;\r\n&lt;p&gt;\r\n	&lt;b&gt;Display colors (maximum)&lt;/b&gt;&lt;/p&gt;\r\n&lt;ul&gt;\r\n	&lt;li&gt;\r\n		16.7 million&lt;/li&gt;\r\n&lt;/ul&gt;\r\n&lt;p&gt;\r\n	&lt;b&gt;Viewing angle (typical)&lt;/b&gt;&lt;/p&gt;\r\n&lt;ul&gt;\r\n	&lt;li&gt;\r\n		170° horizontal; 170° vertical&lt;/li&gt;\r\n&lt;/ul&gt;\r\n&lt;p&gt;\r\n	&lt;b&gt;Brightness (typical)&lt;/b&gt;&lt;/p&gt;\r\n&lt;ul&gt;\r\n	&lt;li&gt;\r\n		30-inch Cinema HD Display: 400 cd/m2&lt;/li&gt;\r\n&lt;/ul&gt;\r\n&lt;p&gt;\r\n	&lt;b&gt;Contrast ratio (typical)&lt;/b&gt;&lt;/p&gt;\r\n&lt;ul&gt;\r\n	&lt;li&gt;\r\n		700:1&lt;/li&gt;\r\n&lt;/ul&gt;\r\n&lt;p&gt;\r\n	&lt;b&gt;Response time (typical)&lt;/b&gt;&lt;/p&gt;\r\n&lt;ul&gt;\r\n	&lt;li&gt;\r\n		16 ms&lt;/li&gt;\r\n&lt;/ul&gt;\r\n&lt;p&gt;\r\n	&lt;b&gt;Pixel pitch&lt;/b&gt;&lt;/p&gt;\r\n&lt;ul&gt;\r\n	&lt;li&gt;\r\n		30-inch Cinema HD Display: 0.250 mm&lt;/li&gt;\r\n&lt;/ul&gt;\r\n&lt;p&gt;\r\n	&lt;b&gt;Screen treatment&lt;/b&gt;&lt;/p&gt;\r\n&lt;ul&gt;\r\n	&lt;li&gt;\r\n		Antiglare hardcoat&lt;/li&gt;\r\n&lt;/ul&gt;\r\n&lt;p&gt;\r\n	&lt;b&gt;User controls (hardware and software)&lt;/b&gt;&lt;/p&gt;\r\n&lt;ul&gt;\r\n	&lt;li&gt;\r\n		Display Power,&lt;/li&gt;\r\n	&lt;li&gt;\r\n		System sleep, wake&lt;/li&gt;\r\n	&lt;li&gt;\r\n		Brightness&lt;/li&gt;\r\n	&lt;li&gt;\r\n		Monitor tilt&lt;/li&gt;\r\n&lt;/ul&gt;\r\n&lt;p&gt;\r\n	&lt;b&gt;Connectors and cables&lt;/b&gt;&lt;br&gt;\r\n	Cable&lt;/p&gt;\r\n&lt;ul&gt;\r\n	&lt;li&gt;\r\n		DVI (Digital Visual Interface)&lt;/li&gt;\r\n	&lt;li&gt;\r\n		FireWire 400&lt;/li&gt;\r\n	&lt;li&gt;\r\n		USB 2.0&lt;/li&gt;\r\n	&lt;li&gt;\r\n		DC power (24 V)&lt;/li&gt;\r\n&lt;/ul&gt;\r\n&lt;p&gt;\r\n	Connectors&lt;/p&gt;\r\n&lt;ul&gt;\r\n	&lt;li&gt;\r\n		Two-port, self-powered USB 2.0 hub&lt;/li&gt;\r\n	&lt;li&gt;\r\n		Two FireWire 400 ports&lt;/li&gt;\r\n	&lt;li&gt;\r\n		Kensington security port&lt;/li&gt;\r\n&lt;/ul&gt;\r\n&lt;p&gt;\r\n	&lt;b&gt;VESA mount adapter&lt;/b&gt;&lt;br&gt;\r\n	Requires optional Cinema Display VESA Mount Adapter (M9649G/A)&lt;/p&gt;\r\n&lt;ul&gt;\r\n	&lt;li&gt;\r\n		Compatible with VESA FDMI (MIS-D, 100, C) compliant mounting solutions&lt;/li&gt;\r\n&lt;/ul&gt;\r\n&lt;p&gt;\r\n	&lt;b&gt;Electrical requirements&lt;/b&gt;&lt;/p&gt;\r\n&lt;ul&gt;\r\n	&lt;li&gt;\r\n		Input voltage: 100-240 VAC 50-60Hz&lt;/li&gt;\r\n	&lt;li&gt;\r\n		Maximum power when operating: 150W&lt;/li&gt;\r\n	&lt;li&gt;\r\n		Energy saver mode: 3W or less&lt;/li&gt;\r\n&lt;/ul&gt;\r\n&lt;p&gt;\r\n	&lt;b&gt;Environmental requirements&lt;/b&gt;&lt;/p&gt;\r\n&lt;ul&gt;\r\n	&lt;li&gt;\r\n		Operating temperature: 50° to 95° F (10° to 35° C)&lt;/li&gt;\r\n	&lt;li&gt;\r\n		Storage temperature: -40° to 116° F (-40° to 47° C)&lt;/li&gt;\r\n	&lt;li&gt;\r\n		Operating humidity: 20% to 80% noncondensing&lt;/li&gt;\r\n	&lt;li&gt;\r\n		Maximum operating altitude: 10,000 feet&lt;/li&gt;\r\n&lt;/ul&gt;\r\n&lt;p&gt;\r\n	&lt;b&gt;Agency approvals&lt;/b&gt;&lt;/p&gt;\r\n&lt;ul&gt;\r\n	&lt;li&gt;\r\n		FCC Part 15 Class B&lt;/li&gt;\r\n	&lt;li&gt;\r\n		EN55022 Class B&lt;/li&gt;\r\n	&lt;li&gt;\r\n		EN55024&lt;/li&gt;\r\n	&lt;li&gt;\r\n		VCCI Class B&lt;/li&gt;\r\n	&lt;li&gt;\r\n		AS/NZS 3548 Class B&lt;/li&gt;\r\n	&lt;li&gt;\r\n		CNS 13438 Class B&lt;/li&gt;\r\n	&lt;li&gt;\r\n		ICES-003 Class B&lt;/li&gt;\r\n	&lt;li&gt;\r\n		ISO 13406 part 2&lt;/li&gt;\r\n	&lt;li&gt;\r\n		MPR II&lt;/li&gt;\r\n	&lt;li&gt;\r\n		IEC 60950&lt;/li&gt;\r\n	&lt;li&gt;\r\n		UL 60950&lt;/li&gt;\r\n	&lt;li&gt;\r\n		CSA 60950&lt;/li&gt;\r\n	&lt;li&gt;\r\n		EN60950&lt;/li&gt;\r\n	&lt;li&gt;\r\n		ENERGY STAR&lt;/li&gt;\r\n	&lt;li&gt;\r\n		TCO \'03&lt;/li&gt;\r\n&lt;/ul&gt;\r\n&lt;p&gt;\r\n	&lt;b&gt;Size and weight&lt;/b&gt;&lt;br&gt;\r\n	30-inch Apple Cinema HD Display&lt;/p&gt;\r\n&lt;ul&gt;\r\n	&lt;li&gt;\r\n		Height: 21.3 inches (54.3 cm)&lt;/li&gt;\r\n	&lt;li&gt;\r\n		Width: 27.2 inches (68.8 cm)&lt;/li&gt;\r\n	&lt;li&gt;\r\n		Depth: 8.46 inches (21.5 cm)&lt;/li&gt;\r\n	&lt;li&gt;\r\n		Weight: 27.5 pounds (12.5 kg)&lt;/li&gt;\r\n&lt;/ul&gt;\r\n&lt;p&gt;\r\n	&lt;b&gt;System Requirements&lt;/b&gt;&lt;/p&gt;\r\n&lt;ul&gt;\r\n	&lt;li&gt;\r\n		Mac Pro, all graphic options&lt;/li&gt;\r\n	&lt;li&gt;\r\n		MacBook Pro&lt;/li&gt;\r\n	&lt;li&gt;\r\n		Power Mac G5 (PCI-X) with ATI Radeon 9650 or better or NVIDIA GeForce 6800 GT DDL or better&lt;/li&gt;\r\n	&lt;li&gt;\r\n		Power Mac G5 (PCI Express), all graphics options&lt;/li&gt;\r\n	&lt;li&gt;\r\n		PowerBook G4 with dual-link DVI support&lt;/li&gt;\r\n	&lt;li&gt;\r\n		Windows PC and graphics card that supports DVI ports with dual-link digital bandwidth and VESA DDC standard for plug-and-play setup&lt;/li&gt;\r\n&lt;/ul&gt;\r\n','','','','',''),(42,2,'Apple Cinema 30&quot;','&lt;p&gt;\r\n	&lt;font face=&quot;helvetica,geneva,arial&quot; size=&quot;2&quot;&gt;&lt;font face=&quot;Helvetica&quot; size=&quot;2&quot;&gt;The 30-inch Apple Cinema HD Display delivers an amazing 2560 x 1600 pixel resolution. Designed specifically for the creative professional, this display provides more space for easier access to all the tools and palettes needed to edit, format and composite your work. Combine this display with a Mac Pro, MacBook Pro, or PowerMac G5 and there\'s no limit to what you can achieve. &lt;br&gt;\r\n	&lt;br&gt;\r\n	&lt;/font&gt;&lt;font face=&quot;Helvetica&quot; size=&quot;2&quot;&gt;The Cinema HD features an active-matrix liquid crystal display that produces flicker-free images that deliver twice the brightness, twice the sharpness and twice the contrast ratio of a typical CRT display. Unlike other flat panels, it\'s designed with a pure digital interface to deliver distortion-free images that never need adjusting. With over 4 million digital pixels, the display is uniquely suited for scientific and technical applications such as visualizing molecular structures or analyzing geological data. &lt;br&gt;\r\n	&lt;br&gt;\r\n	&lt;/font&gt;&lt;font face=&quot;Helvetica&quot; size=&quot;2&quot;&gt;Offering accurate, brilliant color performance, the Cinema HD delivers up to 16.7 million colors across a wide gamut allowing you to see subtle nuances between colors from soft pastels to rich jewel tones. A wide viewing angle ensures uniform color from edge to edge. Apple\'s ColorSync technology allows you to create custom profiles to maintain consistent color onscreen and in print. The result: You can confidently use this display in all your color-critical applications. &lt;br&gt;\r\n	&lt;br&gt;\r\n	&lt;/font&gt;&lt;font face=&quot;Helvetica&quot; size=&quot;2&quot;&gt;Housed in a new aluminum design, the display has a very thin bezel that enhances visual accuracy. Each display features two FireWire 400 ports and two USB 2.0 ports, making attachment of desktop peripherals, such as iSight, iPod, digital and still cameras, hard drives, printers and scanners, even more accessible and convenient. Taking advantage of the much thinner and lighter footprint of an LCD, the new displays support the VESA (Video Electronics Standards Association) mounting interface standard. Customers with the optional Cinema Display VESA Mount Adapter kit gain the flexibility to mount their display in locations most appropriate for their work environment. &lt;br&gt;\r\n	&lt;br&gt;\r\n	&lt;/font&gt;&lt;font face=&quot;Helvetica&quot; size=&quot;2&quot;&gt;The Cinema HD features a single cable design with elegant breakout for the USB 2.0, FireWire 400 and a pure digital connection using the industry standard Digital Video Interface (DVI) interface. The DVI connection allows for a direct pure-digital connection.&lt;br&gt;\r\n	&lt;/font&gt;&lt;/font&gt;&lt;/p&gt;\r\n&lt;h3&gt;\r\n	Features:&lt;/h3&gt;\r\n&lt;p&gt;\r\n	Unrivaled display performance&lt;/p&gt;\r\n&lt;ul&gt;\r\n	&lt;li&gt;\r\n		30-inch (viewable) active-matrix liquid crystal display provides breathtaking image quality and vivid, richly saturated color.&lt;/li&gt;\r\n	&lt;li&gt;\r\n		Support for 2560-by-1600 pixel resolution for display of high definition still and video imagery.&lt;/li&gt;\r\n	&lt;li&gt;\r\n		Wide-format design for simultaneous display of two full pages of text and graphics.&lt;/li&gt;\r\n	&lt;li&gt;\r\n		Industry standard DVI connector for direct attachment to Mac- and Windows-based desktops and notebooks&lt;/li&gt;\r\n	&lt;li&gt;\r\n		Incredibly wide (170 degree) horizontal and vertical viewing angle for maximum visibility and color performance.&lt;/li&gt;\r\n	&lt;li&gt;\r\n		Lightning-fast pixel response for full-motion digital video playback.&lt;/li&gt;\r\n	&lt;li&gt;\r\n		Support for 16.7 million saturated colors, for use in all graphics-intensive applications.&lt;/li&gt;\r\n&lt;/ul&gt;\r\n&lt;p&gt;\r\n	Simple setup and operation&lt;/p&gt;\r\n&lt;ul&gt;\r\n	&lt;li&gt;\r\n		Single cable with elegant breakout for connection to DVI, USB and FireWire ports&lt;/li&gt;\r\n	&lt;li&gt;\r\n		Built-in two-port USB 2.0 hub for easy connection of desktop peripheral devices.&lt;/li&gt;\r\n	&lt;li&gt;\r\n		Two FireWire 400 ports to support iSight and other desktop peripherals&lt;/li&gt;\r\n&lt;/ul&gt;\r\n&lt;p&gt;\r\n	Sleek, elegant design&lt;/p&gt;\r\n&lt;ul&gt;\r\n	&lt;li&gt;\r\n		Huge virtual workspace, very small footprint.&lt;/li&gt;\r\n	&lt;li&gt;\r\n		Narrow Bezel design to minimize visual impact of using dual displays&lt;/li&gt;\r\n	&lt;li&gt;\r\n		Unique hinge design for effortless adjustment&lt;/li&gt;\r\n	&lt;li&gt;\r\n		Support for VESA mounting solutions (Apple Cinema Display VESA Mount Adapter sold separately)&lt;/li&gt;\r\n&lt;/ul&gt;\r\n&lt;h3&gt;\r\n	Technical specifications&lt;/h3&gt;\r\n&lt;p&gt;\r\n	&lt;b&gt;Screen size (diagonal viewable image size)&lt;/b&gt;&lt;/p&gt;\r\n&lt;ul&gt;\r\n	&lt;li&gt;\r\n		Apple Cinema HD Display: 30 inches (29.7-inch viewable)&lt;/li&gt;\r\n&lt;/ul&gt;\r\n&lt;p&gt;\r\n	&lt;b&gt;Screen type&lt;/b&gt;&lt;/p&gt;\r\n&lt;ul&gt;\r\n	&lt;li&gt;\r\n		Thin film transistor (TFT) active-matrix liquid crystal display (AMLCD)&lt;/li&gt;\r\n&lt;/ul&gt;\r\n&lt;p&gt;\r\n	&lt;b&gt;Resolutions&lt;/b&gt;&lt;/p&gt;\r\n&lt;ul&gt;\r\n	&lt;li&gt;\r\n		2560 x 1600 pixels (optimum resolution)&lt;/li&gt;\r\n	&lt;li&gt;\r\n		2048 x 1280&lt;/li&gt;\r\n	&lt;li&gt;\r\n		1920 x 1200&lt;/li&gt;\r\n	&lt;li&gt;\r\n		1280 x 800&lt;/li&gt;\r\n	&lt;li&gt;\r\n		1024 x 640&lt;/li&gt;\r\n&lt;/ul&gt;\r\n&lt;p&gt;\r\n	&lt;b&gt;Display colors (maximum)&lt;/b&gt;&lt;/p&gt;\r\n&lt;ul&gt;\r\n	&lt;li&gt;\r\n		16.7 million&lt;/li&gt;\r\n&lt;/ul&gt;\r\n&lt;p&gt;\r\n	&lt;b&gt;Viewing angle (typical)&lt;/b&gt;&lt;/p&gt;\r\n&lt;ul&gt;\r\n	&lt;li&gt;\r\n		170° horizontal; 170° vertical&lt;/li&gt;\r\n&lt;/ul&gt;\r\n&lt;p&gt;\r\n	&lt;b&gt;Brightness (typical)&lt;/b&gt;&lt;/p&gt;\r\n&lt;ul&gt;\r\n	&lt;li&gt;\r\n		30-inch Cinema HD Display: 400 cd/m2&lt;/li&gt;\r\n&lt;/ul&gt;\r\n&lt;p&gt;\r\n	&lt;b&gt;Contrast ratio (typical)&lt;/b&gt;&lt;/p&gt;\r\n&lt;ul&gt;\r\n	&lt;li&gt;\r\n		700:1&lt;/li&gt;\r\n&lt;/ul&gt;\r\n&lt;p&gt;\r\n	&lt;b&gt;Response time (typical)&lt;/b&gt;&lt;/p&gt;\r\n&lt;ul&gt;\r\n	&lt;li&gt;\r\n		16 ms&lt;/li&gt;\r\n&lt;/ul&gt;\r\n&lt;p&gt;\r\n	&lt;b&gt;Pixel pitch&lt;/b&gt;&lt;/p&gt;\r\n&lt;ul&gt;\r\n	&lt;li&gt;\r\n		30-inch Cinema HD Display: 0.250 mm&lt;/li&gt;\r\n&lt;/ul&gt;\r\n&lt;p&gt;\r\n	&lt;b&gt;Screen treatment&lt;/b&gt;&lt;/p&gt;\r\n&lt;ul&gt;\r\n	&lt;li&gt;\r\n		Antiglare hardcoat&lt;/li&gt;\r\n&lt;/ul&gt;\r\n&lt;p&gt;\r\n	&lt;b&gt;User controls (hardware and software)&lt;/b&gt;&lt;/p&gt;\r\n&lt;ul&gt;\r\n	&lt;li&gt;\r\n		Display Power,&lt;/li&gt;\r\n	&lt;li&gt;\r\n		System sleep, wake&lt;/li&gt;\r\n	&lt;li&gt;\r\n		Brightness&lt;/li&gt;\r\n	&lt;li&gt;\r\n		Monitor tilt&lt;/li&gt;\r\n&lt;/ul&gt;\r\n&lt;p&gt;\r\n	&lt;b&gt;Connectors and cables&lt;/b&gt;&lt;br&gt;\r\n	Cable&lt;/p&gt;\r\n&lt;ul&gt;\r\n	&lt;li&gt;\r\n		DVI (Digital Visual Interface)&lt;/li&gt;\r\n	&lt;li&gt;\r\n		FireWire 400&lt;/li&gt;\r\n	&lt;li&gt;\r\n		USB 2.0&lt;/li&gt;\r\n	&lt;li&gt;\r\n		DC power (24 V)&lt;/li&gt;\r\n&lt;/ul&gt;\r\n&lt;p&gt;\r\n	Connectors&lt;/p&gt;\r\n&lt;ul&gt;\r\n	&lt;li&gt;\r\n		Two-port, self-powered USB 2.0 hub&lt;/li&gt;\r\n	&lt;li&gt;\r\n		Two FireWire 400 ports&lt;/li&gt;\r\n	&lt;li&gt;\r\n		Kensington security port&lt;/li&gt;\r\n&lt;/ul&gt;\r\n&lt;p&gt;\r\n	&lt;b&gt;VESA mount adapter&lt;/b&gt;&lt;br&gt;\r\n	Requires optional Cinema Display VESA Mount Adapter (M9649G/A)&lt;/p&gt;\r\n&lt;ul&gt;\r\n	&lt;li&gt;\r\n		Compatible with VESA FDMI (MIS-D, 100, C) compliant mounting solutions&lt;/li&gt;\r\n&lt;/ul&gt;\r\n&lt;p&gt;\r\n	&lt;b&gt;Electrical requirements&lt;/b&gt;&lt;/p&gt;\r\n&lt;ul&gt;\r\n	&lt;li&gt;\r\n		Input voltage: 100-240 VAC 50-60Hz&lt;/li&gt;\r\n	&lt;li&gt;\r\n		Maximum power when operating: 150W&lt;/li&gt;\r\n	&lt;li&gt;\r\n		Energy saver mode: 3W or less&lt;/li&gt;\r\n&lt;/ul&gt;\r\n&lt;p&gt;\r\n	&lt;b&gt;Environmental requirements&lt;/b&gt;&lt;/p&gt;\r\n&lt;ul&gt;\r\n	&lt;li&gt;\r\n		Operating temperature: 50° to 95° F (10° to 35° C)&lt;/li&gt;\r\n	&lt;li&gt;\r\n		Storage temperature: -40° to 116° F (-40° to 47° C)&lt;/li&gt;\r\n	&lt;li&gt;\r\n		Operating humidity: 20% to 80% noncondensing&lt;/li&gt;\r\n	&lt;li&gt;\r\n		Maximum operating altitude: 10,000 feet&lt;/li&gt;\r\n&lt;/ul&gt;\r\n&lt;p&gt;\r\n	&lt;b&gt;Agency approvals&lt;/b&gt;&lt;/p&gt;\r\n&lt;ul&gt;\r\n	&lt;li&gt;\r\n		FCC Part 15 Class B&lt;/li&gt;\r\n	&lt;li&gt;\r\n		EN55022 Class B&lt;/li&gt;\r\n	&lt;li&gt;\r\n		EN55024&lt;/li&gt;\r\n	&lt;li&gt;\r\n		VCCI Class B&lt;/li&gt;\r\n	&lt;li&gt;\r\n		AS/NZS 3548 Class B&lt;/li&gt;\r\n	&lt;li&gt;\r\n		CNS 13438 Class B&lt;/li&gt;\r\n	&lt;li&gt;\r\n		ICES-003 Class B&lt;/li&gt;\r\n	&lt;li&gt;\r\n		ISO 13406 part 2&lt;/li&gt;\r\n	&lt;li&gt;\r\n		MPR II&lt;/li&gt;\r\n	&lt;li&gt;\r\n		IEC 60950&lt;/li&gt;\r\n	&lt;li&gt;\r\n		UL 60950&lt;/li&gt;\r\n	&lt;li&gt;\r\n		CSA 60950&lt;/li&gt;\r\n	&lt;li&gt;\r\n		EN60950&lt;/li&gt;\r\n	&lt;li&gt;\r\n		ENERGY STAR&lt;/li&gt;\r\n	&lt;li&gt;\r\n		TCO \'03&lt;/li&gt;\r\n&lt;/ul&gt;\r\n&lt;p&gt;\r\n	&lt;b&gt;Size and weight&lt;/b&gt;&lt;br&gt;\r\n	30-inch Apple Cinema HD Display&lt;/p&gt;\r\n&lt;ul&gt;\r\n	&lt;li&gt;\r\n		Height: 21.3 inches (54.3 cm)&lt;/li&gt;\r\n	&lt;li&gt;\r\n		Width: 27.2 inches (68.8 cm)&lt;/li&gt;\r\n	&lt;li&gt;\r\n		Depth: 8.46 inches (21.5 cm)&lt;/li&gt;\r\n	&lt;li&gt;\r\n		Weight: 27.5 pounds (12.5 kg)&lt;/li&gt;\r\n&lt;/ul&gt;\r\n&lt;p&gt;\r\n	&lt;b&gt;System Requirements&lt;/b&gt;&lt;/p&gt;\r\n&lt;ul&gt;\r\n	&lt;li&gt;\r\n		Mac Pro, all graphic options&lt;/li&gt;\r\n	&lt;li&gt;\r\n		MacBook Pro&lt;/li&gt;\r\n	&lt;li&gt;\r\n		Power Mac G5 (PCI-X) with ATI Radeon 9650 or better or NVIDIA GeForce 6800 GT DDL or better&lt;/li&gt;\r\n	&lt;li&gt;\r\n		Power Mac G5 (PCI Express), all graphics options&lt;/li&gt;\r\n	&lt;li&gt;\r\n		PowerBook G4 with dual-link DVI support&lt;/li&gt;\r\n	&lt;li&gt;\r\n		Windows PC and graphics card that supports DVI ports with dual-link digital bandwidth and VESA DDC standard for plug-and-play setup&lt;/li&gt;\r\n&lt;/ul&gt;','','','','',''),(51,2,'PC Acryl Chasis Diamond+','','','PC Acryl Chasis Diamond+','PC Acryl Chasis Diamond+','PC Acryl Chasis Diamond+','PC Acryl Chasis Diamond+'),(50,2,'PC Acryl Chasis Diamond','','','PC Acryl Chasis Diamond','PC Acryl Chasis Diamond','PC Acryl Chasis Diamond','PC Acryl Chasis Diamond'),(53,2,'PC Acryl Chasis Gamma','','','PC Acryl Chasis Gamma','PC Acryl Chasis Gamma','PC Acryl Chasis Gamma','PC Acryl Chasis Gamma'),(51,1,'Корпус из акрила &quot;Diamond+&quot;','&lt;h3&gt;Корпус Umolab.ru &quot;Diamond+&quot; из оргстекла (акрила).&lt;/h3&gt;&lt;p&gt;Корпус &quot;Diamond&quot; дополнен двумя или тремя 120 мм кулерами с подсветкой, реализованной на адресной ленте, позволяющей использовать различные эффекты - от регулировки тона, до эквалайзера. &lt;/p&gt;&lt;p&gt;Центральный логотип корпуса в версии с двумя вентиляторами также подсвечен светодиодной летной, работающей совместно с лентами кулеров.&lt;/p&gt;&lt;p&gt;&lt;br&gt;&lt;/p&gt;&lt;p&gt;&lt;span style=&quot;color: rgb(255, 0, 0); font-size: 11px;&quot;&gt;* Некоторые фото являются рендерами 3D моделей и могут отличаться от реальных изделий.&lt;/span&gt;&lt;br&gt;&lt;/p&gt;','','Корпус из акрила &quot;Diamond+&quot;','Корпус Umolab.ru &quot;Diamond+&quot; из оргстекла (акрила).','Корпус из акрила. Корпус Umolab.ru &quot;Diamond+&quot; из оргстекла (акрила).','Корпус из акрила &quot;Diamond+&quot;'),(50,1,'Корпус из акрила &quot;Diamond&quot;','&lt;h2&gt;&lt;b&gt;Корпус Umolab.ru &quot;Diamond&quot; из оргстекла (акрила).&amp;nbsp;&lt;/b&gt;&lt;/h2&gt;&lt;p&gt;Отличное решение для постройки корпуса по своему вкусу.&lt;/p&gt;&lt;p&gt;&lt;iframe frameborder=&quot;0&quot; src=&quot;//www.youtube.com/embed/0WjEtth1qYE&quot; width=&quot;640&quot; height=&quot;360&quot; class=&quot;note-video-clip&quot;&gt;&lt;/iframe&gt;&lt;br&gt;&lt;/p&gt;&lt;p&gt;&lt;span style=&quot;color: rgb(255, 0, 0); font-size: 11px;&quot;&gt;* Некоторые фото являются рендерами 3D моделей и могут отличаться от реальных изделий.&lt;/span&gt;&lt;br&gt;&lt;/p&gt;','#pc #pcchassis #pccase','Корпус из акрила &quot;Diamond&quot;','Корпус из акрила. Корпус Umolab &quot;Diamond&quot; из оргстекла (акрила).','Корпус из акрила. Корпус Umolab &quot;Diamond&quot; из оргстекла (акрила).','Корпус из акрила &quot;Diamond&quot;'),(52,2,'PC Acryl Chasis Umbrella','','','','','',''),(52,1,'Корпус из акрила &quot;Umbrella&quot;','&lt;h3&gt;Корпус Umolab.ru из акрила &quot;Umbrella&quot;&lt;/h3&gt;&lt;br&gt;\r\n&lt;p&gt;Стильный корпус для оригинального интерьера. Разнообразная цветовая гамма.&lt;/p&gt;&lt;p&gt;&lt;font color=&quot;#ff0000&quot;&gt;Внимание! Корпус в стадии разработки. По срокам готовности уточняйте по телефону.&lt;/font&gt;&lt;/p&gt;&lt;p&gt;&lt;iframe frameborder=&quot;0&quot; src=&quot;//www.youtube.com/embed/DtXSvi38sLg&quot; width=&quot;640&quot; height=&quot;360&quot; class=&quot;note-video-clip&quot;&gt;&lt;/iframe&gt;&lt;br&gt;&lt;/p&gt;&lt;p&gt;&lt;span style=&quot;color: rgb(255, 0, 0); font-size: 11px;&quot;&gt;* Некоторые фото являются рендерами 3D моделей и могут отличаться от реальных изделий.&lt;/span&gt;&lt;br&gt;&lt;/p&gt;','','Корпус из акрила &quot;Umbrella&quot;','Корпус Umolab.ru из акрила &quot;Umbrella&quot;','Корпус Umolab.ru из акрила &quot;Umbrella&quot;','Корпус из акрила &quot;Umbrella&quot;'),(53,1,'Корпус из акрила &quot;Gamma&quot;','&lt;h3&gt;Корпус из акрила Umolab.ru &quot;Gamma&quot;.&lt;/h3&gt;&lt;br&gt;\r\n&lt;p&gt;Цвет боковых и фронтальных панелей на выбор!&lt;/p&gt;&lt;p&gt;&lt;iframe frameborder=&quot;0&quot; src=&quot;//www.youtube.com/embed/wGApT37IpRo&quot; width=&quot;640&quot; height=&quot;360&quot; class=&quot;note-video-clip&quot;&gt;&lt;/iframe&gt;&lt;br&gt;&lt;/p&gt;&lt;p&gt;&lt;span style=&quot;color: rgb(255, 0, 0); font-size: 11px;&quot;&gt;* Некоторые фото являются рендерами 3D моделей и могут отличаться от реальных изделий.&lt;/span&gt;&lt;br&gt;&lt;/p&gt;','','Корпус из акрила &quot;Gamma&quot;','Корпус из акрила Umolab.ru &quot;Gamma&quot;','Корпус из акрила Umolab.ru &quot;Gamma&quot;','Корпус из акрила &quot;Gamma&quot;');
/*!40000 ALTER TABLE `umo_product_description` ENABLE KEYS */;
UNLOCK TABLES;

--
-- Table structure for table `umo_product_discount`
--

DROP TABLE IF EXISTS `umo_product_discount`;
/*!40101 SET @saved_cs_client     = @@character_set_client */;
/*!40101 SET character_set_client = utf8 */;
CREATE TABLE `umo_product_discount` (
  `product_discount_id` int(11) NOT NULL AUTO_INCREMENT,
  `product_id` int(11) NOT NULL,
  `customer_group_id` int(11) NOT NULL,
  `quantity` int(4) NOT NULL DEFAULT '0',
  `priority` int(5) NOT NULL DEFAULT '1',
  `price` decimal(15,4) NOT NULL DEFAULT '0.0000',
  `date_start` date NOT NULL DEFAULT '0000-00-00',
  `date_end` date NOT NULL DEFAULT '0000-00-00',
  PRIMARY KEY (`product_discount_id`),
  KEY `product_id` (`product_id`)
) ENGINE=MyISAM AUTO_INCREMENT=441 DEFAULT CHARSET=utf8;
/*!40101 SET character_set_client = @saved_cs_client */;

--
-- Dumping data for table `umo_product_discount`
--

LOCK TABLES `umo_product_discount` WRITE;
/*!40000 ALTER TABLE `umo_product_discount` DISABLE KEYS */;
INSERT INTO `umo_product_discount` VALUES (440,42,1,30,1,66.0000,'0000-00-00','0000-00-00'),(439,42,1,20,1,77.0000,'0000-00-00','0000-00-00'),(438,42,1,10,1,88.0000,'0000-00-00','0000-00-00');
/*!40000 ALTER TABLE `umo_product_discount` ENABLE KEYS */;
UNLOCK TABLES;

--
-- Table structure for table `umo_product_filter`
--

DROP TABLE IF EXISTS `umo_product_filter`;
/*!40101 SET @saved_cs_client     = @@character_set_client */;
/*!40101 SET character_set_client = utf8 */;
CREATE TABLE `umo_product_filter` (
  `product_id` int(11) NOT NULL,
  `filter_id` int(11) NOT NULL,
  PRIMARY KEY (`product_id`,`filter_id`)
) ENGINE=MyISAM DEFAULT CHARSET=utf8;
/*!40101 SET character_set_client = @saved_cs_client */;

--
-- Dumping data for table `umo_product_filter`
--

LOCK TABLES `umo_product_filter` WRITE;
/*!40000 ALTER TABLE `umo_product_filter` DISABLE KEYS */;
/*!40000 ALTER TABLE `umo_product_filter` ENABLE KEYS */;
UNLOCK TABLES;

--
-- Table structure for table `umo_product_image`
--

DROP TABLE IF EXISTS `umo_product_image`;
/*!40101 SET @saved_cs_client     = @@character_set_client */;
/*!40101 SET character_set_client = utf8 */;
CREATE TABLE `umo_product_image` (
  `product_image_id` int(11) NOT NULL AUTO_INCREMENT,
  `product_id` int(11) NOT NULL,
  `image` varchar(255) DEFAULT NULL,
  `sort_order` int(3) NOT NULL DEFAULT '0',
  PRIMARY KEY (`product_image_id`),
  KEY `product_id` (`product_id`)
) ENGINE=MyISAM AUTO_INCREMENT=3339 DEFAULT CHARSET=utf8;
/*!40101 SET character_set_client = @saved_cs_client */;

--
-- Dumping data for table `umo_product_image`
--

LOCK TABLES `umo_product_image` WRITE;
/*!40000 ALTER TABLE `umo_product_image` DISABLE KEYS */;
INSERT INTO `umo_product_image` VALUES (3299,53,'catalog/cases/gamma/bh3_side_panels_2020-Feb-17_09-15-14AM-000_CustomizedView31970287206_png.png',0),(3285,52,'catalog/cases/umbrella/umbrella2_2020-Feb-10_05-35-08AM-000_CustomizedView39100665860_png.png',0),(3286,52,'catalog/cases/umbrella/u2.png',0),(3283,52,'catalog/cases/umbrella/u1.png',0),(3284,52,'catalog/cases/umbrella/umbrella2_2020-Jan-30_05-14-37AM-000_CustomizedView4766782500_png.png',0),(3336,51,'catalog/cases/BH1_STD_PLUS/bh2_ctrl1_3cool_2020-Feb-07_01-01-43AM-000_CustomizedView39713975523_png.png',0),(3325,51,'catalog/cases/BH1_STD_PLUS/bh2_ctrl1_3cool_2020-Feb-07_01-02-07AM-000_CustomizedView36896514386_png.png',0),(3335,51,'catalog/cases/BH1_STD_PLUS/bh2_ctrl_2020-Feb-07_01-38-29AM-000_CustomizedView17807536487_png.png',0),(3334,51,'catalog/cases/BH1_STD_PLUS/bh2_2020-Jan-31_09-47-50AM-000_CustomizedView18235619321_png.png',0),(3333,51,'catalog/cases/BH1_STD_PLUS/bh2_2020-Feb-02_02-45-58AM-000_CustomizedView41900388094_png.png',0),(3332,51,'catalog/cases/BH1_STD_PLUS/bh2_ctrl1_3cool_2020-Feb-07_01-20-53AM-000_CustomizedView30454799468_png.png',0),(3330,51,'catalog/cases/BH1_STD_PLUS/IMG_0134.JPG',0),(3331,51,'catalog/cases/BH1_STD_PLUS/bh2_ctrl1_2020-Feb-06_05-14-44PM-000_CustomizedView18717793657_png.png',0),(3329,51,'catalog/cases/BH1_STD_PLUS/bh2_2020-Jan-31_09-39-57AM-000_CustomizedView19211377789_png.png',0),(3328,51,'catalog/cases/BH1_STD_PLUS/bh2_2020-Jan-31_09-13-37AM-000_CustomizedView6640165474_png.png',0),(3327,51,'catalog/cases/BH1_STD_PLUS/bh2_ctrl_2020-Feb-07_01-33-50AM-000_CustomizedView8893940093_png.png',0),(2317,42,'catalog/demo/canon_logo.jpg',0),(2316,42,'catalog/demo/hp_1.jpg',0),(2315,42,'catalog/demo/compaq_presario.jpg',0),(2314,42,'catalog/demo/canon_eos_5d_1.jpg',0),(2313,42,'catalog/demo/canon_eos_5d_2.jpg',0),(3256,50,'catalog/cases/BH1_STD/bh2_std_2020-Feb-06_07-05-31AM-000_CustomizedView26087913154_png.png',0),(3255,50,'catalog/cases/BH1_STD/bh2_std_2020-Feb-06_07-48-32AM-000_CustomizedView46518996723_png.png',0),(3254,50,'catalog/cases/BH1_STD/bh2_ctrl_2020-Feb-06_04-49-27AM-000_CustomizedView14670006571_png.png',0),(3289,52,'catalog/cases/umbrella/umbrella2_2020-Jan-30_05-16-33AM-000_CustomizedView23824365691_png.png',0),(3326,51,'catalog/cases/BH1_STD_PLUS/bh2_ctrl1_3cool_2020-Feb-07_01-19-35AM-000_CustomizedView21493842340_png.png',0),(3324,51,'catalog/cases/BH1_STD_PLUS/bh2_ctrl1_2020-Feb-06_04-11-23PM-000_CustomizedView9894615549_png.png',0),(3323,51,'catalog/cases/BH1_STD_PLUS/bh2_2020-Feb-01_10-02-07AM-000_CustomizedView7740327902_png.png',0),(3253,50,'catalog/cases/BH1_STD/bh2_std_2020-Feb-06_06-34-19AM-000_CustomizedView22850883355_png.png',0),(3298,53,'catalog/cases/gamma/bh3_side_panels_2020-Feb-17_01-46-10AM-000_CustomizedView3784789989_tiff.jpg',0),(3297,53,'catalog/cases/gamma/bh3_side_panels_2020-Feb-17_01-46-47AM-000_CustomizedView33103421591_tiff.jpg',0),(3296,53,'catalog/cases/gamma/bh3_side_panels_2020-Feb-17_02-35-25AM-000_CustomizedView10774652310_tiff.jpg',0),(3295,53,'catalog/cases/gamma/bh3_side_panels_2020-Feb-17_02-34-54AM-000_CustomizedView2015625829_tiff.jpg',0),(3294,53,'catalog/cases/gamma/bh3_side_panels_2020-Feb-17_01-38-51AM-000_CustomizedView25745544369_tiff.jpg',0),(3293,53,'catalog/cases/gamma/bh3_side_panels_2020-Feb-17_01-37-49AM-000_CustomizedView5607430072_tiff.jpg',0),(3292,53,'catalog/cases/gamma/bh3_side_panels_2020-Feb-17_07-10-02AM-000_CustomizedView12711682401_tiff.jpg',0),(3291,53,'catalog/cases/gamma/bh3_side_panels_2020-Feb-17_07-09-21AM-000_CustomizedView43812846288_tiff.jpg',0),(3290,53,'catalog/cases/gamma/bh3_side_panels_2020-Feb-17_08-37-34AM-000_CustomizedView40717660692_png.png',0),(3288,52,'catalog/cases/umbrella/umbrella2_2020-Jan-30_05-16-06AM-000_CustomizedView13060403515_png.png',0),(3337,51,'catalog/cases/BH1_STD_PLUS/bh2_ctrl_2020-Feb-07_02-47-29AM-000_CustomizedView40149040510_png.png',0),(3287,52,'catalog/cases/umbrella/umbrella2_2020-Feb-10_05-35-44AM-000_CustomizedView18332072545_png.png',0),(3322,51,'catalog/cases/BH1_STD_PLUS/IMG_0151.JPG',0),(3300,53,'catalog/cases/gamma/IMG_0094.JPG',0),(3301,53,'catalog/cases/gamma/IMG_0089.JPG',0),(3302,53,'catalog/cases/gamma/IMG_0088.JPG',0),(3321,51,'catalog/cases/BH1_STD_PLUS/bh2_ctrl_2020-Feb-07_02-20-06AM-000_CustomizedView37470520333_png.png',0),(3338,51,'catalog/cases/BH1_STD_PLUS/bh2_ctrl1_2020-Feb-06_04-34-18PM-000_CustomizedView1641354502_png.png',0);
/*!40000 ALTER TABLE `umo_product_image` ENABLE KEYS */;
UNLOCK TABLES;

--
-- Table structure for table `umo_product_option`
--

DROP TABLE IF EXISTS `umo_product_option`;
/*!40101 SET @saved_cs_client     = @@character_set_client */;
/*!40101 SET character_set_client = utf8 */;
CREATE TABLE `umo_product_option` (
  `product_option_id` int(11) NOT NULL AUTO_INCREMENT,
  `product_id` int(11) NOT NULL,
  `option_id` int(11) NOT NULL,
  `value` text NOT NULL,
  `required` tinyint(1) NOT NULL,
  PRIMARY KEY (`product_option_id`)
) ENGINE=MyISAM AUTO_INCREMENT=234 DEFAULT CHARSET=utf8;
/*!40101 SET character_set_client = @saved_cs_client */;

--
-- Dumping data for table `umo_product_option`
--

LOCK TABLES `umo_product_option` WRITE;
/*!40000 ALTER TABLE `umo_product_option` DISABLE KEYS */;
INSERT INTO `umo_product_option` VALUES (231,51,16,'',1),(223,42,2,'',1),(217,42,5,'',1),(209,42,6,'',1),(218,42,1,'',1),(208,42,4,'test',1),(219,42,8,'2011-02-20',1),(222,42,7,'',1),(221,42,9,'22:25',1),(220,42,10,'2011-02-20 22:25',1),(230,51,15,'',1),(228,51,13,'',1),(229,51,14,'',0),(233,53,13,'',1),(232,53,17,'',1);
/*!40000 ALTER TABLE `umo_product_option` ENABLE KEYS */;
UNLOCK TABLES;

--
-- Table structure for table `umo_product_option_value`
--

DROP TABLE IF EXISTS `umo_product_option_value`;
/*!40101 SET @saved_cs_client     = @@character_set_client */;
/*!40101 SET character_set_client = utf8 */;
CREATE TABLE `umo_product_option_value` (
  `product_option_value_id` int(11) NOT NULL AUTO_INCREMENT,
  `product_option_id` int(11) NOT NULL,
  `product_id` int(11) NOT NULL,
  `option_id` int(11) NOT NULL,
  `option_value_id` int(11) NOT NULL,
  `quantity` int(3) NOT NULL,
  `subtract` tinyint(1) NOT NULL,
  `price` decimal(15,4) NOT NULL,
  `price_prefix` varchar(1) NOT NULL,
  `points` int(8) NOT NULL,
  `points_prefix` varchar(1) NOT NULL,
  `weight` decimal(15,8) NOT NULL,
  `weight_prefix` varchar(1) NOT NULL,
  PRIMARY KEY (`product_option_value_id`)
) ENGINE=MyISAM AUTO_INCREMENT=42 DEFAULT CHARSET=utf8;
/*!40101 SET character_set_client = @saved_cs_client */;

--
-- Dumping data for table `umo_product_option_value`
--

LOCK TABLES `umo_product_option_value` WRITE;
/*!40000 ALTER TABLE `umo_product_option_value` DISABLE KEYS */;
INSERT INTO `umo_product_option_value` VALUES (1,217,42,5,41,100,0,1.0000,'+',0,'+',1.00000000,'+'),(6,218,42,1,31,146,1,20.0000,'+',2,'-',20.00000000,'+'),(7,218,42,1,43,300,1,30.0000,'+',3,'+',30.00000000,'+'),(5,218,42,1,32,94,1,10.0000,'+',1,'+',10.00000000,'+'),(4,217,42,5,39,90,1,4.0000,'+',0,'+',4.00000000,'+'),(2,217,42,5,42,200,1,2.0000,'+',0,'+',2.00000000,'+'),(3,217,42,5,40,300,0,3.0000,'+',0,'+',3.00000000,'+'),(8,223,42,2,23,46,1,10.0000,'+',0,'+',10.00000000,'+'),(10,223,42,2,44,2696,1,30.0000,'+',0,'+',30.00000000,'+'),(9,223,42,2,24,194,1,20.0000,'+',0,'+',20.00000000,'+'),(11,223,42,2,45,3998,1,40.0000,'+',0,'+',40.00000000,'+'),(27,231,51,16,60,0,0,0.0000,'+',0,'+',0.00000000,'+'),(28,231,51,16,59,0,0,0.0000,'+',0,'+',0.00000000,'+'),(29,231,51,16,58,0,0,0.0000,'+',0,'+',0.00000000,'+'),(25,231,51,16,57,0,0,0.0000,'+',0,'+',0.00000000,'+'),(26,231,51,16,56,0,0,0.0000,'+',0,'+',0.00000000,'+'),(24,230,51,15,55,0,0,420.0000,'+',0,'+',0.00000000,'+'),(23,230,51,15,54,0,0,290.0000,'+',0,'+',0.00000000,'+'),(22,230,51,15,53,0,0,150.0000,'+',0,'+',0.00000000,'+'),(21,230,51,15,52,0,0,0.0000,'+',0,'+',0.00000000,'+'),(36,228,51,13,67,0,0,1100.0000,'+',0,'+',0.00000000,'+'),(35,228,51,13,66,0,0,1100.0000,'+',0,'+',0.00000000,'+'),(39,233,53,13,67,0,0,1100.0000,'+',0,'+',0.00000000,'+'),(40,233,53,13,66,0,0,1100.0000,'+',0,'+',0.00000000,'+'),(34,228,51,13,65,0,0,1100.0000,'+',0,'+',0.00000000,'+'),(33,228,51,13,64,0,0,1000.0000,'+',0,'+',0.00000000,'+'),(19,228,51,13,49,0,0,0.0000,'+',0,'+',0.00000000,'+'),(20,229,51,14,51,0,0,1200.0000,'+',0,'+',0.00000000,'+'),(41,233,53,13,65,0,0,1100.0000,'+',0,'+',0.00000000,'+'),(31,232,53,17,63,1,0,0.0000,'+',0,'+',0.00000000,'+'),(30,232,53,17,62,1,0,0.0000,'+',0,'+',0.00000000,'+'),(32,232,53,17,61,1,0,0.0000,'+',0,'+',0.00000000,'+'),(37,233,53,13,49,0,0,0.0000,'+',0,'+',0.00000000,'+'),(38,233,53,13,64,0,0,1000.0000,'+',0,'+',0.00000000,'+');
/*!40000 ALTER TABLE `umo_product_option_value` ENABLE KEYS */;
UNLOCK TABLES;

--
-- Table structure for table `umo_product_recurring`
--

DROP TABLE IF EXISTS `umo_product_recurring`;
/*!40101 SET @saved_cs_client     = @@character_set_client */;
/*!40101 SET character_set_client = utf8 */;
CREATE TABLE `umo_product_recurring` (
  `product_id` int(11) NOT NULL,
  `recurring_id` int(11) NOT NULL,
  `customer_group_id` int(11) NOT NULL,
  PRIMARY KEY (`product_id`,`recurring_id`,`customer_group_id`)
) ENGINE=MyISAM DEFAULT CHARSET=utf8;
/*!40101 SET character_set_client = @saved_cs_client */;

--
-- Dumping data for table `umo_product_recurring`
--

LOCK TABLES `umo_product_recurring` WRITE;
/*!40000 ALTER TABLE `umo_product_recurring` DISABLE KEYS */;
/*!40000 ALTER TABLE `umo_product_recurring` ENABLE KEYS */;
UNLOCK TABLES;

--
-- Table structure for table `umo_product_related`
--

DROP TABLE IF EXISTS `umo_product_related`;
/*!40101 SET @saved_cs_client     = @@character_set_client */;
/*!40101 SET character_set_client = utf8 */;
CREATE TABLE `umo_product_related` (
  `product_id` int(11) NOT NULL,
  `related_id` int(11) NOT NULL,
  PRIMARY KEY (`product_id`,`related_id`)
) ENGINE=MyISAM DEFAULT CHARSET=utf8;
/*!40101 SET character_set_client = @saved_cs_client */;

--
-- Dumping data for table `umo_product_related`
--

LOCK TABLES `umo_product_related` WRITE;
/*!40000 ALTER TABLE `umo_product_related` DISABLE KEYS */;
/*!40000 ALTER TABLE `umo_product_related` ENABLE KEYS */;
UNLOCK TABLES;

--
-- Table structure for table `umo_product_related_article`
--

DROP TABLE IF EXISTS `umo_product_related_article`;
/*!40101 SET @saved_cs_client     = @@character_set_client */;
/*!40101 SET character_set_client = utf8 */;
CREATE TABLE `umo_product_related_article` (
  `article_id` int(11) NOT NULL,
  `product_id` int(11) NOT NULL,
  PRIMARY KEY (`article_id`,`product_id`)
) ENGINE=MyISAM DEFAULT CHARSET=utf8;
/*!40101 SET character_set_client = @saved_cs_client */;

--
-- Dumping data for table `umo_product_related_article`
--

LOCK TABLES `umo_product_related_article` WRITE;
/*!40000 ALTER TABLE `umo_product_related_article` DISABLE KEYS */;
INSERT INTO `umo_product_related_article` VALUES (120,42),(123,42);
/*!40000 ALTER TABLE `umo_product_related_article` ENABLE KEYS */;
UNLOCK TABLES;

--
-- Table structure for table `umo_product_related_mn`
--

DROP TABLE IF EXISTS `umo_product_related_mn`;
/*!40101 SET @saved_cs_client     = @@character_set_client */;
/*!40101 SET character_set_client = utf8 */;
CREATE TABLE `umo_product_related_mn` (
  `product_id` int(11) NOT NULL,
  `manufacturer_id` int(11) NOT NULL
) ENGINE=MyISAM DEFAULT CHARSET=utf8;
/*!40101 SET character_set_client = @saved_cs_client */;

--
-- Dumping data for table `umo_product_related_mn`
--

LOCK TABLES `umo_product_related_mn` WRITE;
/*!40000 ALTER TABLE `umo_product_related_mn` DISABLE KEYS */;
INSERT INTO `umo_product_related_mn` VALUES (42,8),(41,8),(30,9),(47,7);
/*!40000 ALTER TABLE `umo_product_related_mn` ENABLE KEYS */;
UNLOCK TABLES;

--
-- Table structure for table `umo_product_related_wb`
--

DROP TABLE IF EXISTS `umo_product_related_wb`;
/*!40101 SET @saved_cs_client     = @@character_set_client */;
/*!40101 SET character_set_client = utf8 */;
CREATE TABLE `umo_product_related_wb` (
  `product_id` int(11) NOT NULL,
  `category_id` int(11) NOT NULL
) ENGINE=MyISAM DEFAULT CHARSET=utf8;
/*!40101 SET character_set_client = @saved_cs_client */;

--
-- Dumping data for table `umo_product_related_wb`
--

LOCK TABLES `umo_product_related_wb` WRITE;
/*!40000 ALTER TABLE `umo_product_related_wb` DISABLE KEYS */;
INSERT INTO `umo_product_related_wb` VALUES (33,20),(41,26),(41,27),(43,18),(44,18),(45,18);
/*!40000 ALTER TABLE `umo_product_related_wb` ENABLE KEYS */;
UNLOCK TABLES;

--
-- Table structure for table `umo_product_reward`
--

DROP TABLE IF EXISTS `umo_product_reward`;
/*!40101 SET @saved_cs_client     = @@character_set_client */;
/*!40101 SET character_set_client = utf8 */;
CREATE TABLE `umo_product_reward` (
  `product_reward_id` int(11) NOT NULL AUTO_INCREMENT,
  `product_id` int(11) NOT NULL DEFAULT '0',
  `customer_group_id` int(11) NOT NULL DEFAULT '0',
  `points` int(8) NOT NULL DEFAULT '0',
  PRIMARY KEY (`product_reward_id`)
) ENGINE=MyISAM AUTO_INCREMENT=546 DEFAULT CHARSET=utf8;
/*!40101 SET character_set_client = @saved_cs_client */;

--
-- Dumping data for table `umo_product_reward`
--

LOCK TABLES `umo_product_reward` WRITE;
/*!40000 ALTER TABLE `umo_product_reward` DISABLE KEYS */;
INSERT INTO `umo_product_reward` VALUES (515,42,1,100);
/*!40000 ALTER TABLE `umo_product_reward` ENABLE KEYS */;
UNLOCK TABLES;

--
-- Table structure for table `umo_product_special`
--

DROP TABLE IF EXISTS `umo_product_special`;
/*!40101 SET @saved_cs_client     = @@character_set_client */;
/*!40101 SET character_set_client = utf8 */;
CREATE TABLE `umo_product_special` (
  `product_special_id` int(11) NOT NULL AUTO_INCREMENT,
  `product_id` int(11) NOT NULL,
  `customer_group_id` int(11) NOT NULL,
  `priority` int(5) NOT NULL DEFAULT '1',
  `price` decimal(15,4) NOT NULL DEFAULT '0.0000',
  `date_start` date NOT NULL DEFAULT '0000-00-00',
  `date_end` date NOT NULL DEFAULT '0000-00-00',
  PRIMARY KEY (`product_special_id`),
  KEY `product_id` (`product_id`)
) ENGINE=MyISAM AUTO_INCREMENT=440 DEFAULT CHARSET=utf8;
/*!40101 SET character_set_client = @saved_cs_client */;

--
-- Dumping data for table `umo_product_special`
--

LOCK TABLES `umo_product_special` WRITE;
/*!40000 ALTER TABLE `umo_product_special` DISABLE KEYS */;
INSERT INTO `umo_product_special` VALUES (419,42,1,1,90.0000,'0000-00-00','0000-00-00');
/*!40000 ALTER TABLE `umo_product_special` ENABLE KEYS */;
UNLOCK TABLES;

--
-- Table structure for table `umo_product_to_category`
--

DROP TABLE IF EXISTS `umo_product_to_category`;
/*!40101 SET @saved_cs_client     = @@character_set_client */;
/*!40101 SET character_set_client = utf8 */;
CREATE TABLE `umo_product_to_category` (
  `product_id` int(11) NOT NULL,
  `category_id` int(11) NOT NULL,
  `main_category` tinyint(1) NOT NULL DEFAULT '0',
  PRIMARY KEY (`product_id`,`category_id`),
  KEY `category_id` (`category_id`)
) ENGINE=MyISAM DEFAULT CHARSET=utf8;
/*!40101 SET character_set_client = @saved_cs_client */;

--
-- Dumping data for table `umo_product_to_category`
--

LOCK TABLES `umo_product_to_category` WRITE;
/*!40000 ALTER TABLE `umo_product_to_category` DISABLE KEYS */;
INSERT INTO `umo_product_to_category` VALUES (42,28,1),(42,20,0),(53,59,1),(52,59,1),(50,59,1),(51,59,1);
/*!40000 ALTER TABLE `umo_product_to_category` ENABLE KEYS */;
UNLOCK TABLES;

--
-- Table structure for table `umo_product_to_download`
--

DROP TABLE IF EXISTS `umo_product_to_download`;
/*!40101 SET @saved_cs_client     = @@character_set_client */;
/*!40101 SET character_set_client = utf8 */;
CREATE TABLE `umo_product_to_download` (
  `product_id` int(11) NOT NULL,
  `download_id` int(11) NOT NULL,
  PRIMARY KEY (`product_id`,`download_id`)
) ENGINE=MyISAM DEFAULT CHARSET=utf8;
/*!40101 SET character_set_client = @saved_cs_client */;

--
-- Dumping data for table `umo_product_to_download`
--

LOCK TABLES `umo_product_to_download` WRITE;
/*!40000 ALTER TABLE `umo_product_to_download` DISABLE KEYS */;
/*!40000 ALTER TABLE `umo_product_to_download` ENABLE KEYS */;
UNLOCK TABLES;

--
-- Table structure for table `umo_product_to_layout`
--

DROP TABLE IF EXISTS `umo_product_to_layout`;
/*!40101 SET @saved_cs_client     = @@character_set_client */;
/*!40101 SET character_set_client = utf8 */;
CREATE TABLE `umo_product_to_layout` (
  `product_id` int(11) NOT NULL,
  `store_id` int(11) NOT NULL,
  `layout_id` int(11) NOT NULL,
  PRIMARY KEY (`product_id`,`store_id`)
) ENGINE=MyISAM DEFAULT CHARSET=utf8;
/*!40101 SET character_set_client = @saved_cs_client */;

--
-- Dumping data for table `umo_product_to_layout`
--

LOCK TABLES `umo_product_to_layout` WRITE;
/*!40000 ALTER TABLE `umo_product_to_layout` DISABLE KEYS */;
INSERT INTO `umo_product_to_layout` VALUES (50,0,0),(51,0,0),(52,0,0),(53,0,0);
/*!40000 ALTER TABLE `umo_product_to_layout` ENABLE KEYS */;
UNLOCK TABLES;

--
-- Table structure for table `umo_product_to_store`
--

DROP TABLE IF EXISTS `umo_product_to_store`;
/*!40101 SET @saved_cs_client     = @@character_set_client */;
/*!40101 SET character_set_client = utf8 */;
CREATE TABLE `umo_product_to_store` (
  `product_id` int(11) NOT NULL,
  `store_id` int(11) NOT NULL DEFAULT '0',
  PRIMARY KEY (`product_id`,`store_id`)
) ENGINE=MyISAM DEFAULT CHARSET=utf8;
/*!40101 SET character_set_client = @saved_cs_client */;

--
-- Dumping data for table `umo_product_to_store`
--

LOCK TABLES `umo_product_to_store` WRITE;
/*!40000 ALTER TABLE `umo_product_to_store` DISABLE KEYS */;
INSERT INTO `umo_product_to_store` VALUES (42,0),(50,0),(51,0),(52,0),(53,0);
/*!40000 ALTER TABLE `umo_product_to_store` ENABLE KEYS */;
UNLOCK TABLES;

--
-- Table structure for table `umo_recurring`
--

DROP TABLE IF EXISTS `umo_recurring`;
/*!40101 SET @saved_cs_client     = @@character_set_client */;
/*!40101 SET character_set_client = utf8 */;
CREATE TABLE `umo_recurring` (
  `recurring_id` int(11) NOT NULL AUTO_INCREMENT,
  `price` decimal(10,4) NOT NULL,
  `frequency` enum('day','week','semi_month','month','year') NOT NULL,
  `duration` int(10) unsigned NOT NULL,
  `cycle` int(10) unsigned NOT NULL,
  `trial_status` tinyint(4) NOT NULL,
  `trial_price` decimal(10,4) NOT NULL,
  `trial_frequency` enum('day','week','semi_month','month','year') NOT NULL,
  `trial_duration` int(10) unsigned NOT NULL,
  `trial_cycle` int(10) unsigned NOT NULL,
  `status` tinyint(4) NOT NULL,
  `sort_order` int(11) NOT NULL,
  PRIMARY KEY (`recurring_id`)
) ENGINE=MyISAM DEFAULT CHARSET=utf8;
/*!40101 SET character_set_client = @saved_cs_client */;

--
-- Dumping data for table `umo_recurring`
--

LOCK TABLES `umo_recurring` WRITE;
/*!40000 ALTER TABLE `umo_recurring` DISABLE KEYS */;
/*!40000 ALTER TABLE `umo_recurring` ENABLE KEYS */;
UNLOCK TABLES;

--
-- Table structure for table `umo_recurring_description`
--

DROP TABLE IF EXISTS `umo_recurring_description`;
/*!40101 SET @saved_cs_client     = @@character_set_client */;
/*!40101 SET character_set_client = utf8 */;
CREATE TABLE `umo_recurring_description` (
  `recurring_id` int(11) NOT NULL,
  `language_id` int(11) NOT NULL,
  `name` varchar(255) NOT NULL,
  PRIMARY KEY (`recurring_id`,`language_id`)
) ENGINE=MyISAM DEFAULT CHARSET=utf8;
/*!40101 SET character_set_client = @saved_cs_client */;

--
-- Dumping data for table `umo_recurring_description`
--

LOCK TABLES `umo_recurring_description` WRITE;
/*!40000 ALTER TABLE `umo_recurring_description` DISABLE KEYS */;
/*!40000 ALTER TABLE `umo_recurring_description` ENABLE KEYS */;
UNLOCK TABLES;

--
-- Table structure for table `umo_return`
--

DROP TABLE IF EXISTS `umo_return`;
/*!40101 SET @saved_cs_client     = @@character_set_client */;
/*!40101 SET character_set_client = utf8 */;
CREATE TABLE `umo_return` (
  `return_id` int(11) NOT NULL AUTO_INCREMENT,
  `order_id` int(11) NOT NULL,
  `product_id` int(11) NOT NULL,
  `customer_id` int(11) NOT NULL,
  `firstname` varchar(32) NOT NULL,
  `lastname` varchar(32) NOT NULL,
  `email` varchar(96) NOT NULL,
  `telephone` varchar(32) NOT NULL,
  `product` varchar(255) NOT NULL,
  `model` varchar(64) NOT NULL,
  `quantity` int(4) NOT NULL,
  `opened` tinyint(1) NOT NULL,
  `return_reason_id` int(11) NOT NULL,
  `return_action_id` int(11) NOT NULL,
  `return_status_id` int(11) NOT NULL,
  `comment` text,
  `date_ordered` date NOT NULL DEFAULT '0000-00-00',
  `date_added` datetime NOT NULL,
  `date_modified` datetime NOT NULL,
  PRIMARY KEY (`return_id`)
) ENGINE=MyISAM DEFAULT CHARSET=utf8;
/*!40101 SET character_set_client = @saved_cs_client */;

--
-- Dumping data for table `umo_return`
--

LOCK TABLES `umo_return` WRITE;
/*!40000 ALTER TABLE `umo_return` DISABLE KEYS */;
/*!40000 ALTER TABLE `umo_return` ENABLE KEYS */;
UNLOCK TABLES;

--
-- Table structure for table `umo_return_action`
--

DROP TABLE IF EXISTS `umo_return_action`;
/*!40101 SET @saved_cs_client     = @@character_set_client */;
/*!40101 SET character_set_client = utf8 */;
CREATE TABLE `umo_return_action` (
  `return_action_id` int(11) NOT NULL AUTO_INCREMENT,
  `language_id` int(11) NOT NULL DEFAULT '0',
  `name` varchar(64) NOT NULL,
  PRIMARY KEY (`return_action_id`,`language_id`)
) ENGINE=MyISAM AUTO_INCREMENT=4 DEFAULT CHARSET=utf8;
/*!40101 SET character_set_client = @saved_cs_client */;

--
-- Dumping data for table `umo_return_action`
--

LOCK TABLES `umo_return_action` WRITE;
/*!40000 ALTER TABLE `umo_return_action` DISABLE KEYS */;
INSERT INTO `umo_return_action` VALUES (1,1,'Возмещенный'),(2,1,'Возврат средств'),(3,1,'Отправлена замена'),(1,2,'Refunded'),(3,2,'Replacement Sent'),(2,2,'Credit Issued');
/*!40000 ALTER TABLE `umo_return_action` ENABLE KEYS */;
UNLOCK TABLES;

--
-- Table structure for table `umo_return_history`
--

DROP TABLE IF EXISTS `umo_return_history`;
/*!40101 SET @saved_cs_client     = @@character_set_client */;
/*!40101 SET character_set_client = utf8 */;
CREATE TABLE `umo_return_history` (
  `return_history_id` int(11) NOT NULL AUTO_INCREMENT,
  `return_id` int(11) NOT NULL,
  `return_status_id` int(11) NOT NULL,
  `notify` tinyint(1) NOT NULL,
  `comment` text NOT NULL,
  `date_added` datetime NOT NULL,
  PRIMARY KEY (`return_history_id`)
) ENGINE=MyISAM DEFAULT CHARSET=utf8;
/*!40101 SET character_set_client = @saved_cs_client */;

--
-- Dumping data for table `umo_return_history`
--

LOCK TABLES `umo_return_history` WRITE;
/*!40000 ALTER TABLE `umo_return_history` DISABLE KEYS */;
/*!40000 ALTER TABLE `umo_return_history` ENABLE KEYS */;
UNLOCK TABLES;

--
-- Table structure for table `umo_return_reason`
--

DROP TABLE IF EXISTS `umo_return_reason`;
/*!40101 SET @saved_cs_client     = @@character_set_client */;
/*!40101 SET character_set_client = utf8 */;
CREATE TABLE `umo_return_reason` (
  `return_reason_id` int(11) NOT NULL AUTO_INCREMENT,
  `language_id` int(11) NOT NULL DEFAULT '0',
  `name` varchar(128) NOT NULL,
  PRIMARY KEY (`return_reason_id`,`language_id`)
) ENGINE=MyISAM AUTO_INCREMENT=6 DEFAULT CHARSET=utf8;
/*!40101 SET character_set_client = @saved_cs_client */;

--
-- Dumping data for table `umo_return_reason`
--

LOCK TABLES `umo_return_reason` WRITE;
/*!40000 ALTER TABLE `umo_return_reason` DISABLE KEYS */;
INSERT INTO `umo_return_reason` VALUES (1,1,'Получен неисправным (сломанным)'),(1,2,'Dead On Arrival'),(2,1,'Получен не тот (ошибочный) товар'),(2,2,'Received Wrong Item'),(3,1,'Заказан по ошибке'),(3,2,'Order Error'),(4,1,'Неисправен, пожалуйста укажите/приложите подробности'),(4,2,'Faulty, please supply details'),(5,1,'Другое (другая причина), пожалуйста укажите/приложите подробности'),(5,2,'Other, please supply details');
/*!40000 ALTER TABLE `umo_return_reason` ENABLE KEYS */;
UNLOCK TABLES;

--
-- Table structure for table `umo_return_status`
--

DROP TABLE IF EXISTS `umo_return_status`;
/*!40101 SET @saved_cs_client     = @@character_set_client */;
/*!40101 SET character_set_client = utf8 */;
CREATE TABLE `umo_return_status` (
  `return_status_id` int(11) NOT NULL AUTO_INCREMENT,
  `language_id` int(11) NOT NULL DEFAULT '0',
  `name` varchar(32) NOT NULL,
  PRIMARY KEY (`return_status_id`,`language_id`)
) ENGINE=MyISAM AUTO_INCREMENT=4 DEFAULT CHARSET=utf8;
/*!40101 SET character_set_client = @saved_cs_client */;

--
-- Dumping data for table `umo_return_status`
--

LOCK TABLES `umo_return_status` WRITE;
/*!40000 ALTER TABLE `umo_return_status` DISABLE KEYS */;
INSERT INTO `umo_return_status` VALUES (1,1,'В ожидании'),(3,1,'Выполнен'),(2,1,'Ожидание товара'),(1,2,'Pending'),(2,2,'Awaiting Products'),(3,2,'Complete');
/*!40000 ALTER TABLE `umo_return_status` ENABLE KEYS */;
UNLOCK TABLES;

--
-- Table structure for table `umo_review`
--

DROP TABLE IF EXISTS `umo_review`;
/*!40101 SET @saved_cs_client     = @@character_set_client */;
/*!40101 SET character_set_client = utf8 */;
CREATE TABLE `umo_review` (
  `review_id` int(11) NOT NULL AUTO_INCREMENT,
  `product_id` int(11) NOT NULL,
  `customer_id` int(11) NOT NULL,
  `author` varchar(64) NOT NULL,
  `text` text NOT NULL,
  `rating` int(1) NOT NULL,
  `status` tinyint(1) NOT NULL DEFAULT '0',
  `date_added` datetime NOT NULL,
  `date_modified` datetime NOT NULL,
  PRIMARY KEY (`review_id`),
  KEY `product_id` (`product_id`)
) ENGINE=MyISAM DEFAULT CHARSET=utf8;
/*!40101 SET character_set_client = @saved_cs_client */;

--
-- Dumping data for table `umo_review`
--

LOCK TABLES `umo_review` WRITE;
/*!40000 ALTER TABLE `umo_review` DISABLE KEYS */;
/*!40000 ALTER TABLE `umo_review` ENABLE KEYS */;
UNLOCK TABLES;

--
-- Table structure for table `umo_review_article`
--

DROP TABLE IF EXISTS `umo_review_article`;
/*!40101 SET @saved_cs_client     = @@character_set_client */;
/*!40101 SET character_set_client = utf8 */;
CREATE TABLE `umo_review_article` (
  `review_article_id` int(11) NOT NULL AUTO_INCREMENT,
  `article_id` int(11) NOT NULL,
  `customer_id` int(11) NOT NULL,
  `author` varchar(64) NOT NULL DEFAULT '',
  `text` text NOT NULL,
  `rating` int(1) NOT NULL,
  `status` tinyint(1) NOT NULL DEFAULT '0',
  `date_added` datetime NOT NULL DEFAULT '0000-00-00 00:00:00',
  `date_modified` datetime NOT NULL DEFAULT '0000-00-00 00:00:00',
  PRIMARY KEY (`review_article_id`),
  KEY `article_id` (`article_id`)
) ENGINE=MyISAM AUTO_INCREMENT=12 DEFAULT CHARSET=utf8;
/*!40101 SET character_set_client = @saved_cs_client */;

--
-- Dumping data for table `umo_review_article`
--

LOCK TABLES `umo_review_article` WRITE;
/*!40000 ALTER TABLE `umo_review_article` DISABLE KEYS */;
INSERT INTO `umo_review_article` VALUES (11,123,0,'Василий Покупайкин','Спасибо за отличный фото обзор, обязательно в ближайшее время приобрету себе такую тушку и напишу дополнение к Вашей статье.',5,1,'2014-04-08 05:59:25','0000-00-00 00:00:00');
/*!40000 ALTER TABLE `umo_review_article` ENABLE KEYS */;
UNLOCK TABLES;

--
-- Table structure for table `umo_seo_url`
--

DROP TABLE IF EXISTS `umo_seo_url`;
/*!40101 SET @saved_cs_client     = @@character_set_client */;
/*!40101 SET character_set_client = utf8 */;
CREATE TABLE `umo_seo_url` (
  `seo_url_id` int(11) NOT NULL AUTO_INCREMENT,
  `store_id` int(11) NOT NULL,
  `language_id` int(11) NOT NULL,
  `query` varchar(255) NOT NULL,
  `keyword` varchar(255) NOT NULL,
  PRIMARY KEY (`seo_url_id`),
  KEY `query` (`query`),
  KEY `keyword` (`keyword`)
) ENGINE=MyISAM AUTO_INCREMENT=996 DEFAULT CHARSET=utf8;
/*!40101 SET character_set_client = @saved_cs_client */;

--
-- Dumping data for table `umo_seo_url`
--

LOCK TABLES `umo_seo_url` WRITE;
/*!40000 ALTER TABLE `umo_seo_url` DISABLE KEYS */;
INSERT INTO `umo_seo_url` VALUES (856,0,1,'category_id=20','desktops'),(858,0,1,'category_id=26','pc'),(860,0,1,'category_id=27','mac'),(932,0,1,'manufacturer_id=8','apple'),(993,0,2,'information_id=4','en_about_us'),(946,0,1,'product_id=42','apple_cinema_30'),(892,0,1,'category_id=34','mp3-players'),(878,0,1,'category_id=36','test2'),(862,0,1,'category_id=18','laptop-notebook'),(864,0,1,'category_id=46','macs'),(866,0,1,'category_id=45','windows'),(868,0,1,'category_id=25','component'),(870,0,1,'category_id=29','mouse'),(874,0,1,'category_id=28','monitor'),(876,0,1,'category_id=35','test1'),(880,0,1,'category_id=30','printer'),(882,0,1,'category_id=31','scanner'),(872,0,1,'category_id=32','web-camera'),(983,0,2,'category_id=57','en_tablets'),(886,0,1,'category_id=17','software'),(985,0,2,'category_id=24','en_smartphone'),(890,0,1,'category_id=33','camera'),(900,0,1,'category_id=43','test11'),(902,0,1,'category_id=44','test12'),(904,0,1,'category_id=47','test15'),(906,0,1,'category_id=48','test16'),(908,0,1,'category_id=49','test17'),(910,0,1,'category_id=50','test18'),(912,0,1,'category_id=51','test19'),(896,0,1,'category_id=52','test20'),(894,0,1,'category_id=58','test25'),(914,0,1,'category_id=53','test21'),(916,0,1,'category_id=54','test22'),(918,0,1,'category_id=55','test23'),(920,0,1,'category_id=56','test24'),(922,0,1,'category_id=38','test4'),(924,0,1,'category_id=37','test5'),(926,0,1,'category_id=39','test6'),(928,0,1,'category_id=40','test7'),(930,0,1,'category_id=41','test8'),(898,0,1,'category_id=42','test9'),(823,0,1,'common/home',''),(934,0,1,'manufacturer_id=9','canon'),(938,0,1,'manufacturer_id=5','htc'),(936,0,1,'manufacturer_id=7','hewlett-packard'),(940,0,1,'manufacturer_id=6','palm'),(942,0,1,'manufacturer_id=10','sony'),(987,0,2,'information_id=6','en_delivery'),(995,0,2,'information_id=3','en_privacy'),(991,0,2,'information_id=5','en_terms'),(845,0,2,'common/home','en'),(986,0,1,'information_id=6','delivery'),(992,0,1,'information_id=4','about_us'),(994,0,1,'information_id=3','privacy'),(990,0,1,'information_id=5','terms'),(857,0,2,'category_id=20','en_desktops'),(859,0,2,'category_id=26','en_pc'),(861,0,2,'category_id=27','en_mac'),(863,0,2,'category_id=18','en_laptop-notebook'),(865,0,2,'category_id=46','en_macs'),(867,0,2,'category_id=45','en_windows'),(869,0,2,'category_id=25','en_component'),(871,0,2,'category_id=29','en_mouse'),(873,0,2,'category_id=32','en_web-camera'),(875,0,2,'category_id=28','en_monitor'),(877,0,2,'category_id=35','en_test1'),(879,0,2,'category_id=36','en_test2'),(881,0,2,'category_id=30','en_printer'),(883,0,2,'category_id=31','en_scanner'),(982,0,1,'category_id=57','tablets'),(887,0,2,'category_id=17','en_software'),(984,0,1,'category_id=24','smartphone'),(891,0,2,'category_id=33','en_camera'),(893,0,2,'category_id=34','en_mp3-players'),(895,0,2,'category_id=58','en_test25'),(897,0,2,'category_id=52','en_test20'),(899,0,2,'category_id=42','en_test9'),(901,0,2,'category_id=43','en_test11'),(903,0,2,'category_id=44','en_test12'),(905,0,2,'category_id=47','en_test15'),(907,0,2,'category_id=48','en_test16'),(909,0,2,'category_id=49','en_test17'),(911,0,2,'category_id=50','en_test18'),(913,0,2,'category_id=51','en_test19'),(915,0,2,'category_id=53','en_test21'),(917,0,2,'category_id=54','en_test22'),(919,0,2,'category_id=55','en_test23'),(921,0,2,'category_id=56','en_test24'),(923,0,2,'category_id=38','en_test4'),(925,0,2,'category_id=37','en_test5'),(927,0,2,'category_id=39','en_test6'),(929,0,2,'category_id=40','en_test7'),(931,0,2,'category_id=41','en_test8'),(933,0,2,'manufacturer_id=8','en_apple'),(935,0,2,'manufacturer_id=9','en_canon'),(937,0,2,'manufacturer_id=7','en_hewlett-packard'),(939,0,2,'manufacturer_id=5','en_htc'),(941,0,2,'manufacturer_id=6','en_palm'),(943,0,2,'manufacturer_id=10','en_sony'),(947,0,2,'product_id=42','en_apple_cinema_30');
/*!40000 ALTER TABLE `umo_seo_url` ENABLE KEYS */;
UNLOCK TABLES;

--
-- Table structure for table `umo_session`
--

DROP TABLE IF EXISTS `umo_session`;
/*!40101 SET @saved_cs_client     = @@character_set_client */;
/*!40101 SET character_set_client = utf8 */;
CREATE TABLE `umo_session` (
  `session_id` varchar(32) NOT NULL,
  `data` text NOT NULL,
  `expire` datetime NOT NULL,
  PRIMARY KEY (`session_id`)
) ENGINE=InnoDB DEFAULT CHARSET=utf8;
/*!40101 SET character_set_client = @saved_cs_client */;

--
-- Dumping data for table `umo_session`
--

LOCK TABLES `umo_session` WRITE;
/*!40000 ALTER TABLE `umo_session` DISABLE KEYS */;
INSERT INTO `umo_session` VALUES ('0004b570819e6dd3b29f1bdde0','{\"language\":\"ru-ru\",\"currency\":\"RUB\"}','2020-07-24 04:41:21'),('00149dc3796024790eafae45ca','{\"language\":\"ru-ru\",\"currency\":\"RUB\"}','2020-09-16 06:26:53'),('0014a53f21e6c0a071d08bab50','{\"language\":\"ru-ru\",\"currency\":\"RUB\"}','2020-02-21 14:12:16'),('002cecbfac8efd62366bcbcca1','{\"language\":\"ru-ru\",\"currency\":\"RUB\"}','2020-06-27 05:45:39'),('002d8f957b91107e8fa8a97f19','{\"language\":\"ru-ru\",\"currency\":\"RUB\"}','2020-08-06 10:54:17'),('00309527ccfe714b544911f1d3','{\"language\":\"ru-ru\",\"currency\":\"RUB\"}','2020-02-20 09:25:14'),('003965183b252c1a0845347b03','{\"language\":\"ru-ru\",\"currency\":\"RUB\"}','2020-05-22 17:14:41'),('004aaec663eeb4e3eb7ae60eae','{\"language\":\"ru-ru\",\"currency\":\"RUB\"}','2020-04-27 08:53:09'),('004cd4df154420ee2ffa3b9b39','{\"language\":\"ru-ru\",\"currency\":\"RUB\"}','2020-02-20 05:09:19'),('0050da5b8cdb8fdee4908ac13f','{\"language\":\"ru-ru\",\"currency\":\"RUB\"}','2020-08-26 21:32:47'),('0056f577192242e7ec9364dc9f','{\"language\":\"ru-ru\",\"currency\":\"RUB\"}','2020-07-28 00:35:59'),('005e770c0e7320ac2e28658172','{\"language\":\"ru-ru\",\"currency\":\"RUB\"}','2020-09-03 22:42:45'),('008906bc2de7117934e0bb0610','{\"language\":\"ru-ru\",\"currency\":\"RUB\"}','2020-02-20 05:12:36'),('008bcc16990904ce0b00d8db08','{\"language\":\"ru-ru\",\"currency\":\"RUB\"}','2020-08-24 10:13:55'),('00a89825c992aca850161c602b','{\"language\":\"ru-ru\",\"currency\":\"RUB\"}','2020-02-20 05:11:42'),('00e11c26de04d7c2a18941c8a6','{\"language\":\"ru-ru\",\"currency\":\"RUB\"}','2020-02-20 05:07:53'),('010c9494b79a867042846e9a98','{\"language\":\"ru-ru\",\"currency\":\"RUB\"}','2020-02-21 14:14:14'),('010d9137e3889fb54638f3c421','{\"language\":\"ru-ru\",\"currency\":\"RUB\"}','2020-06-18 20:29:45'),('011aeaa22ae6e1ba8c242e08e4','{\"language\":\"ru-ru\",\"currency\":\"RUB\"}','2020-04-04 07:25:55'),('0151ac54196b391a67f031f00c','{\"language\":\"ru-ru\",\"currency\":\"RUB\"}','2020-08-27 04:21:05'),('0154e5595219fcafc6d30c2f06','{\"language\":\"ru-ru\",\"currency\":\"RUB\"}','2020-03-13 01:02:08'),('015e2a74bf3223196b02148606','{\"language\":\"ru-ru\",\"currency\":\"RUB\",\"redirect\":\"https:\\/\\/umolab.ru\\/shop\\/index.php?route=account\\/order\"}','2020-08-29 11:41:52'),('01692efabefd01be9299892a5c','{\"language\":\"ru-ru\",\"currency\":\"RUB\"}','2020-03-07 05:08:32'),('017486ab55ae5cde0194bacba7','{\"language\":\"ru-ru\",\"currency\":\"RUB\"}','2020-09-24 19:42:12'),('017a199457dc7f4486b6327fed','{\"language\":\"ru-ru\",\"currency\":\"RUB\"}','2020-09-16 06:23:04'),('01841bbcd7f29e2d848518f172','{\"language\":\"ru-ru\",\"currency\":\"RUB\"}','2020-09-17 20:41:43'),('0189613e594d4b1724f8b07792','{\"language\":\"ru-ru\",\"currency\":\"RUB\"}','2020-08-09 20:10:04'),('019c97b8362e850a675a611bff','{\"language\":\"ru-ru\",\"currency\":\"RUB\"}','2020-02-27 02:48:11'),('01af65b0ec112f95000727c30f','{\"language\":\"ru-ru\",\"currency\":\"RUB\"}','2020-03-15 04:25:54'),('01e41c8423728e0ce92c37e88d','{\"language\":\"ru-ru\",\"currency\":\"RUB\",\"compare\":[]}','2020-03-26 16:08:18'),('0203d5e5c2cd44545fb8809b19','{\"language\":\"ru-ru\",\"currency\":\"RUB\"}','2020-09-15 10:36:15'),('0208d37f6272023bf57096c2a5','{\"language\":\"ru-ru\",\"currency\":\"RUB\",\"redirect\":\"https:\\/\\/umolab.ru\\/shop\\/index.php?route=account\\/edit\"}','2020-09-17 20:54:46'),('0212eadbcbcd869a4ea575fd6c','{\"language\":\"ru-ru\",\"currency\":\"RUB\"}','2020-02-19 02:50:09'),('021966a5b327bad747ab024db0','{\"language\":\"ru-ru\",\"currency\":\"RUB\"}','2020-02-26 04:00:42'),('026c24dd0cce0bf865ebd0c63c','{\"language\":\"ru-ru\",\"currency\":\"RUB\"}','2020-02-21 17:50:16'),('029246a3419232d92e408f0ca7','{\"language\":\"ru-ru\",\"currency\":\"RUB\"}','2020-09-14 22:59:45'),('02a2e2a6dfcbf7df435c1d3b0c','{\"language\":\"ru-ru\",\"currency\":\"RUB\"}','2020-09-14 23:42:42'),('02af5186ae1a31913fa8428b4d','{\"language\":\"ru-ru\",\"currency\":\"RUB\"}','2020-08-15 02:50:04'),('02b202c81196a272adf70a70b2','{\"language\":\"ru-ru\",\"currency\":\"RUB\"}','2020-06-20 23:48:34'),('02c0082392944f00bb506f462e','{\"language\":\"ru-ru\",\"currency\":\"RUB\"}','2020-02-19 02:40:21'),('02d1cc9f6b08259c6735c4ab4a','{\"language\":\"ru-ru\",\"currency\":\"RUB\"}','2020-03-12 12:20:15'),('02d62165c7bedd6075292a7417','{\"language\":\"ru-ru\",\"currency\":\"RUB\"}','2020-09-19 16:24:03'),('02e52e28b5a3b9288327446c28','{\"language\":\"ru-ru\",\"currency\":\"RUB\"}','2020-02-20 13:24:21'),('02fab89f805a956c9c79626c53','{\"user_id\":\"1\",\"user_token\":\"MfFwg1gYtWpntwhUT4Yl99QxhWfSTtRY\",\"language\":\"ru-ru\",\"currency\":\"RUB\",\"install\":\"3x0ubM2zoG\",\"account\":\"register\",\"customer_id\":\"1\",\"payment_address\":{\"address_id\":\"1\",\"firstname\":\"\\u041c\\u0430\\u043a\\u0441\\u0438\\u043c\",\"lastname\":\"\\u041f\\u044f\\u0442\\u043a\\u043e\\u0432\",\"company\":\"\",\"address_1\":\"\\u0443\\u043b 50 \\u043b\\u0435\\u0442 \\u0433\\u043e\\u0440\\u043e\\u0434\\u0430\",\"address_2\":\"\\u0443\\u043b 50 \\u043b\\u0435\\u0442 \\u0433\\u043e\\u0440\\u043e\\u0434\\u0430\",\"postcode\":\"652723\",\"city\":\"\\u041a\\u0438\\u0441\\u0435\\u043b\\u0435\\u0432\\u0441\\u043a\",\"zone_id\":\"2747\",\"zone\":\"\\u041a\\u0435\\u043c\\u0435\\u0440\\u043e\\u0432\\u0441\\u043a\\u0430\\u044f \\u043e\\u0431\\u043b\\u0430\\u0441\\u0442\\u044c\",\"zone_code\":\"KEM\",\"country_id\":\"176\",\"country\":\"\\u0420\\u043e\\u0441\\u0441\\u0438\\u0439\\u0441\\u043a\\u0430\\u044f \\u0424\\u0435\\u0434\\u0435\\u0440\\u0430\\u0446\\u0438\\u044f\",\"iso_code_2\":\"RU\",\"iso_code_3\":\"RUS\",\"address_format\":\"\",\"custom_field\":null},\"shipping_address\":{\"address_id\":\"1\",\"firstname\":\"\\u041c\\u0430\\u043a\\u0441\\u0438\\u043c\",\"lastname\":\"\\u041f\\u044f\\u0442\\u043a\\u043e\\u0432\",\"company\":\"\",\"address_1\":\"\\u0443\\u043b 50 \\u043b\\u0435\\u0442 \\u0433\\u043e\\u0440\\u043e\\u0434\\u0430\",\"address_2\":\"\\u0443\\u043b 50 \\u043b\\u0435\\u0442 \\u0433\\u043e\\u0440\\u043e\\u0434\\u0430\",\"postcode\":\"652723\",\"city\":\"\\u041a\\u0438\\u0441\\u0435\\u043b\\u0435\\u0432\\u0441\\u043a\",\"zone_id\":\"2747\",\"zone\":\"\\u041a\\u0435\\u043c\\u0435\\u0440\\u043e\\u0432\\u0441\\u043a\\u0430\\u044f \\u043e\\u0431\\u043b\\u0430\\u0441\\u0442\\u044c\",\"zone_code\":\"KEM\",\"country_id\":\"176\",\"country\":\"\\u0420\\u043e\\u0441\\u0441\\u0438\\u0439\\u0441\\u043a\\u0430\\u044f \\u0424\\u0435\\u0434\\u0435\\u0440\\u0430\\u0446\\u0438\\u044f\",\"iso_code_2\":\"RU\",\"iso_code_3\":\"RUS\",\"address_format\":\"\",\"custom_field\":null},\"last_order_id\":8,\"last-active-tab\":\"tab-wallet\",\"comment\":\"\",\"order_id\":9}','2020-02-12 01:46:05'),('0300cb9f1e2995e15e59e15e05','{\"language\":\"ru-ru\",\"currency\":\"RUB\"}','2020-02-20 05:20:29'),('0302fa6e3b0945636970eb5eb1','{\"language\":\"ru-ru\",\"currency\":\"RUB\"}','2020-03-09 11:18:53'),('0305cc4f7b57f885aef63bc2aa','{\"language\":\"ru-ru\",\"currency\":\"RUB\"}','2020-07-24 04:41:15'),('0328745d6edaf0c4ebc9c271d3','{\"language\":\"ru-ru\",\"currency\":\"RUB\"}','2020-02-20 05:13:23'),('032a33b23ecdfb17951767fc16','{\"language\":\"ru-ru\",\"currency\":\"RUB\"}','2020-08-17 14:37:42'),('032ef38a516b3e2f7f2391111e','{\"language\":\"ru-ru\",\"currency\":\"RUB\"}','2020-02-21 14:21:28'),('0334a65762fb12e786848f20f8','{\"language\":\"ru-ru\",\"currency\":\"RUB\"}','2020-05-24 03:50:40'),('0334fda9a4b82baaa54bf377e7','{\"language\":\"ru-ru\",\"currency\":\"RUB\"}','2020-09-14 22:37:54'),('034a4e05db24a730c77c0e41ed','{\"language\":\"ru-ru\",\"currency\":\"RUB\"}','2020-05-22 08:11:41'),('035618373df1bae9ce98469689','{\"language\":\"ru-ru\",\"currency\":\"RUB\"}','2020-09-16 06:32:09'),('036272c4b27831bd1691aea5b7','{\"language\":\"ru-ru\",\"currency\":\"RUB\"}','2020-03-05 17:56:15'),('0364a47ca9fda24562baabebc7','{\"language\":\"ru-ru\",\"currency\":\"RUB\"}','2020-08-30 13:54:34'),('0365fe6f6186f5c1f20d239a9f','{\"language\":\"ru-ru\",\"currency\":\"RUB\"}','2020-02-22 18:28:16'),('036e783d11bf01606068f0666a','{\"language\":\"ru-ru\",\"currency\":\"RUB\"}','2020-02-20 05:22:02'),('0376b4a58471589e4128d0ba06','{\"language\":\"ru-ru\",\"currency\":\"RUB\"}','2020-02-26 19:40:15'),('037c29c402204cdec9270d1f7d','{\"language\":\"ru-ru\",\"currency\":\"RUB\"}','2020-02-20 23:36:26'),('0380a6ef4d354bbd20751e7c30','{\"language\":\"ru-ru\",\"currency\":\"RUB\"}','2020-08-27 16:51:50'),('038c6b9edc9958492088dc5a2f','{\"language\":\"ru-ru\",\"currency\":\"RUB\"}','2020-06-19 07:00:18'),('039f4c17cac1643e965a94551d','{\"language\":\"ru-ru\",\"currency\":\"RUB\"}','2020-09-23 01:15:09'),('03b2e86249651d4284d689c014','{\"language\":\"ru-ru\",\"currency\":\"RUB\"}','2020-09-21 04:35:16'),('03d42c1663cbc9a6d5152492d7','{\"language\":\"ru-ru\",\"currency\":\"RUB\"}','2020-10-01 03:53:39'),('03e2b774c5b27b1924a8171829','{\"language\":\"ru-ru\",\"currency\":\"RUB\"}','2020-09-16 06:24:26'),('03e873d950240a40b2b08dab96','{\"language\":\"ru-ru\",\"currency\":\"RUB\"}','2020-03-06 14:56:53'),('0419756dd7f526c05cb4f86859','{\"language\":\"en-gb\",\"currency\":\"RUB\"}','2020-05-02 15:26:45'),('041cca509f8930b3efd54664df','{\"language\":\"ru-ru\",\"currency\":\"RUB\"}','2020-02-27 02:47:31'),('04346f2e79c795b2300724a1b3','{\"language\":\"ru-ru\",\"currency\":\"RUB\"}','2020-09-22 22:15:17'),('043725334e6fc32d71121f20d9','{\"language\":\"ru-ru\",\"currency\":\"RUB\"}','2020-04-29 08:00:04'),('04443c3319dad960df640ae6e3','{\"language\":\"ru-ru\",\"currency\":\"RUB\"}','2020-02-20 05:11:14'),('044c4f4833a0d18f902e1d6d34','{\"language\":\"ru-ru\",\"currency\":\"RUB\"}','2020-03-03 23:24:29'),('04514e1ec00d857dfbe0bc81b9','{\"language\":\"ru-ru\",\"currency\":\"RUB\"}','2020-09-02 12:06:46'),('0451c67c72cab05065e0192d85','{\"language\":\"ru-ru\",\"currency\":\"RUB\"}','2020-02-21 14:10:14'),('048741f0d19f24a18cddc20795','{\"language\":\"ru-ru\",\"currency\":\"RUB\"}','2020-09-23 01:34:19'),('0492017d444c26472619bc9651','{\"language\":\"ru-ru\",\"currency\":\"RUB\"}','2020-02-19 02:45:55'),('04971e78b37429f2cba6233af9','{\"language\":\"ru-ru\",\"currency\":\"RUB\"}','2020-02-20 15:09:48'),('049d87e03aa07d612f520a9fc5','{\"language\":\"ru-ru\",\"currency\":\"RUB\"}','2020-02-20 10:22:16'),('04a0e6b3abd6f81333dfc5213c','{\"language\":\"ru-ru\",\"currency\":\"RUB\"}','2020-05-24 11:36:00'),('04a498a38dfe9697a7ae2a41e6','{\"language\":\"ru-ru\",\"currency\":\"RUB\"}','2020-02-21 14:08:53'),('04a71a20cdf4dd063b1df7d197','{\"language\":\"ru-ru\",\"currency\":\"RUB\"}','2020-02-20 11:37:46'),('04b68800bcfe88af683da7fd4f','{\"language\":\"ru-ru\",\"currency\":\"RUB\"}','2020-04-17 12:05:02'),('04ba3a43dab2c115d3e70d7ffd','{\"language\":\"ru-ru\",\"currency\":\"RUB\"}','2020-08-01 00:56:24'),('04ba9db9c929f851c0ba32e0a9','{\"language\":\"ru-ru\",\"currency\":\"RUB\"}','2020-08-01 14:02:05'),('04c49e38f94465b58650e1afba','{\"language\":\"ru-ru\",\"currency\":\"RUB\"}','2020-03-02 04:29:54'),('04e10dc568d4765b9b744fe24d','{\"language\":\"ru-ru\",\"currency\":\"RUB\",\"redirect\":\"https:\\/\\/umolab.ru\\/shop\\/index.php?route=account\\/wishlist\"}','2020-02-26 04:17:27'),('04fb6d09749158059da85f86bb','{\"language\":\"ru-ru\",\"currency\":\"RUB\"}','2020-09-04 04:40:17'),('04fd871ea669a3692837374037','{\"language\":\"ru-ru\",\"currency\":\"RUB\"}','2020-02-21 14:12:24'),('0501ac770dee302ce4701a0743','{\"language\":\"ru-ru\",\"currency\":\"RUB\"}','2020-09-24 06:07:45'),('0503e4901fda5df9474d51e071','{\"language\":\"ru-ru\",\"currency\":\"RUB\"}','2020-02-20 05:22:09'),('0516a57035b8226f830a1e0199','{\"language\":\"ru-ru\",\"currency\":\"RUB\"}','2020-09-03 10:24:40'),('055561546e858687d29cc420a5','{\"language\":\"ru-ru\",\"currency\":\"RUB\"}','2020-09-03 22:12:09'),('0571b8762c4c9abe6b1496857d','{\"language\":\"ru-ru\",\"currency\":\"RUB\"}','2020-02-19 02:39:33'),('0581f6f1fdc2a9cb3b34d2923e','{\"language\":\"en-gb\",\"currency\":\"RUB\"}','2020-07-09 11:02:20'),('059006f73616d64e0a2a5e4b91','{\"language\":\"ru-ru\",\"currency\":\"RUB\"}','2020-02-20 05:09:06'),('05ab27d639b70f4558fc792c27','{\"language\":\"ru-ru\",\"currency\":\"RUB\"}','2020-07-15 05:38:21'),('05aefcf5f97ffc5942c73fa9af','{\"language\":\"ru-ru\",\"currency\":\"RUB\"}','2020-09-14 01:58:00'),('05ba126536f4f1beca6c2e1fe1','{\"language\":\"ru-ru\",\"currency\":\"RUB\"}','2020-08-16 06:06:00'),('05c2960c1afeb34382bb537c56','{\"language\":\"ru-ru\",\"currency\":\"RUB\"}','2020-02-19 02:41:01'),('05d22f45bac99323de43b87d5d','{\"language\":\"ru-ru\",\"currency\":\"RUB\"}','2020-02-20 23:27:47'),('05d5cc0aa128d9f68d8fe439ae','{\"language\":\"ru-ru\",\"currency\":\"RUB\"}','2020-09-24 18:52:41'),('05d9cb440ac15d6576c3c6f41b','{\"language\":\"ru-ru\",\"currency\":\"RUB\"}','2020-02-20 05:13:14'),('05e1e63dc349c4ca0e0a955147','{\"language\":\"ru-ru\",\"currency\":\"RUB\"}','2020-09-24 14:17:30'),('05f03056103a4c63d394f42a1f','{\"language\":\"ru-ru\",\"currency\":\"RUB\"}','2020-09-16 06:31:13'),('05fafa81604ddc6d09bba50152','{\"language\":\"ru-ru\",\"currency\":\"RUB\"}','2020-02-20 05:18:10'),('060317761bf4c301dc3b4a7b13','{\"language\":\"ru-ru\",\"currency\":\"RUB\"}','2020-09-16 06:30:50'),('060d47b257a339e90a05552c0b','{\"language\":\"ru-ru\",\"currency\":\"RUB\"}','2020-08-26 21:02:20'),('061f44823e4167299ad0cfe448','{\"language\":\"ru-ru\",\"currency\":\"RUB\"}','2020-06-23 23:50:13'),('062101f7eacc4214e1ea7052a2','{\"language\":\"ru-ru\",\"currency\":\"RUB\"}','2020-02-20 05:10:26'),('06332298b2b33bd6c497c14b37','{\"language\":\"ru-ru\",\"currency\":\"RUB\"}','2020-09-20 10:25:06'),('063c3699db8a8b55b2929f5ccd','{\"language\":\"ru-ru\",\"currency\":\"RUB\"}','2020-09-18 08:26:56'),('066ffe6495b9b11fd6682f2afb','{\"language\":\"ru-ru\",\"currency\":\"RUB\"}','2020-09-03 02:52:17'),('0685594d390f3bf96d8e97ac44','{\"language\":\"ru-ru\",\"currency\":\"RUB\"}','2020-09-13 13:46:39'),('068d6f6bc193713fb54e9efaef','{\"language\":\"ru-ru\",\"currency\":\"RUB\"}','2020-09-27 06:08:08'),('069c78dbe02268a8ecac037d9d','{\"language\":\"ru-ru\",\"currency\":\"RUB\"}','2020-02-20 05:08:28'),('06cc6a7951abd56a1a8c6553a2','{\"language\":\"ru-ru\",\"currency\":\"RUB\"}','2020-03-10 04:59:05'),('06d795f9bc5573bc9c3f257ab1','{\"language\":\"ru-ru\",\"currency\":\"RUB\"}','2020-09-23 06:27:33'),('06eeebade5cb30a6c6e4249d1c','{\"language\":\"ru-ru\",\"currency\":\"RUB\"}','2020-09-18 14:38:54'),('06f3c88b992fca9ee0f1556604','{\"language\":\"ru-ru\",\"currency\":\"RUB\"}','2020-02-19 02:48:02'),('06fd8a86453a578c98eb889fec','{\"language\":\"ru-ru\",\"currency\":\"RUB\",\"compare\":[]}','2020-07-18 05:08:26'),('07008a4bb9822c03d7530629fe','{\"language\":\"ru-ru\",\"currency\":\"RUB\"}','2020-04-04 15:52:36'),('0707b83d8f874510758df5d6af','{\"language\":\"ru-ru\",\"currency\":\"RUB\"}','2020-09-16 06:23:44'),('0710645ab74a80729e4eb622fc','{\"language\":\"ru-ru\",\"currency\":\"RUB\"}','2020-02-20 19:40:35'),('071da8f0b2466b62bec227d63a','{\"language\":\"ru-ru\",\"currency\":\"RUB\"}','2020-08-30 01:59:53'),('0721cb1a4a329460b080d0b90d','{\"language\":\"ru-ru\",\"currency\":\"RUB\",\"compare\":[]}','2020-07-15 05:39:03'),('072ac93bf92dd495af3aeeb462','{\"language\":\"ru-ru\",\"currency\":\"RUB\"}','2020-03-03 15:10:31'),('07342bf6486db57e09212a24d7','{\"language\":\"ru-ru\",\"currency\":\"RUB\"}','2020-02-19 02:29:36'),('074673f47c1d78853be2bc9ece','{\"language\":\"ru-ru\",\"currency\":\"RUB\"}','2020-09-21 15:44:04'),('0756b8c35556352d201c8fed5d','{\"language\":\"ru-ru\",\"currency\":\"RUB\"}','2020-02-22 11:23:06'),('077158feec0eeac78be21d195b','{\"language\":\"ru-ru\",\"currency\":\"RUB\"}','2020-02-20 18:24:50'),('07738b2a08f253505658a2d9d2','{\"language\":\"ru-ru\",\"currency\":\"RUB\"}','2020-03-03 07:15:34'),('077d401b907c12a4601533d219','{\"language\":\"ru-ru\",\"currency\":\"RUB\"}','2020-04-15 10:02:25'),('0799d61fbac67479eb11c920de','{\"language\":\"ru-ru\",\"currency\":\"RUB\"}','2020-02-20 05:04:45'),('079fe6c84979820897fc1da722','{\"language\":\"ru-ru\",\"currency\":\"RUB\"}','2020-08-20 15:26:31'),('07ad5b74783b4dc4a2813dc0fa','{\"language\":\"ru-ru\",\"currency\":\"RUB\",\"user_id\":\"1\",\"user_token\":\"wIu107jbHHd9uUWhAdwm1YbX5f9nOlSW\",\"shipping_address\":{\"address_id\":\"1\",\"firstname\":\"\\u041c\\u0430\\u043a\\u0441\\u0438\\u043c\",\"lastname\":\"\\u041f\\u044f\\u0442\\u043a\\u043e\\u0432\",\"company\":\"\",\"address_1\":\"\\u0443\\u043b 50 \\u043b\\u0435\\u0442 \\u0433\\u043e\\u0440\\u043e\\u0434\\u0430\",\"address_2\":\"\\u0443\\u043b 50 \\u043b\\u0435\\u0442 \\u0433\\u043e\\u0440\\u043e\\u0434\\u0430\",\"postcode\":\"652723\",\"city\":\"\\u041a\\u0438\\u0441\\u0435\\u043b\\u0435\\u0432\\u0441\\u043a\",\"zone_id\":\"2747\",\"zone\":\"\\u041a\\u0435\\u043c\\u0435\\u0440\\u043e\\u0432\\u0441\\u043a\\u0430\\u044f \\u043e\\u0431\\u043b\\u0430\\u0441\\u0442\\u044c\",\"zone_code\":\"KEM\",\"country_id\":\"176\",\"country\":\"\\u0420\\u043e\\u0441\\u0441\\u0438\\u0439\\u0441\\u043a\\u0430\\u044f \\u0424\\u0435\\u0434\\u0435\\u0440\\u0430\\u0446\\u0438\\u044f\",\"iso_code_2\":\"RU\",\"iso_code_3\":\"RUS\",\"address_format\":\"\",\"custom_field\":null},\"customer_id\":\"1\",\"payment_address\":{\"address_id\":\"1\",\"firstname\":\"\\u041c\\u0430\\u043a\\u0441\\u0438\\u043c\",\"lastname\":\"\\u041f\\u044f\\u0442\\u043a\\u043e\\u0432\",\"company\":\"\",\"address_1\":\"\\u0443\\u043b 50 \\u043b\\u0435\\u0442 \\u0433\\u043e\\u0440\\u043e\\u0434\\u0430\",\"address_2\":\"\\u0443\\u043b 50 \\u043b\\u0435\\u0442 \\u0433\\u043e\\u0440\\u043e\\u0434\\u0430\",\"postcode\":\"652723\",\"city\":\"\\u041a\\u0438\\u0441\\u0435\\u043b\\u0435\\u0432\\u0441\\u043a\",\"zone_id\":\"2747\",\"zone\":\"\\u041a\\u0435\\u043c\\u0435\\u0440\\u043e\\u0432\\u0441\\u043a\\u0430\\u044f \\u043e\\u0431\\u043b\\u0430\\u0441\\u0442\\u044c\",\"zone_code\":\"KEM\",\"country_id\":\"176\",\"country\":\"\\u0420\\u043e\\u0441\\u0441\\u0438\\u0439\\u0441\\u043a\\u0430\\u044f \\u0424\\u0435\\u0434\\u0435\\u0440\\u0430\\u0446\\u0438\\u044f\",\"iso_code_2\":\"RU\",\"iso_code_3\":\"RUS\",\"address_format\":\"\",\"custom_field\":null},\"comment\":\"\",\"order_id\":16,\"install\":\"kmGta6OGJn\"}','2020-07-16 05:51:31'),('07ae754323fdc97f6ec3c682a0','{\"language\":\"ru-ru\",\"currency\":\"RUB\"}','2020-04-04 05:43:00'),('07bbdbb3a91c9043f422a1cf0a','{\"language\":\"ru-ru\",\"currency\":\"RUB\"}','2020-09-09 19:45:28'),('07e1c2e14931e019f1212c3017','{\"language\":\"ru-ru\",\"currency\":\"RUB\"}','2020-07-15 05:38:54'),('07f0fb14e5e6a8226ea1318eba','{\"language\":\"ru-ru\",\"currency\":\"RUB\"}','2020-05-15 11:17:53'),('07f7400318314e9a581ebf3720','{\"language\":\"ru-ru\",\"currency\":\"RUB\"}','2020-02-19 02:40:09'),('08113202712f39ad0db6bc7669','{\"language\":\"ru-ru\",\"currency\":\"RUB\"}','2020-02-20 05:06:27'),('0827e5ba1dcccd5915e02907d8','{\"language\":\"ru-ru\",\"currency\":\"RUB\"}','2020-02-19 02:48:52'),('083e14eb5d8ec9b954f2630d07','{\"language\":\"ru-ru\",\"currency\":\"RUB\"}','2020-07-24 04:41:05'),('08401949bf7d7d2df037096072','{\"language\":\"ru-ru\",\"currency\":\"RUB\"}','2020-04-03 04:34:39'),('0841bf06687c3a7b48df265658','{\"language\":\"ru-ru\",\"currency\":\"RUB\"}','2020-02-20 05:06:02'),('0852a190fbb9f13c75f38c167c','{\"language\":\"ru-ru\",\"currency\":\"RUB\"}','2020-09-30 17:10:00'),('086117cc7d1209d8c2ad16e9bc','{\"language\":\"ru-ru\",\"currency\":\"RUB\"}','2020-09-22 17:02:53'),('087d9a2d0b73c1271219a2c593','{\"language\":\"ru-ru\",\"currency\":\"RUB\",\"vouchers\":[]}','2020-09-29 10:22:55'),('0885022f78efb54fa0f398bac1','{\"language\":\"ru-ru\",\"currency\":\"RUB\"}','2020-02-21 14:19:16'),('088bf5609c6a1093875129c9e4','{\"language\":\"ru-ru\",\"currency\":\"RUB\"}','2020-09-24 06:26:41'),('08ae1ce775a2feab201a64cdd2','{\"language\":\"ru-ru\",\"currency\":\"RUB\"}','2020-03-05 07:24:24'),('08bdb4da26cbe129955f7e464c','{\"language\":\"ru-ru\",\"currency\":\"RUB\"}','2020-03-02 23:38:06'),('08e918d8065aca48a04e8aa46a','{\"language\":\"ru-ru\",\"currency\":\"RUB\"}','2020-02-22 11:23:12'),('0902c9502be271d912b5f5118a','{\"language\":\"ru-ru\",\"currency\":\"RUB\"}','2020-02-19 02:37:20'),('0911d9b5f8437a2a8233bbf228','{\"language\":\"ru-ru\",\"currency\":\"RUB\"}','2020-09-17 19:35:24'),('091709c72ab6d11b4e9f5d0b0a','{\"language\":\"ru-ru\",\"currency\":\"RUB\"}','2020-08-11 04:07:09'),('091919a1009d14f61a4b535463','{\"language\":\"ru-ru\",\"currency\":\"RUB\"}','2020-09-18 06:00:12'),('091e2e813c73bfec0ba8bddcb4','{\"language\":\"ru-ru\",\"currency\":\"RUB\"}','2020-02-19 02:50:59'),('09261c5694526b31a8b583f7bb','{\"language\":\"ru-ru\",\"currency\":\"RUB\"}','2020-09-16 06:30:28'),('09306858b513bd5d7bb34c2ad4','{\"language\":\"en-gb\",\"currency\":\"RUB\"}','2020-07-09 11:02:37'),('0941ff15a970806cbcc6fd7451','{\"language\":\"ru-ru\",\"currency\":\"RUB\"}','2020-02-19 02:36:02'),('0954bbbea8acaaf6b5bc96704b','{\"language\":\"ru-ru\",\"currency\":\"RUB\"}','2020-02-20 05:11:08'),('095f8140e701e4dd62e0249ed9','{\"language\":\"ru-ru\",\"currency\":\"RUB\"}','2020-02-19 02:40:42'),('0972668e70d322103e9b848e7e','{\"language\":\"ru-ru\",\"currency\":\"RUB\"}','2020-07-18 12:36:06'),('097adbf346b73b3815c6fbead8','{\"language\":\"ru-ru\",\"currency\":\"RUB\"}','2020-09-21 17:42:55'),('0991ef234931f1d3eaf083a9bf','{\"language\":\"ru-ru\",\"currency\":\"RUB\"}','2020-02-19 02:51:18'),('09957acf3ac991699315116933','{\"language\":\"en-gb\",\"currency\":\"RUB\"}','2020-07-09 11:02:18'),('099c9104b7cb0f3024118ee2c4','{\"language\":\"ru-ru\",\"currency\":\"RUB\"}','2020-02-20 05:10:53'),('099f2c95926dcd4e643bba91d9','{\"language\":\"ru-ru\",\"currency\":\"RUB\"}','2020-07-01 15:30:59'),('09b5aad0ca6ea70111e0dc2fe5','{\"language\":\"ru-ru\",\"currency\":\"RUB\"}','2020-03-06 18:49:09'),('09baf36acd3a086d0c3ac16e9c','{\"language\":\"ru-ru\",\"currency\":\"RUB\"}','2020-02-19 02:32:51'),('09c3c1d585e5324f9ff5e58adf','{\"language\":\"ru-ru\",\"currency\":\"RUB\"}','2020-02-19 02:48:42'),('09ca7a4f172d3bad4ed095a071','{\"language\":\"ru-ru\",\"currency\":\"RUB\"}','2020-07-04 05:12:12'),('09dc8f208f6d96ba99d4ab1de0','{\"language\":\"ru-ru\",\"currency\":\"RUB\"}','2020-09-16 06:28:49'),('09f6f76a86ea1123b50d9c49fe','{\"language\":\"ru-ru\",\"currency\":\"RUB\"}','2020-09-16 06:29:51'),('0a08cfebd9dd4cf3ac4f0234f5','{\"language\":\"ru-ru\",\"currency\":\"RUB\"}','2020-02-21 14:18:06'),('0a123db5d20ede5d73b60c17fa','{\"language\":\"ru-ru\",\"currency\":\"RUB\"}','2020-09-23 11:46:08'),('0a1d89c4eaaa6bdba4dcd591a0','{\"language\":\"ru-ru\",\"currency\":\"RUB\"}','2020-02-20 05:11:35'),('0a32b8b185b1e120bacca9c894','{\"language\":\"ru-ru\",\"currency\":\"RUB\"}','2020-09-15 01:07:53'),('0a3843e8157f1b15d490cf05b2','{\"language\":\"ru-ru\",\"currency\":\"RUB\",\"redirect\":\"https:\\/\\/umolab.ru\\/shop\\/index.php?route=account\\/edit\"}','2020-02-28 23:32:24'),('0a3a7b953da76113271fd1f77d','{\"language\":\"ru-ru\",\"currency\":\"RUB\"}','2020-09-21 00:54:12'),('0a3c58e11e8560a3de92872424','{\"language\":\"ru-ru\",\"currency\":\"RUB\"}','2020-03-26 21:08:23'),('0a4460eccdd1ef6b91b93b190e','{\"language\":\"ru-ru\",\"currency\":\"RUB\"}','2020-02-22 11:11:08'),('0a5320e9f4348b8e649c4dcbb5','{\"language\":\"ru-ru\",\"currency\":\"RUB\"}','2020-03-02 08:04:49'),('0a6569c72dfd6c9f1ae2a66980','{\"language\":\"ru-ru\",\"currency\":\"RUB\"}','2020-09-24 18:57:17'),('0a692032bf183c33327f837b03','{\"language\":\"ru-ru\",\"currency\":\"RUB\"}','2020-07-20 14:04:59'),('0a6b09512b861c0f08c154269c','{\"language\":\"ru-ru\",\"currency\":\"RUB\"}','2020-05-18 08:55:33'),('0a7df91127b5508db12a35a385','{\"language\":\"ru-ru\",\"currency\":\"RUB\"}','2020-02-21 14:13:22'),('0a855fddcb347679d97903c52d','{\"language\":\"ru-ru\",\"currency\":\"RUB\"}','2020-09-18 04:35:00'),('0ab35a976cf9b9efc7fe0c5ed5','{\"language\":\"ru-ru\",\"currency\":\"RUB\"}','2020-02-20 05:06:22'),('0abed563ba2a0d166132660779','{\"language\":\"ru-ru\",\"currency\":\"RUB\"}','2020-08-15 13:01:11'),('0abf591fed8c861f458d25819f','{\"language\":\"ru-ru\",\"currency\":\"RUB\"}','2020-09-18 04:47:14'),('0adca4afafb25c91daf22bb2b3','{\"language\":\"ru-ru\",\"currency\":\"RUB\"}','2020-09-14 23:14:17'),('0aeb2ada88ecfa6f6ff94f70de','{\"language\":\"ru-ru\",\"currency\":\"RUB\"}','2020-05-04 00:15:20'),('0b2a421a86eb423e7b21a9cd33','{\"language\":\"ru-ru\",\"currency\":\"RUB\"}','2020-03-10 06:11:11'),('0b2b2c5dd17ea43752b935986c','{\"language\":\"ru-ru\",\"currency\":\"RUB\"}','2020-02-19 02:41:48'),('0b2c66aab8f983e41bb89dadca','{\"language\":\"ru-ru\",\"currency\":\"RUB\"}','2020-02-19 02:45:37'),('0b3523614d65b11fb9c3a4c395','{\"language\":\"ru-ru\",\"currency\":\"RUB\"}','2020-07-15 05:38:32'),('0b3bf86e24827714562a2f1762','{\"language\":\"ru-ru\",\"currency\":\"RUB\"}','2020-09-16 06:24:41'),('0b5ff120f4f914a5995b7eec1c','{\"language\":\"ru-ru\",\"currency\":\"RUB\"}','2020-09-23 07:54:32'),('0b6820e0c0d4feb721327ec9a4','{\"language\":\"ru-ru\",\"currency\":\"RUB\"}','2020-08-02 10:36:42'),('0b7dba22f33edcfa942718b3b7','{\"language\":\"ru-ru\",\"currency\":\"RUB\"}','2020-02-19 02:52:37'),('0b84249c0bbea48b47bdac17f5','{\"language\":\"ru-ru\",\"currency\":\"RUB\"}','2020-02-20 05:20:54'),('0b8659aae4faf075eb2450505c','{\"language\":\"ru-ru\",\"currency\":\"RUB\"}','2020-06-07 02:54:19'),('0b8776df62c58fdc471b7d719f','{\"language\":\"ru-ru\",\"currency\":\"RUB\"}','2020-02-20 06:25:22'),('0ba61f91e9a335d7f872fd901a','{\"language\":\"ru-ru\",\"currency\":\"RUB\"}','2020-03-01 03:17:28'),('0bcc789b0c77122b505e7a3b2f','{\"language\":\"ru-ru\",\"currency\":\"RUB\"}','2020-02-19 02:51:06'),('0bd0b64fdfdd71a30e2d7afbb4','{\"language\":\"ru-ru\",\"currency\":\"RUB\"}','2020-02-19 02:32:00'),('0bef91fc5f0214df82a2fa6e76','{\"language\":\"ru-ru\",\"currency\":\"RUB\"}','2020-02-20 05:23:32'),('0bf01abe783bc66aab4390b30d','{\"language\":\"ru-ru\",\"currency\":\"RUB\"}','2020-03-10 22:44:59'),('0bf25df1bf306874a9ea6cc742','{\"language\":\"ru-ru\",\"currency\":\"RUB\"}','2020-07-18 05:10:07'),('0bfab682631686fac118825c83','{\"language\":\"ru-ru\",\"currency\":\"RUB\"}','2020-02-20 08:02:05'),('0c00f8b3b2b69e54ac682b84d9','{\"language\":\"ru-ru\",\"currency\":\"RUB\"}','2020-02-21 14:10:21'),('0c0fd7d7c1594012a13383254f','{\"language\":\"ru-ru\",\"currency\":\"RUB\"}','2020-05-15 11:19:43'),('0c1c60bfe69896005dad3e5de4','{\"language\":\"ru-ru\",\"currency\":\"RUB\",\"redirect\":\"https:\\/\\/umolab.ru\\/shop\\/index.php?route=account\\/newsletter\"}','2020-09-20 23:32:58'),('0c242bdeec6b335a92ff0976b0','{\"language\":\"ru-ru\",\"currency\":\"RUB\"}','2020-02-19 02:50:44'),('0c2a4ae680471dcbe97a094c54','{\"language\":\"ru-ru\",\"currency\":\"RUB\"}','2020-02-19 02:51:09'),('0c36757b5276e747e91845fe97','{\"language\":\"ru-ru\",\"currency\":\"RUB\"}','2020-09-22 07:15:57'),('0c3adcb862e686808af54cdf83','{\"language\":\"ru-ru\",\"currency\":\"RUB\"}','2020-02-19 02:49:17'),('0c46428cfd6ed75fc0ace7a3c0','{\"language\":\"ru-ru\",\"currency\":\"RUB\"}','2020-03-07 05:06:44'),('0c4c4ebed11420bac091a2bcc3','{\"language\":\"ru-ru\",\"currency\":\"RUB\"}','2020-09-24 18:53:01'),('0c76b4ef0796e29c742664d845','{\"language\":\"ru-ru\",\"currency\":\"RUB\"}','2020-02-19 02:52:46'),('0c7dd0591ef102b028a9d15da2','{\"language\":\"ru-ru\",\"currency\":\"RUB\"}','2020-02-21 14:24:17'),('0c87f6dde8c629d08b513baca4','{\"language\":\"ru-ru\",\"currency\":\"RUB\"}','2020-02-22 11:04:54'),('0c8cab1926718750da69a4cc10','{\"language\":\"ru-ru\",\"currency\":\"RUB\"}','2020-09-24 19:23:16'),('0c8d635fc7dcc0aa3e08742489','{\"language\":\"ru-ru\",\"currency\":\"RUB\"}','2020-02-19 02:40:23'),('0cd6e4b90ba567f9ea14eba503','{\"language\":\"ru-ru\",\"currency\":\"RUB\"}','2020-03-13 08:41:27'),('0cdb35f53e8b54e8b6cf4e3eee','{\"language\":\"ru-ru\",\"currency\":\"RUB\"}','2020-09-23 20:30:17'),('0cdb5f6dfbbb3ac037390a9b1c','{\"language\":\"ru-ru\",\"currency\":\"RUB\"}','2020-03-15 03:47:09'),('0ce80cd79041372fa98f77d0e5','{\"language\":\"ru-ru\",\"currency\":\"RUB\"}','2020-08-18 23:18:29'),('0ce8d559fb2c2c30f0a6adced2','{\"language\":\"ru-ru\",\"currency\":\"RUB\"}','2020-02-20 07:57:21'),('0cecea08ac3ccb99f373a95505','{\"language\":\"ru-ru\",\"currency\":\"RUB\"}','2020-10-01 21:16:28'),('0cf2f2c589a1b87b3a8628faab','{\"language\":\"ru-ru\",\"currency\":\"RUB\"}','2020-02-19 02:52:42'),('0cf42d4e633511b8dfdddfc6c8','{\"language\":\"ru-ru\",\"currency\":\"RUB\"}','2020-02-19 02:47:51'),('0cfdb9cc009def679adf0996b9','{\"language\":\"ru-ru\",\"currency\":\"RUB\"}','2020-09-03 18:47:44'),('0d0b9c179cafc2ae4094dd12aa','{\"language\":\"ru-ru\",\"currency\":\"RUB\"}','2020-09-20 07:11:45'),('0d260ea61adae56165db00e951','{\"language\":\"ru-ru\",\"currency\":\"RUB\",\"redirect\":\"https:\\/\\/umolab.ru\\/shop\\/index.php?route=account\\/order\"}','2020-05-21 15:29:11'),('0d41fe50b6ba0a5f8dd481f1fd','{\"language\":\"ru-ru\",\"currency\":\"RUB\"}','2020-02-20 05:20:01'),('0d4cc4af95526728def9a191ed','{\"language\":\"ru-ru\",\"currency\":\"RUB\"}','2020-08-30 17:03:45'),('0d5c14e697e702a6e8be69e290','{\"language\":\"ru-ru\",\"currency\":\"RUB\"}','2020-05-21 22:24:42'),('0d68d4ca6239d01021d1d89c5b','{\"language\":\"ru-ru\",\"currency\":\"RUB\"}','2020-09-14 17:44:32'),('0d74157dcad9bca25f18a76eb6','{\"language\":\"ru-ru\",\"currency\":\"RUB\"}','2020-04-15 10:02:14'),('0d7fe721a2fa640c7982fe2c8f','{\"language\":\"ru-ru\",\"currency\":\"RUB\"}','2020-02-21 14:14:05'),('0d86b7b4213fa043ed2d862f07','{\"language\":\"ru-ru\",\"currency\":\"RUB\"}','2020-03-11 21:23:33'),('0d8edcff7e6479f1e3daa762ec','{\"language\":\"ru-ru\",\"currency\":\"RUB\"}','2020-02-19 02:34:01'),('0d941fbd9a8c6eddffc2c26ddc','{\"language\":\"ru-ru\",\"currency\":\"RUB\"}','2020-05-07 01:09:27'),('0d9c86f241bac995e65e3c8fbe','{\"language\":\"ru-ru\",\"currency\":\"RUB\"}','2020-09-20 00:25:26'),('0d9fe0a523cb5aa2709fd5aee4','{\"language\":\"ru-ru\",\"currency\":\"RUB\"}','2020-07-30 01:50:37'),('0dad1708f08aa41373563c3093','{\"language\":\"ru-ru\",\"currency\":\"RUB\"}','2020-02-19 02:42:01'),('0db220f636fe710779628dea03','{\"language\":\"ru-ru\",\"currency\":\"RUB\"}','2020-09-19 23:20:35'),('0dbae2b96e00b61c67fc6c05c2','{\"language\":\"ru-ru\",\"currency\":\"RUB\"}','2020-08-16 01:35:39'),('0dc3a3ba64b7bb97f1b0d27ef1','{\"language\":\"ru-ru\",\"currency\":\"RUB\"}','2020-09-20 23:32:14'),('0dd2329cddede89842de0c879f','{\"language\":\"ru-ru\",\"currency\":\"RUB\"}','2020-06-11 13:19:10'),('0dde655fe66513f0f2adc6eb1b','{\"language\":\"ru-ru\",\"currency\":\"RUB\"}','2020-09-02 22:20:43'),('0de3b9e26a37d0fb4b6428e27b','{\"language\":\"ru-ru\",\"currency\":\"RUB\"}','2020-09-18 06:57:00'),('0df6f8815df82eebfcf979ee9e','{\"language\":\"ru-ru\",\"currency\":\"RUB\"}','2020-02-19 02:39:30'),('0dfc9cbdbdd37275dc62dc82e7','{\"language\":\"ru-ru\",\"currency\":\"RUB\"}','2020-03-03 23:10:13'),('0e129a83c83ba8d58c97c165bc','{\"language\":\"ru-ru\",\"currency\":\"RUB\"}','2020-02-19 02:44:45'),('0e14e1bcc89627ba46bd8db56a','{\"language\":\"ru-ru\",\"currency\":\"RUB\"}','2020-09-02 04:38:07'),('0e2036f4eef69939f85dbe8b11','{\"language\":\"ru-ru\",\"currency\":\"RUB\"}','2020-09-18 00:57:16'),('0e53a00dde294e0c3effc91ca9','{\"language\":\"ru-ru\",\"currency\":\"RUB\"}','2020-02-19 02:41:34'),('0e585737d8a35bc9d4a264a5d3','{\"language\":\"ru-ru\",\"currency\":\"RUB\"}','2020-08-09 08:14:35'),('0e66f7ee734b916d797edda2ba','{\"language\":\"ru-ru\",\"currency\":\"RUB\"}','2020-09-18 09:56:54'),('0e84fc8f4f041a074f2dccba55','{\"language\":\"ru-ru\",\"currency\":\"RUB\"}','2020-09-20 01:59:23'),('0e9f1fd6e9b0ee5727a23ebd9d','{\"language\":\"ru-ru\",\"currency\":\"RUB\"}','2020-02-20 20:59:56'),('0ebb6eecb03821cb717301162c','{\"language\":\"ru-ru\",\"currency\":\"RUB\"}','2020-09-16 06:32:33'),('0ebdac3e7c8d6456746c6dae0e','{\"language\":\"ru-ru\",\"currency\":\"RUB\"}','2020-09-19 14:57:21'),('0ec588e6d3c6ac2d7bc353f619','{\"language\":\"ru-ru\",\"currency\":\"RUB\"}','2020-05-20 18:25:00'),('0ec7d201e4ceca72f03e5cf5bc','{\"language\":\"ru-ru\",\"currency\":\"RUB\"}','2020-02-19 02:51:22'),('0efcfd051559e5fd9910d07f18','{\"language\":\"ru-ru\",\"currency\":\"RUB\",\"vouchers\":[]}','2020-09-22 10:24:19'),('0f0848a29593aae2b6989bd61d','{\"language\":\"ru-ru\",\"currency\":\"RUB\"}','2020-09-17 23:22:39'),('0f0cbdae34b012b7cd0181f6fe','{\"language\":\"ru-ru\",\"currency\":\"RUB\",\"compare\":[]}','2020-09-02 22:15:32'),('0f285b1415859e72094843097b','{\"language\":\"ru-ru\",\"currency\":\"RUB\"}','2020-02-22 11:30:28'),('0f38101ba8a5a2850e372d7371','{\"language\":\"ru-ru\",\"currency\":\"RUB\"}','2020-02-22 11:34:26'),('0f3fdce95dc1b8d386451069e9','{\"language\":\"ru-ru\",\"currency\":\"RUB\"}','2020-09-18 07:34:52'),('0f42c11b5bb3ae8455968a853c','{\"language\":\"ru-ru\",\"currency\":\"RUB\"}','2020-09-18 01:16:12'),('0f5772f87bd28c430aae85bceb','{\"language\":\"ru-ru\",\"currency\":\"RUB\"}','2020-09-20 17:16:42'),('0f584e9ce0f9ab65788188f318','{\"language\":\"ru-ru\",\"currency\":\"RUB\"}','2020-08-02 07:28:28'),('0f88bc7bf4e251fb271fe210c0','{\"language\":\"ru-ru\",\"currency\":\"RUB\"}','2020-02-21 14:19:37'),('0f8cc22bc8f3bff6c0e5674478','{\"language\":\"ru-ru\",\"currency\":\"RUB\"}','2020-02-21 02:37:06'),('0f926722af03e04fa77114db69','{\"language\":\"ru-ru\",\"currency\":\"RUB\"}','2020-07-18 01:54:32'),('0f9410363d4fcfce48e98709a7','{\"language\":\"ru-ru\",\"currency\":\"RUB\"}','2020-02-19 02:41:02'),('0fa3b45235c4fd167b5e17f09e','{\"language\":\"ru-ru\",\"currency\":\"RUB\"}','2020-02-19 02:39:23'),('0fa4df4b3e59f0b3ba776fdde6','{\"language\":\"en-gb\",\"currency\":\"RUB\"}','2020-07-09 11:02:41'),('0fb1af57c8bb7892db49cefcaa','{\"language\":\"ru-ru\",\"currency\":\"RUB\"}','2020-09-19 14:52:51'),('0fb5f67973221e795e19f3325a','{\"language\":\"ru-ru\",\"currency\":\"RUB\"}','2020-02-19 02:51:02'),('0fc402404923444befb5454b75','{\"language\":\"ru-ru\",\"currency\":\"RUB\"}','2020-05-27 10:55:46'),('0fc48dcd9c15a70ab08c7d4977','{\"language\":\"ru-ru\",\"currency\":\"RUB\"}','2020-09-16 06:26:24'),('0fc52a895139c9e5e849600cd7','{\"language\":\"ru-ru\",\"currency\":\"RUB\"}','2020-02-21 14:11:06'),('0fc55f6dfd29b80498df0cd9d1','{\"language\":\"ru-ru\",\"currency\":\"RUB\"}','2020-02-20 05:22:12'),('0fd817f8e2111f1af8e4dce310','{\"language\":\"ru-ru\",\"currency\":\"RUB\"}','2020-09-14 23:00:34'),('0ff4139092c71c0c2eaca58127','{\"language\":\"ru-ru\",\"currency\":\"RUB\",\"compare\":[]}','2020-10-02 00:16:42'),('0ff77686ed372e949d9b67165a','{\"language\":\"ru-ru\",\"currency\":\"RUB\"}','2020-02-20 06:16:43'),('0ff7d96f4d0ebd96393541ada2','{\"language\":\"ru-ru\",\"currency\":\"RUB\"}','2020-06-18 20:29:43'),('101eb76785d7a5ed4baa99c63f','{\"language\":\"ru-ru\",\"currency\":\"RUB\"}','2020-02-22 23:34:38'),('101ebab6c02db6243d773de021','{\"language\":\"ru-ru\",\"currency\":\"RUB\"}','2020-04-11 21:08:16'),('1027411740a8a41e3741b5b929','{\"language\":\"ru-ru\",\"currency\":\"RUB\"}','2020-08-26 15:06:20'),('1034302dfd45343276a9ca4c78','{\"language\":\"ru-ru\",\"currency\":\"RUB\"}','2020-07-15 05:38:32'),('10542c968aa79e0856d2643622','{\"language\":\"ru-ru\",\"currency\":\"RUB\",\"vouchers\":[]}','2020-06-18 14:23:45'),('10573539bccc41e633917cc5c0','{\"language\":\"ru-ru\",\"currency\":\"RUB\"}','2020-06-06 18:57:55'),('1069905e0d478bc16bbd4159c4','{\"language\":\"ru-ru\",\"currency\":\"RUB\",\"vouchers\":[]}','2020-07-11 12:34:24'),('1071b5168856370dda16b2c6d4','{\"language\":\"ru-ru\",\"currency\":\"RUB\"}','2020-05-05 20:00:07'),('107badfe438975c7f8cafd0c73','{\"language\":\"ru-ru\",\"currency\":\"RUB\"}','2020-09-18 09:09:32'),('107ed5a7191f9f7d782d475a22','{\"language\":\"ru-ru\",\"currency\":\"RUB\"}','2020-09-05 06:09:54'),('10a9c8a3dfe20585af27678832','{\"language\":\"ru-ru\",\"currency\":\"RUB\"}','2020-02-20 05:12:02'),('10e7eb6777d971adce9923b76b','{\"language\":\"ru-ru\",\"currency\":\"RUB\",\"redirect\":\"https:\\/\\/umolab.ru\\/shop\\/index.php?route=account\\/account\"}','2020-07-15 05:38:32'),('10f1d4099592a5870d09fad4c8','{\"language\":\"ru-ru\",\"currency\":\"RUB\"}','2020-02-19 02:46:11'),('10ff8d2d82c41827d166357576','{\"language\":\"ru-ru\",\"currency\":\"RUB\"}','2020-03-10 07:26:18'),('111de37c608d4ec3cb66905929','{\"language\":\"ru-ru\",\"currency\":\"RUB\"}','2020-02-27 03:00:47'),('111ece5dacf198383a6be79055','{\"language\":\"ru-ru\",\"currency\":\"RUB\"}','2020-07-24 04:41:15'),('113334001c937fa9ccdb83c365','{\"language\":\"ru-ru\",\"currency\":\"RUB\"}','2020-02-21 15:40:40'),('114ed9f25b6591d00c56b9fab2','{\"language\":\"ru-ru\",\"currency\":\"RUB\"}','2020-09-20 14:19:56'),('11553c761533d3e608a35f33bf','{\"language\":\"ru-ru\",\"currency\":\"RUB\"}','2020-09-21 17:42:53'),('117612a6b97f8503ec28062c34','{\"language\":\"ru-ru\",\"currency\":\"RUB\"}','2020-03-02 05:47:46'),('1182d3ae13e10cd78cffe58ac8','{\"language\":\"ru-ru\",\"currency\":\"RUB\",\"vouchers\":[]}','2020-08-02 09:01:52'),('118705b55f5edf961ecedc2625','{\"language\":\"ru-ru\",\"currency\":\"RUB\"}','2020-06-18 20:29:34'),('118985fc51f3e0e0f4c0f5aaa3','{\"language\":\"ru-ru\",\"currency\":\"RUB\"}','2020-02-20 13:50:19'),('11a8d0376f3454ea9ddceb1bcc','{\"language\":\"ru-ru\",\"currency\":\"RUB\"}','2020-07-13 01:47:04'),('11e1dd617833d99b7ef4f89b12','{\"language\":\"ru-ru\",\"currency\":\"RUB\"}','2020-09-21 09:53:48'),('11fd2ce5413bac876ce4e4e5c1','{\"language\":\"ru-ru\",\"currency\":\"RUB\"}','2020-03-15 06:08:41'),('120eaf68d48fec4f050c131130','{\"language\":\"ru-ru\",\"currency\":\"RUB\"}','2020-02-21 16:38:43'),('1222e782b79fabfd6aab971cad','{\"language\":\"ru-ru\",\"currency\":\"RUB\"}','2020-09-24 18:58:36'),('12387cf825ec6b491676b81fa4','{\"language\":\"ru-ru\",\"currency\":\"RUB\"}','2020-03-01 14:42:56'),('123cfd5eaeda159f91b3527d4e','{\"language\":\"ru-ru\",\"currency\":\"RUB\"}','2020-02-21 17:43:04'),('1244c64d91ed87878da8c918c6','{\"language\":\"ru-ru\",\"currency\":\"RUB\"}','2020-09-11 12:45:01'),('124ef36041404170800ea134ed','{\"language\":\"ru-ru\",\"currency\":\"RUB\"}','2020-02-22 18:28:17'),('12a6c9c1d75518afdf048e7998','{\"language\":\"ru-ru\",\"currency\":\"RUB\"}','2020-09-25 18:49:46'),('12c5ff561c51ee6a1c8142a7a4','{\"language\":\"ru-ru\",\"currency\":\"RUB\"}','2020-09-02 12:00:22'),('12d0bbb2b75a903fb7a25853a1','{\"language\":\"ru-ru\",\"currency\":\"RUB\"}','2020-03-28 12:33:01'),('12dc07d7e7af3409f564e43ae5','{\"language\":\"ru-ru\",\"currency\":\"RUB\"}','2020-07-15 05:38:43'),('12e30245650fe2224c7621a92a','{\"language\":\"ru-ru\",\"currency\":\"RUB\"}','2020-02-19 02:47:20'),('12f28faa21d517fccf3dd8500f','{\"language\":\"ru-ru\",\"currency\":\"RUB\"}','2020-08-31 14:34:45'),('13220afb1655881cbecdfbda32','{\"language\":\"ru-ru\",\"currency\":\"RUB\"}','2020-03-30 22:17:13'),('13294cb979c134fb3c0b6f0bf4','{\"language\":\"ru-ru\",\"currency\":\"RUB\"}','2020-08-25 04:55:03'),('1332a654c131b6bf8f716824ed','{\"language\":\"ru-ru\",\"currency\":\"RUB\"}','2020-02-19 02:43:27'),('13414d92b1ce1b78df12a76a24','{\"language\":\"ru-ru\",\"currency\":\"RUB\"}','2020-02-04 03:23:03'),('1342b24b18156be17a9d966578','{\"language\":\"ru-ru\",\"currency\":\"RUB\"}','2020-02-20 05:08:03'),('1342f1d7022c8d7d47c7e4bc1f','{\"language\":\"ru-ru\",\"currency\":\"RUB\"}','2020-09-20 03:07:47'),('134cf7b5ae5bf3d47443a15602','{\"language\":\"ru-ru\",\"currency\":\"RUB\"}','2020-09-22 00:19:57'),('135b72b81a2531f773f0ea4eee','{\"language\":\"ru-ru\",\"currency\":\"RUB\"}','2020-07-15 05:38:43'),('135dacdcb2e8d984325474be68','{\"language\":\"ru-ru\",\"currency\":\"RUB\"}','2020-09-02 12:03:14'),('1366cb2ee115fd04786387a081','{\"language\":\"ru-ru\",\"currency\":\"RUB\"}','2020-02-20 05:17:36'),('13722286bdd00acf52be39f3dd','{\"language\":\"ru-ru\",\"currency\":\"RUB\"}','2020-03-03 07:33:39'),('138a6813b671d0c74c1a1b330c','{\"language\":\"ru-ru\",\"currency\":\"RUB\"}','2020-02-20 05:12:32'),('13925bf29f9e216b3e9c1a0988','{\"language\":\"ru-ru\",\"currency\":\"RUB\"}','2020-09-16 06:24:19'),('13b3f3e9b6f6d68ab6fd50db11','{\"language\":\"ru-ru\",\"currency\":\"RUB\"}','2020-08-25 23:21:22'),('13c87f7076eac26fe734c46857','{\"language\":\"ru-ru\",\"currency\":\"RUB\"}','2020-07-18 05:06:39'),('13db4479df00a1cd5b918ba5d1','{\"language\":\"ru-ru\",\"currency\":\"RUB\"}','2020-07-30 01:50:44'),('13ecdd075de4033ba677cec8ec','{\"language\":\"ru-ru\",\"currency\":\"RUB\"}','2020-05-11 00:50:17'),('13fb7e51126d5cdec108c72fb6','{\"language\":\"ru-ru\",\"currency\":\"RUB\"}','2020-02-17 00:53:56'),('13fcffc21040b0ddbdddc18d5b','{\"language\":\"ru-ru\",\"currency\":\"RUB\"}','2020-09-17 23:15:22'),('1411096470146ae2514691d65f','{\"language\":\"ru-ru\",\"currency\":\"RUB\"}','2020-02-20 05:12:00'),('1428fe0f0c30f3b05533a9d64f','{\"language\":\"ru-ru\",\"currency\":\"RUB\"}','2020-02-19 02:39:34'),('14311b8fd0f5c9738fd9e0549a','{\"language\":\"ru-ru\",\"currency\":\"RUB\"}','2020-08-25 03:45:10'),('143421aafa4006652cd0d41f10','{\"language\":\"ru-ru\",\"currency\":\"RUB\"}','2020-03-15 04:28:57'),('14432dc36d5623fed0594d07c7','{\"language\":\"ru-ru\",\"currency\":\"RUB\"}','2020-02-19 02:50:52'),('144724f942fcb917b522bd04d9','{\"language\":\"ru-ru\",\"currency\":\"RUB\"}','2020-07-18 05:06:29'),('14574e7ba61aeee74668ddc6c5','{\"language\":\"ru-ru\",\"currency\":\"RUB\"}','2020-02-20 05:10:52'),('145c55ef5a5b0b3b575dea22d5','{\"language\":\"ru-ru\",\"currency\":\"RUB\"}','2020-09-24 20:10:36'),('1463a4b93e41c2259730c3e64e','{\"language\":\"ru-ru\",\"currency\":\"RUB\"}','2020-02-20 05:08:24'),('1463a8362eac149737e7f1c6ca','{\"language\":\"ru-ru\",\"currency\":\"RUB\"}','2020-03-22 09:01:21'),('148bfb1400b6e1f3769b09924c','{\"language\":\"ru-ru\",\"currency\":\"RUB\"}','2020-02-19 02:49:21'),('1491b537e4ee5d86a82e624cbf','{\"language\":\"ru-ru\",\"currency\":\"RUB\"}','2020-04-11 00:36:25'),('14ac43c89e1d366c17f27ff29f','{\"language\":\"ru-ru\",\"currency\":\"RUB\"}','2020-08-06 11:33:15'),('14b02cd80ae255375d720e727c','{\"language\":\"ru-ru\",\"currency\":\"RUB\",\"redirect\":\"https:\\/\\/umolab.ru\\/shop\\/index.php?route=account\\/account\"}','2020-08-04 19:23:08'),('14bbb7df953843ede5bcab0772','{\"language\":\"ru-ru\",\"currency\":\"RUB\"}','2020-09-24 19:00:35'),('14bd55c14b34bee445547eb452','{\"language\":\"ru-ru\",\"currency\":\"RUB\"}','2020-08-08 06:03:46'),('14c8c0003d4dca96316a6d5a8f','{\"language\":\"ru-ru\",\"currency\":\"RUB\"}','2020-05-07 19:20:07'),('14ebd19b42f4d17c38543e1a0c','{\"language\":\"ru-ru\",\"currency\":\"RUB\"}','2020-09-16 06:29:28'),('14fe6d95b47ee39e0a3b0e560e','{\"language\":\"ru-ru\",\"currency\":\"RUB\"}','2020-05-15 11:17:58'),('15057a7557cef370a661dfce9c','{\"language\":\"ru-ru\",\"currency\":\"RUB\"}','2020-09-20 14:12:08'),('150e8a94859879944998fe1d55','{\"language\":\"ru-ru\",\"currency\":\"RUB\"}','2020-02-20 12:26:02'),('1510c289cc5618863e9e1a7015','{\"language\":\"ru-ru\",\"currency\":\"RUB\"}','2020-09-01 11:49:15'),('151993571eb1800ab6e05efeb4','{\"language\":\"ru-ru\",\"currency\":\"RUB\"}','2020-03-07 02:19:15'),('1520a1269855872a98f4d31971','{\"language\":\"ru-ru\",\"currency\":\"RUB\"}','2020-04-25 01:46:25'),('1537df75bdcf8195cb1f34e0ae','{\"language\":\"ru-ru\",\"currency\":\"RUB\"}','2020-03-20 01:46:16'),('154129d34d6facf8c9e9d6ca7a','{\"language\":\"ru-ru\",\"currency\":\"RUB\"}','2020-05-21 17:39:54'),('1556e2ca27a448f83fa49a24f6','{\"language\":\"ru-ru\",\"currency\":\"RUB\"}','2020-09-25 14:28:03'),('156128b81a5aa084dbd48488b2','{\"language\":\"ru-ru\",\"currency\":\"RUB\"}','2020-07-15 05:38:43'),('1567076704634b05bd40b4a4ce','{\"language\":\"ru-ru\",\"currency\":\"RUB\"}','2020-03-09 20:04:16'),('156fe3c6b485425a7d8736227b','{\"language\":\"ru-ru\",\"currency\":\"RUB\"}','2020-10-02 17:05:32'),('1571025177d7968b5618d2cd1d','{\"language\":\"ru-ru\",\"currency\":\"RUB\"}','2020-02-19 02:38:39'),('157e0b04b287d7687496deb32f','{\"language\":\"ru-ru\",\"currency\":\"RUB\"}','2020-02-19 02:32:39'),('15bfbbdc55280628849a3ec969','{\"language\":\"ru-ru\",\"currency\":\"RUB\",\"redirect\":\"https:\\/\\/umolab.ru\\/shop\\/index.php?route=account\\/account\"}','2020-02-26 00:24:01'),('15c18a8a2b34b88c1cd3a9a5f9','{\"language\":\"ru-ru\",\"currency\":\"RUB\"}','2020-02-20 08:39:30'),('15c905bb3007ab1fab8677be43','{\"language\":\"ru-ru\",\"currency\":\"RUB\"}','2020-05-15 11:18:18'),('15cc80cd37733ef97e91f94b56','{\"language\":\"ru-ru\",\"currency\":\"RUB\"}','2020-02-20 05:13:54'),('15cd56b309a543894273b5e69d','{\"language\":\"ru-ru\",\"currency\":\"RUB\"}','2020-02-19 02:49:05'),('15e8a058971b32cb0e036c04fa','{\"language\":\"ru-ru\",\"currency\":\"RUB\"}','2020-09-14 23:33:13'),('15fff47c063528a0500f91f857','{\"language\":\"ru-ru\",\"currency\":\"RUB\"}','2020-02-20 05:04:40'),('1608d01b557135c0f8f0f9ca9c','{\"language\":\"ru-ru\",\"currency\":\"RUB\"}','2020-02-19 02:52:36'),('162ce5bd74036cde3eebbc62e7','{\"language\":\"ru-ru\",\"currency\":\"RUB\"}','2020-08-28 07:38:50'),('163260414a2aff73a9ed5e6e06','{\"language\":\"ru-ru\",\"currency\":\"RUB\"}','2020-02-21 14:11:39'),('1633beb94ec44284a420117595','{\"language\":\"ru-ru\",\"currency\":\"RUB\"}','2020-02-20 05:21:43'),('164042e7c8f2421ea8f48769c8','{\"language\":\"ru-ru\",\"currency\":\"RUB\"}','2020-02-20 05:16:06'),('1644fbd2beee4a833fcebca8e6','{\"language\":\"ru-ru\",\"currency\":\"RUB\"}','2020-09-24 08:10:49'),('16594fb88f5cf41728da54dbb9','{\"language\":\"ru-ru\",\"currency\":\"RUB\"}','2020-09-17 23:13:08'),('16935babdaee2e690c33730e77','{\"language\":\"ru-ru\",\"currency\":\"RUB\"}','2020-02-20 05:10:05'),('16984ac5482b76f902626969b3','{\"language\":\"ru-ru\",\"currency\":\"RUB\"}','2020-06-08 13:27:07'),('16a6367a64b5688a105916a035','{\"language\":\"ru-ru\",\"currency\":\"RUB\",\"redirect\":\"https:\\/\\/umolab.ru\\/shop\\/index.php?route=account\\/newsletter\"}','2020-10-03 20:24:38'),('16d8ab5f30f8061cc9cd23cd5c','{\"language\":\"ru-ru\",\"currency\":\"RUB\"}','2020-03-05 06:42:56'),('16db7df105e8dc93b005e86409','{\"language\":\"ru-ru\",\"currency\":\"RUB\"}','2020-06-14 19:59:30'),('17189401fd3b424be19a7b0ab7','{\"language\":\"ru-ru\",\"currency\":\"RUB\"}','2020-09-09 19:45:30'),('171df8e1976347fdf7bce4819f','{\"language\":\"ru-ru\",\"currency\":\"RUB\"}','2020-09-20 23:00:36'),('17239980b6dc07d71d1177409f','{\"language\":\"ru-ru\",\"currency\":\"RUB\",\"vouchers\":[]}','2020-06-15 07:18:20'),('1728e7aa398f957a37f545e051','{\"language\":\"ru-ru\",\"currency\":\"RUB\"}','2020-02-20 05:21:04'),('1729d4f9fb5d951a51b734649f','{\"language\":\"ru-ru\",\"currency\":\"RUB\"}','2020-08-04 14:28:52'),('17334576384bab86693abf25c3','{\"language\":\"ru-ru\",\"currency\":\"RUB\"}','2020-06-16 17:25:39'),('173380d679a873e38f4c28948a','{\"language\":\"ru-ru\",\"currency\":\"RUB\",\"vouchers\":[]}','2020-02-19 02:30:31'),('173a8a5d3d902d2bc392da0f61','{\"language\":\"ru-ru\",\"currency\":\"RUB\"}','2020-02-20 05:22:21'),('173b3229146efd19d6f9fcdb0f','{\"language\":\"ru-ru\",\"currency\":\"RUB\",\"redirect\":\"https:\\/\\/umolab.ru\\/shop\\/index.php?route=account\\/transaction\"}','2020-07-15 05:39:02'),('1741bb928bea947e68848e070e','{\"language\":\"ru-ru\",\"currency\":\"RUB\"}','2020-02-20 05:06:10'),('175116ceac3c8d90279f5026ad','{\"language\":\"ru-ru\",\"currency\":\"RUB\"}','2020-06-14 19:58:49'),('1753de38460e56e49507a7413d','{\"language\":\"ru-ru\",\"currency\":\"RUB\"}','2020-09-29 16:20:04'),('175b7bd5d16a004f52ce8c0f54','{\"language\":\"en-gb\",\"currency\":\"RUB\"}','2020-03-28 12:15:28'),('175c9e6d33190575c8eb05a460','{\"language\":\"ru-ru\",\"currency\":\"RUB\"}','2020-09-21 10:47:02'),('176ab90ca359f7b46f20ab49ed','{\"language\":\"ru-ru\",\"currency\":\"RUB\"}','2020-02-19 02:31:37'),('178871c27f057490c7100f1930','{\"language\":\"ru-ru\",\"currency\":\"RUB\"}','2020-02-22 11:22:28'),('1792567faf52a0c9d206de07fd','{\"language\":\"ru-ru\",\"currency\":\"RUB\"}','2020-02-19 02:49:26'),('179281bd8180ee954ce8e84d40','{\"language\":\"ru-ru\",\"currency\":\"RUB\"}','2020-02-19 02:50:26'),('17a23b4a1dac3f06b3a6b36852','{\"language\":\"ru-ru\",\"currency\":\"RUB\"}','2020-05-15 11:17:28'),('17a4f76094552464f027d53b4c','{\"language\":\"ru-ru\",\"currency\":\"RUB\"}','2020-09-21 05:54:45'),('17bc141d56e6c62119f323549a','{\"language\":\"ru-ru\",\"currency\":\"RUB\"}','2020-05-13 03:18:26'),('17c54cfda7c68ebab39b5ad81d','{\"language\":\"ru-ru\",\"currency\":\"RUB\"}','2020-02-21 16:38:16'),('17c7fe3d5105fce17dfb74d232','{\"language\":\"ru-ru\",\"currency\":\"RUB\"}','2020-07-17 21:25:22'),('17d7a7470bfe634200877dfccd','{\"language\":\"ru-ru\",\"currency\":\"RUB\"}','2020-02-20 05:19:49'),('17da76cc4754a7ed72d0d9c7ba','{\"language\":\"ru-ru\",\"currency\":\"RUB\"}','2020-04-03 09:31:47'),('17dc72c4d9340f298d562d60e9','{\"language\":\"ru-ru\",\"currency\":\"RUB\"}','2020-03-06 17:38:00'),('17f1ef0541b76449fcf4c7830a','{\"language\":\"ru-ru\",\"currency\":\"RUB\"}','2020-02-20 05:08:12'),('17f7d77cd1f2eb555d59edb207','{\"language\":\"ru-ru\",\"currency\":\"RUB\"}','2020-03-04 10:30:16'),('184ff7b670aea2e5e554b2d983','{\"language\":\"ru-ru\",\"currency\":\"RUB\"}','2020-06-18 20:29:27'),('186e69d57913f30941125ccadd','{\"language\":\"ru-ru\",\"currency\":\"RUB\"}','2020-10-01 04:53:11'),('188506df645736acb9e8509936','{\"language\":\"ru-ru\",\"currency\":\"RUB\"}','2020-02-20 05:13:25'),('1889e3c57bbbf5085e1d7e8ff8','{\"language\":\"ru-ru\",\"currency\":\"RUB\"}','2020-09-16 06:31:37'),('18ab4bffef465f13c52172ea92','{\"language\":\"ru-ru\",\"currency\":\"RUB\"}','2020-09-19 13:16:50'),('18b4acbe349c7aecace02891de','{\"language\":\"ru-ru\",\"currency\":\"RUB\"}','2020-03-03 11:22:34'),('18bde92d152b7278ca1eaee72d','{\"language\":\"ru-ru\",\"currency\":\"RUB\"}','2020-02-19 02:35:42'),('18d0c4ecbf309aaf2f1c1af77e','{\"language\":\"ru-ru\",\"currency\":\"RUB\"}','2020-08-18 08:48:07'),('18d574b1f01867f2e269001c88','{\"language\":\"ru-ru\",\"currency\":\"RUB\"}','2020-06-03 22:44:24'),('18e4e0779a753cb244045931d9','{\"language\":\"ru-ru\",\"currency\":\"RUB\"}','2020-02-20 05:10:09'),('18ec3a48a270cb097f57dd09db','{\"language\":\"ru-ru\",\"currency\":\"RUB\"}','2020-04-27 13:13:10'),('18f26e5375d0c304d08bd537e7','{\"language\":\"ru-ru\",\"currency\":\"RUB\"}','2020-04-06 12:49:12'),('1908806a06463b88889d30516b','{\"language\":\"ru-ru\",\"currency\":\"RUB\"}','2020-09-02 12:32:37'),('191506a135d96aa6f0b59dc6bb','{\"language\":\"ru-ru\",\"currency\":\"RUB\"}','2020-02-19 02:37:56'),('1918d4b1819c1009ffbb31755e','{\"language\":\"ru-ru\",\"currency\":\"RUB\"}','2020-04-15 09:59:33'),('191ef18ec27e17b8dacdff3e98','{\"language\":\"ru-ru\",\"currency\":\"RUB\"}','2020-09-24 17:37:19'),('192b61af8c4a6ca7965060471c','{\"language\":\"ru-ru\",\"currency\":\"RUB\"}','2020-02-20 05:13:12'),('192e6799ca6b778f043bde999f','{\"language\":\"ru-ru\",\"currency\":\"RUB\"}','2020-02-19 02:39:59'),('195351927cc4f3f430fe83e6db','{\"language\":\"ru-ru\",\"currency\":\"RUB\"}','2020-02-20 05:12:38'),('1977f13bd30355143a8888f2ba','{\"language\":\"ru-ru\",\"currency\":\"RUB\"}','2020-07-15 05:38:54'),('198926a24289674df0a840eee5','{\"language\":\"ru-ru\",\"currency\":\"RUB\"}','2020-09-25 01:38:17'),('19b7d05b29d85595372eecc7d2','{\"language\":\"ru-ru\",\"currency\":\"RUB\"}','2020-09-23 12:08:21'),('19bf60a7f87a8f0e42239838bf','{\"language\":\"ru-ru\",\"currency\":\"RUB\",\"redirect\":\"https:\\/\\/umolab.ru\\/shop\\/index.php?route=account\\/transaction\"}','2020-02-29 15:18:15'),('19c1b696fd87a0e2416d2938dd','{\"language\":\"ru-ru\",\"currency\":\"RUB\"}','2020-09-01 02:29:33'),('19e3d8ed7c3fcc2ca4c6db43e9','{\"language\":\"ru-ru\",\"currency\":\"RUB\"}','2020-09-22 14:40:53'),('19eb55d4de3491af799db6ad7c','{\"language\":\"ru-ru\",\"currency\":\"RUB\"}','2020-09-18 13:44:04'),('19efbcf0885a453387fa87d3ee','{\"language\":\"ru-ru\",\"currency\":\"RUB\"}','2020-06-18 20:29:44'),('19f5bade32c1b14f6e2fbbd74a','{\"language\":\"ru-ru\",\"currency\":\"RUB\"}','2020-09-23 05:02:21'),('1a0a5ec5dc0e6a47c558c75651','{\"language\":\"ru-ru\",\"currency\":\"RUB\"}','2020-09-02 13:32:36'),('1a0d88e2c1210709a9cfc9733e','{\"language\":\"ru-ru\",\"currency\":\"RUB\"}','2020-02-20 18:15:22'),('1a124f6c052a2c474fc606de09','{\"language\":\"ru-ru\",\"currency\":\"RUB\"}','2020-02-20 05:06:35'),('1a1430bf5ccc9a0bf7c74968c2','{\"language\":\"ru-ru\",\"currency\":\"RUB\"}','2020-09-21 19:48:46'),('1a37fef50b57c257892bd38c9d','{\"language\":\"ru-ru\",\"currency\":\"RUB\"}','2020-02-20 21:43:39'),('1a4e5488f3494a08c8fe599a4a','{\"language\":\"ru-ru\",\"currency\":\"RUB\"}','2020-08-26 04:32:53'),('1a53a48cb7a6be095f439854ac','{\"language\":\"ru-ru\",\"currency\":\"RUB\"}','2020-09-08 00:38:37'),('1a6d070ee657628f0bf6d8a03d','{\"language\":\"ru-ru\",\"currency\":\"RUB\"}','2020-09-07 07:57:21'),('1a7d2906c3bf09ee804878eccc','{\"language\":\"ru-ru\",\"currency\":\"RUB\"}','2020-08-25 23:21:13'),('1a9f5b32eadc0ca27b95738b35','{\"language\":\"ru-ru\",\"currency\":\"RUB\"}','2020-02-20 05:05:40'),('1ab7d393614dcd1123d273f8d2','{\"language\":\"ru-ru\",\"currency\":\"RUB\"}','2020-02-20 05:20:36'),('1abb710ab815a040811dddb55b','{\"language\":\"ru-ru\",\"currency\":\"RUB\"}','2020-02-20 05:11:07'),('1ad5641b38ca9f498b60d4904b','{\"language\":\"ru-ru\",\"currency\":\"RUB\"}','2020-09-21 20:03:49'),('1adad1a9810f9eb42a02648cf5','{\"language\":\"ru-ru\",\"currency\":\"RUB\"}','2020-02-20 20:08:58'),('1adb25d4bf83117e8ee415e413','{\"language\":\"ru-ru\",\"currency\":\"RUB\"}','2020-09-18 06:05:30'),('1aeb061ec75e791a27f0aa8826','{\"language\":\"ru-ru\",\"currency\":\"RUB\"}','2020-02-19 02:31:04'),('1aee061ae01295c516db4f4cde','{\"language\":\"ru-ru\",\"currency\":\"RUB\"}','2020-02-19 02:47:18'),('1af1cdf3ccb2c018909090c8c3','{\"language\":\"ru-ru\",\"currency\":\"RUB\"}','2020-08-09 03:34:47'),('1af8a33a6b63e2050c7624f559','{\"language\":\"ru-ru\",\"currency\":\"RUB\"}','2020-04-03 07:03:07'),('1b2126ba228b0f7aaa7fe9e429','{\"language\":\"ru-ru\",\"currency\":\"RUB\"}','2020-10-03 12:16:27'),('1b3120fbe16200906945d5f2ef','{\"language\":\"ru-ru\",\"currency\":\"RUB\"}','2020-08-25 05:00:24'),('1b356e658ba2e25fba7ee731a6','{\"language\":\"ru-ru\",\"currency\":\"RUB\"}','2020-02-19 02:40:18'),('1b3748f6460461062e1d0ab978','{\"language\":\"ru-ru\",\"currency\":\"RUB\"}','2020-09-06 01:07:55'),('1b3947ba25439f7f728b3ee356','{\"language\":\"ru-ru\",\"currency\":\"RUB\"}','2020-03-20 19:23:56'),('1b3ee43cd5834f7e3cae4c9b45','{\"language\":\"ru-ru\",\"currency\":\"RUB\"}','2020-09-19 15:48:24'),('1b5518b84037b9aa1dbfcb2f7a','{\"language\":\"ru-ru\",\"currency\":\"RUB\",\"redirect\":\"https:\\/\\/umolab.ru\\/shop\\/index.php?route=account\\/newsletter\"}','2020-07-24 04:41:03'),('1b60a813ee13b37a40f77219f9','{\"language\":\"ru-ru\",\"currency\":\"RUB\"}','2020-07-04 00:07:53'),('1b64f5c31d009f5f7827c08625','{\"language\":\"ru-ru\",\"currency\":\"RUB\"}','2020-02-20 05:12:38'),('1b650ff2f605dcda987cd12874','{\"language\":\"ru-ru\",\"currency\":\"RUB\",\"vouchers\":[]}','2020-09-14 22:59:12'),('1b687a9451f8f4fa08d1188c9c','{\"language\":\"ru-ru\",\"currency\":\"RUB\"}','2020-02-20 23:46:43'),('1b6c3c20475104ffc0990d5d2f','{\"language\":\"ru-ru\",\"currency\":\"RUB\"}','2020-09-17 21:57:24'),('1b90d4b17654ed3cfdd2667fcf','{\"language\":\"ru-ru\",\"currency\":\"RUB\"}','2020-02-19 02:49:06'),('1b9f2822ee3aee2fa266086f2b','{\"language\":\"ru-ru\",\"currency\":\"RUB\",\"redirect\":\"https:\\/\\/umolab.ru\\/shop\\/index.php?route=account\\/newsletter\"}','2020-06-14 19:59:10'),('1b9f800a4061c7f72874eb720b','{\"language\":\"ru-ru\",\"currency\":\"RUB\"}','2020-07-12 20:25:20'),('1b9fe1189fcf48ca0d424eb979','{\"language\":\"ru-ru\",\"currency\":\"RUB\"}','2020-02-20 05:10:31'),('1bab568ad435a0fc9a0135c9ae','{\"language\":\"ru-ru\",\"currency\":\"RUB\"}','2020-02-20 05:10:04'),('1bc3b6d43bfb7cdaeb90695a08','{\"language\":\"ru-ru\",\"currency\":\"RUB\"}','2020-02-19 02:40:25'),('1bc758acdd1756b00f1d148b75','{\"language\":\"ru-ru\",\"currency\":\"RUB\"}','2020-09-21 10:50:36'),('1bc90883b832f69346ccd9e51b','{\"language\":\"ru-ru\",\"currency\":\"RUB\",\"redirect\":\"https:\\/\\/umolab.ru\\/shop\\/index.php?route=account\\/newsletter\"}','2020-09-01 21:34:23'),('1bcd8181c1d79a3fe474cfd136','{\"language\":\"ru-ru\",\"currency\":\"RUB\"}','2020-04-17 12:15:48'),('1bd11f206613f4f69972b93e7b','{\"language\":\"ru-ru\",\"currency\":\"RUB\"}','2020-02-20 05:11:33'),('1c134ce5723ac04269a6897614','{\"language\":\"ru-ru\",\"currency\":\"RUB\"}','2020-09-20 15:07:16'),('1c22408eb171c9684f1ee702c2','{\"language\":\"ru-ru\",\"currency\":\"RUB\"}','2020-09-27 12:16:06'),('1c2f083b40f055f6e68be4aa37','{\"language\":\"ru-ru\",\"currency\":\"RUB\"}','2020-02-20 05:13:07'),('1c380f8910cf2bcebf5e678cb7','{\"language\":\"ru-ru\",\"currency\":\"RUB\"}','2020-02-20 12:28:41'),('1c577b442521164cba5bd8f95f','{\"language\":\"ru-ru\",\"currency\":\"RUB\"}','2020-02-20 05:09:35'),('1c69f8ff2a7d67414a5d48e594','{\"language\":\"ru-ru\",\"currency\":\"RUB\"}','2020-09-20 11:01:07'),('1c94b308e7cee3671fbb56d3eb','{\"language\":\"ru-ru\",\"currency\":\"RUB\"}','2020-02-20 05:06:41'),('1caf5c8883aa930921505b68b8','{\"language\":\"ru-ru\",\"currency\":\"RUB\"}','2020-09-25 18:49:42'),('1cb7e96620038911fe460201c3','{\"language\":\"ru-ru\",\"currency\":\"RUB\"}','2020-08-14 07:12:16'),('1cd964f47795ac85aae9743701','{\"language\":\"ru-ru\",\"currency\":\"RUB\"}','2020-02-20 05:09:49'),('1cdce854a0445cffeb74ccbfdb','{\"language\":\"ru-ru\",\"currency\":\"RUB\"}','2020-07-15 05:39:03'),('1ce72e6f37f4f77d15a845d941','{\"language\":\"ru-ru\",\"currency\":\"RUB\"}','2020-09-18 09:28:28'),('1ced18bffb5d4ce18557794ac1','{\"language\":\"ru-ru\",\"currency\":\"RUB\"}','2020-09-22 22:34:13'),('1cffffdc55f3230e82a0070ef4','{\"language\":\"ru-ru\",\"currency\":\"RUB\"}','2020-08-27 02:44:39'),('1d1abd12a3f21066b83cb6acb9','{\"language\":\"ru-ru\",\"currency\":\"RUB\",\"redirect\":\"https:\\/\\/umolab.ru\\/shop\\/index.php?route=account\\/download\"}','2020-05-23 18:25:28'),('1d234017afd99005161cceb1a6','{\"language\":\"ru-ru\",\"currency\":\"RUB\"}','2020-09-17 22:16:23'),('1d284a186c966172115381dec9','{\"language\":\"ru-ru\",\"currency\":\"RUB\"}','2020-02-19 02:51:29'),('1d2fa32425cf1894882dc3cf43','{\"language\":\"ru-ru\",\"currency\":\"RUB\"}','2020-09-21 13:50:28'),('1d3d0e14771826492b0822bd02','{\"language\":\"ru-ru\",\"currency\":\"RUB\"}','2020-02-19 02:39:42'),('1d3dc45c6339fb9ff9d10dbaa1','{\"language\":\"ru-ru\",\"currency\":\"RUB\"}','2020-02-20 17:28:02'),('1d55363b901f704c4918cdc4d0','{\"language\":\"ru-ru\",\"currency\":\"RUB\"}','2020-08-11 21:00:59'),('1d5d4fa0567c615b1f00257b4f','{\"language\":\"ru-ru\",\"currency\":\"RUB\"}','2020-03-13 05:16:43'),('1d672234010fcee37b420f0b58','{\"language\":\"ru-ru\",\"currency\":\"RUB\"}','2020-09-20 11:38:59'),('1d6d4db0caea418f685b817925','{\"language\":\"ru-ru\",\"currency\":\"RUB\"}','2020-08-06 10:15:35'),('1d6d9837129cf56a8f8d585562','{\"language\":\"ru-ru\",\"currency\":\"RUB\"}','2020-06-30 19:08:46'),('1d70a5b26a7af90bdef61d2851','{\"language\":\"ru-ru\",\"currency\":\"RUB\"}','2020-02-20 05:23:27'),('1d7605651cfb5e5f99077102d8','{\"language\":\"ru-ru\",\"currency\":\"RUB\"}','2020-07-09 23:35:17'),('1d81ba8986991d15b9077ec35b','{\"language\":\"ru-ru\",\"currency\":\"RUB\"}','2020-02-20 22:49:54'),('1d856ca4df98b8dfc8bee6b2ad','{\"language\":\"ru-ru\",\"currency\":\"RUB\"}','2020-07-17 05:36:05'),('1d8c773e5b07c18a3f60cbe4f2','{\"language\":\"ru-ru\",\"currency\":\"RUB\"}','2020-04-06 08:43:01'),('1d8f9cacc1cbc216e2d20a9ec9','{\"language\":\"ru-ru\",\"currency\":\"RUB\",\"redirect\":\"https:\\/\\/umolab.ru\\/shop\\/index.php?route=account\\/account\"}','2020-09-22 17:13:42'),('1d9010ed168efcd3ca283da8b2','{\"language\":\"ru-ru\",\"currency\":\"RUB\"}','2020-05-30 13:14:11'),('1d9048ad92ae44b4bc9278011f','{\"language\":\"ru-ru\",\"currency\":\"RUB\"}','2020-05-02 11:54:01'),('1d9941f5e7e7a33abc42973e58','{\"language\":\"ru-ru\",\"currency\":\"RUB\",\"redirect\":\"https:\\/\\/umolab.ru\\/shop\\/index.php?route=account\\/order\"}','2020-07-18 05:04:37'),('1da575d5631adcc24b3f54a25a','{\"language\":\"ru-ru\",\"currency\":\"RUB\"}','2020-03-30 00:59:13'),('1dae2b45a605abf5541bafd39e','{\"language\":\"ru-ru\",\"currency\":\"RUB\"}','2020-03-06 08:43:16'),('1dbbfea03ed126932b05d1a1ec','{\"language\":\"ru-ru\",\"currency\":\"RUB\"}','2020-02-19 02:36:46'),('1dbed4093c6d909c83b25cbd9e','{\"language\":\"ru-ru\",\"currency\":\"RUB\"}','2020-04-04 14:55:57'),('1dca7b79af316e792d68d2e020','{\"language\":\"ru-ru\",\"currency\":\"RUB\"}','2020-02-19 02:47:07'),('1dcd5fc900cb33196215dcc977','{\"language\":\"ru-ru\",\"currency\":\"RUB\"}','2020-03-05 18:15:26'),('1ddd19a557494adfd6401b676c','{\"language\":\"ru-ru\",\"currency\":\"RUB\"}','2020-09-22 03:38:13'),('1df335468fe8afaa0b283b89e1','{\"language\":\"ru-ru\",\"currency\":\"RUB\"}','2020-10-01 03:52:58'),('1df7162af5b97c544b6e6954b3','{\"language\":\"ru-ru\",\"currency\":\"RUB\"}','2020-03-13 03:48:27'),('1dff843105e358c0ea06e33518','{\"language\":\"ru-ru\",\"currency\":\"RUB\"}','2020-07-24 04:40:53'),('1e1025c930d0f88e8f5bcab7ed','{\"language\":\"ru-ru\",\"currency\":\"RUB\"}','2020-03-12 07:26:17'),('1e1f6ff79c0ed6c524c626b1b6','{\"language\":\"ru-ru\",\"currency\":\"RUB\"}','2020-04-16 04:38:54'),('1e2423f3db658e28e1edde7d8d','{\"language\":\"ru-ru\",\"currency\":\"RUB\"}','2020-08-30 22:09:34'),('1e3075aea9da42b3df25724073','{\"language\":\"ru-ru\",\"currency\":\"RUB\"}','2020-03-10 11:19:18'),('1e3eed1cce4afc78c95ab7312f','{\"language\":\"ru-ru\",\"currency\":\"RUB\"}','2020-02-19 02:52:37'),('1e48fe2b6e503742e27a60c327','{\"language\":\"ru-ru\",\"currency\":\"RUB\"}','2020-09-16 06:21:18'),('1e4cdb0ff8ca7c9ff6a4703da1','{\"language\":\"ru-ru\",\"currency\":\"RUB\"}','2020-07-02 17:11:07'),('1e6d83bff1a1d1cda5ae0bdb60','{\"language\":\"ru-ru\",\"currency\":\"RUB\"}','2020-09-19 17:14:13'),('1e774f280a2048437cbc688042','{\"language\":\"ru-ru\",\"currency\":\"RUB\"}','2020-06-15 06:33:49'),('1e79d294e86d218a5e6fa98a26','{\"language\":\"ru-ru\",\"currency\":\"RUB\"}','2020-06-14 19:57:00'),('1e84212841b95239ed3e105c7d','{\"language\":\"ru-ru\",\"currency\":\"RUB\"}','2020-02-20 15:07:04'),('1ea0c5fe3d587f8aee1d11e004','{\"language\":\"ru-ru\",\"currency\":\"RUB\"}','2020-04-26 11:33:56'),('1eaf0c43e6ec36e3bc3bee90e5','{\"language\":\"ru-ru\",\"currency\":\"RUB\"}','2020-03-06 10:04:02'),('1eb62d0ef5835199d336959dcb','{\"language\":\"ru-ru\",\"currency\":\"RUB\"}','2020-02-20 05:11:36'),('1ebfd144ae84b71a442933acb8','{\"language\":\"en-gb\",\"currency\":\"RUB\"}','2020-07-09 11:02:27'),('1ec512d97adc03061b9a8a0dc4','{\"language\":\"ru-ru\",\"currency\":\"RUB\"}','2020-02-20 05:06:19'),('1ec618bd5cc67b8c9dba34eab7','{\"language\":\"ru-ru\",\"currency\":\"RUB\"}','2020-02-21 16:45:28'),('1ec9005ab7517f7c62e9a3d4ac','{\"language\":\"ru-ru\",\"currency\":\"RUB\"}','2020-02-19 02:50:02'),('1ecab28b58b744682950e61092','{\"language\":\"ru-ru\",\"currency\":\"RUB\"}','2020-09-07 04:24:23'),('1ecde9628d1cf862d763126407','{\"language\":\"ru-ru\",\"currency\":\"RUB\"}','2020-02-21 00:15:10'),('1edabd0aaf36c480b311192985','{\"language\":\"ru-ru\",\"currency\":\"RUB\"}','2020-03-01 07:02:25'),('1edaf4de09ce41ad2d1cdbb82a','{\"language\":\"ru-ru\",\"currency\":\"RUB\"}','2020-09-24 06:36:09'),('1ee4df8e8ecd52bd20943af0bb','{\"language\":\"ru-ru\",\"currency\":\"RUB\"}','2020-02-20 10:18:07'),('1ee57b9cc83c74d104b3d31565','{\"language\":\"ru-ru\",\"currency\":\"RUB\"}','2020-09-18 12:18:52'),('1eedf4cc390fb5bf84858f3158','{\"language\":\"ru-ru\",\"currency\":\"RUB\"}','2020-03-12 07:26:23'),('1ef787f88c00052a7edf9c6b9f','{\"language\":\"ru-ru\",\"currency\":\"RUB\"}','2020-09-24 02:58:25'),('1f149710f4d0b37936572ef9c9','{\"language\":\"ru-ru\",\"currency\":\"RUB\"}','2020-03-01 19:28:32'),('1f1eeeee404226b872de297c78','{\"language\":\"ru-ru\",\"currency\":\"RUB\"}','2020-09-20 08:39:07'),('1f28e2c0f1bb283ab9687b13f8','{\"language\":\"ru-ru\",\"currency\":\"RUB\"}','2020-09-23 18:38:18'),('1f5879e70262ecc1e3b4d6e762','{\"language\":\"ru-ru\",\"currency\":\"RUB\"}','2020-09-24 11:39:05'),('1f705a95b44a98bf4bedd88d42','{\"language\":\"en-gb\",\"currency\":\"RUB\",\"redirect\":\"https:\\/\\/umolab.ru\\/shop\\/index.php?route=account\\/wishlist\"}','2020-07-11 12:59:18'),('1f785616cca97bd459ff9ad3c5','{\"language\":\"ru-ru\",\"currency\":\"RUB\"}','2020-09-19 16:52:27'),('1f8a93720bf3d98c3d52d3a6f2','{\"language\":\"ru-ru\",\"currency\":\"RUB\"}','2020-02-21 14:08:18'),('1f8db20b742947405313b0e310','{\"language\":\"ru-ru\",\"currency\":\"RUB\"}','2020-02-19 02:37:18'),('1f95e916a1bfb900694075ea46','{\"language\":\"ru-ru\",\"currency\":\"RUB\"}','2020-02-21 16:23:52'),('1fa7e404ac28caff39e0d9fd38','{\"language\":\"ru-ru\",\"currency\":\"RUB\"}','2020-03-28 09:50:09'),('1fb5e3a734f89d00c7312cf278','{\"language\":\"ru-ru\",\"currency\":\"RUB\",\"vouchers\":[]}','2020-09-14 01:25:02'),('1fb9e06662c78f155ef534a2b6','{\"language\":\"ru-ru\",\"currency\":\"RUB\",\"redirect\":\"https:\\/\\/umolab.ru\\/shop\\/index.php?route=account\\/wishlist\"}','2020-08-22 14:43:22'),('1fc77eb633aa4df5be39489f6b','{\"language\":\"ru-ru\",\"currency\":\"RUB\"}','2020-02-19 02:46:44'),('1fcb2985232750a824b658cb00','{\"language\":\"ru-ru\",\"currency\":\"RUB\"}','2020-09-20 23:33:11'),('1fd2e604163a36e70c5a024fab','{\"language\":\"ru-ru\",\"currency\":\"RUB\"}','2020-09-24 18:15:08'),('1fd882916bd4a1f6223dfafd90','{\"language\":\"ru-ru\",\"currency\":\"RUB\"}','2020-03-09 02:14:34'),('1ff1ee32a8a32784e98f2d0439','{\"language\":\"ru-ru\",\"currency\":\"RUB\"}','2020-06-16 18:18:07'),('20006ea02cc58cfb68be20329f','{\"language\":\"en-gb\",\"currency\":\"RUB\"}','2020-07-11 12:59:17'),('200667638e395053fc2d8badbe','{\"language\":\"ru-ru\",\"currency\":\"RUB\"}','2020-07-09 05:17:08'),('20122d3bb7239646fd0bd35786','{\"language\":\"ru-ru\",\"currency\":\"RUB\"}','2020-02-20 05:08:17'),('201d2a8b58661ac1f603580507','{\"language\":\"ru-ru\",\"currency\":\"RUB\"}','2020-02-20 05:16:15'),('203c71091b05ec108b2f483b22','{\"language\":\"ru-ru\",\"currency\":\"RUB\"}','2020-08-16 17:32:40'),('204ddde1d04e669d20ab857d6b','{\"language\":\"ru-ru\",\"currency\":\"RUB\"}','2020-04-04 20:06:02'),('20599b2c11b0587aeeffbe215d','{\"language\":\"ru-ru\",\"currency\":\"RUB\"}','2020-03-09 08:41:25'),('205caf56fe727ff4d8f5cae140','{\"language\":\"ru-ru\",\"currency\":\"RUB\"}','2020-09-18 00:41:32'),('20679a42bc31c45d2522f2eace','{\"language\":\"ru-ru\",\"currency\":\"RUB\",\"redirect\":\"https:\\/\\/umolab.ru\\/shop\\/index.php?route=account\\/order\"}','2020-09-29 14:40:07'),('206bf1a5575deb86abb148e27e','{\"language\":\"ru-ru\",\"currency\":\"RUB\"}','2020-02-19 02:32:48'),('2070b612f1e0f5a2373e477c0a','{\"language\":\"ru-ru\",\"currency\":\"RUB\"}','2020-02-20 05:05:15'),('20a093bd2fe74fc859b1d1f02a','{\"language\":\"ru-ru\",\"currency\":\"RUB\"}','2020-09-20 05:01:23'),('20cb33d9ddf1f4d237b3e57914','{\"language\":\"ru-ru\",\"currency\":\"RUB\"}','2020-09-24 18:52:02'),('20d37f3cb6c0171b1078400216','{\"language\":\"ru-ru\",\"currency\":\"RUB\"}','2020-02-20 05:20:35'),('20d3a8616b9c0f5605dcd426b8','{\"language\":\"ru-ru\",\"currency\":\"RUB\"}','2020-04-16 10:08:48'),('20dcbe5a4fa96cbc73fe1b2235','{\"language\":\"ru-ru\",\"currency\":\"RUB\"}','2020-02-22 11:25:30'),('20efead1fe110ac42e2db1c7c3','{\"language\":\"ru-ru\",\"currency\":\"RUB\"}','2020-02-19 02:46:16'),('210d34af16be2e0910a298bbfa','{\"language\":\"ru-ru\",\"currency\":\"RUB\"}','2020-04-26 03:51:36'),('210ef3c6f98add5f41a4357edd','{\"language\":\"ru-ru\",\"currency\":\"RUB\",\"redirect\":\"https:\\/\\/umolab.ru\\/shop\\/index.php?route=account\\/edit\"}','2020-09-01 19:01:13'),('210f7f310cec51476e0bd1e667','{\"language\":\"ru-ru\",\"currency\":\"RUB\"}','2020-07-30 01:50:38'),('2124142eea154e0ac47e7692c2','{\"language\":\"ru-ru\",\"currency\":\"RUB\"}','2020-07-15 05:38:32'),('214677bc59215d8398c745077d','{\"language\":\"ru-ru\",\"currency\":\"RUB\"}','2020-02-19 02:46:19'),('2153622ea4b3a19cbe8e94684a','{\"language\":\"ru-ru\",\"currency\":\"RUB\"}','2020-05-06 06:11:29'),('2155c9079daa3e9403ca889152','{\"language\":\"ru-ru\",\"currency\":\"RUB\"}','2020-04-15 10:00:10'),('215c5bdaf40a74d9e1163d73b8','{\"language\":\"ru-ru\",\"currency\":\"RUB\"}','2020-09-26 14:48:52'),('216668da6c3f0703e645c443fc','{\"language\":\"ru-ru\",\"currency\":\"RUB\"}','2020-03-11 16:17:39'),('216d11fba5f5d724769f2b8c2e','{\"language\":\"ru-ru\",\"currency\":\"RUB\"}','2020-09-24 21:07:37'),('21913bde45882e27b8977f9c3e','{\"language\":\"ru-ru\",\"currency\":\"RUB\"}','2020-02-19 02:49:57'),('219312db742fbe7d9e778ac655','{\"language\":\"ru-ru\",\"currency\":\"RUB\"}','2020-09-19 16:05:07'),('219dd37cb07dd2ae31b21e2cf0','{\"language\":\"ru-ru\",\"currency\":\"RUB\"}','2020-09-03 16:43:38'),('219ec3c0c805cf30f47016fca5','{\"language\":\"ru-ru\",\"currency\":\"RUB\",\"compare\":[]}','2020-09-21 20:58:47'),('21a68cbdaa647b7d308fb6b920','{\"language\":\"ru-ru\",\"currency\":\"RUB\"}','2020-07-15 05:38:42'),('21c8fb74e17fbb69ddfe8f4b1e','{\"language\":\"ru-ru\",\"currency\":\"RUB\"}','2020-03-10 14:26:35'),('21cefbdcec96fe527f2b5dfb44','{\"language\":\"ru-ru\",\"currency\":\"RUB\"}','2020-09-23 17:43:18'),('21eed8af9afdeda722702d86ed','{\"language\":\"ru-ru\",\"currency\":\"RUB\",\"user_id\":\"1\",\"user_token\":\"o5EazghIxi2VZUAxk5mT08BWPRlkRM7K\",\"customer_id\":\"1\",\"shipping_address\":{\"address_id\":\"1\",\"firstname\":\"\\u041c\\u0430\\u043a\\u0441\\u0438\\u043c\",\"lastname\":\"\\u041f\\u044f\\u0442\\u043a\\u043e\\u0432\",\"company\":\"\",\"address_1\":\"\\u0443\\u043b 50 \\u043b\\u0435\\u0442 \\u0433\\u043e\\u0440\\u043e\\u0434\\u0430\",\"address_2\":\"\\u0443\\u043b 50 \\u043b\\u0435\\u0442 \\u0433\\u043e\\u0440\\u043e\\u0434\\u0430\",\"postcode\":\"652723\",\"city\":\"\\u041a\\u0438\\u0441\\u0435\\u043b\\u0435\\u0432\\u0441\\u043a\",\"zone_id\":\"2747\",\"zone\":\"\\u041a\\u0435\\u043c\\u0435\\u0440\\u043e\\u0432\\u0441\\u043a\\u0430\\u044f \\u043e\\u0431\\u043b\\u0430\\u0441\\u0442\\u044c\",\"zone_code\":\"KEM\",\"country_id\":\"176\",\"country\":\"\\u0420\\u043e\\u0441\\u0441\\u0438\\u0439\\u0441\\u043a\\u0430\\u044f \\u0424\\u0435\\u0434\\u0435\\u0440\\u0430\\u0446\\u0438\\u044f\",\"iso_code_2\":\"RU\",\"iso_code_3\":\"RUS\",\"address_format\":\"\",\"custom_field\":null},\"payment_address\":{\"address_id\":\"1\",\"firstname\":\"\\u041c\\u0430\\u043a\\u0441\\u0438\\u043c\",\"lastname\":\"\\u041f\\u044f\\u0442\\u043a\\u043e\\u0432\",\"company\":\"\",\"address_1\":\"\\u0443\\u043b 50 \\u043b\\u0435\\u0442 \\u0433\\u043e\\u0440\\u043e\\u0434\\u0430\",\"address_2\":\"\\u0443\\u043b 50 \\u043b\\u0435\\u0442 \\u0433\\u043e\\u0440\\u043e\\u0434\\u0430\",\"postcode\":\"652723\",\"city\":\"\\u041a\\u0438\\u0441\\u0435\\u043b\\u0435\\u0432\\u0441\\u043a\",\"zone_id\":\"2747\",\"zone\":\"\\u041a\\u0435\\u043c\\u0435\\u0440\\u043e\\u0432\\u0441\\u043a\\u0430\\u044f \\u043e\\u0431\\u043b\\u0430\\u0441\\u0442\\u044c\",\"zone_code\":\"KEM\",\"country_id\":\"176\",\"country\":\"\\u0420\\u043e\\u0441\\u0441\\u0438\\u0439\\u0441\\u043a\\u0430\\u044f \\u0424\\u0435\\u0434\\u0435\\u0440\\u0430\\u0446\\u0438\\u044f\",\"iso_code_2\":\"RU\",\"iso_code_3\":\"RUS\",\"address_format\":\"\",\"custom_field\":null},\"last_order_id\":12,\"install\":\"h0jjNG4P6D\"}','2020-02-19 12:58:14'),('21f509308b8ff8ff988e0ab27e','{\"language\":\"ru-ru\",\"currency\":\"RUB\"}','2020-09-17 19:25:56'),('21fcce12ae5bdbda14fc3758d5','{\"language\":\"ru-ru\",\"currency\":\"RUB\"}','2020-09-24 01:04:49'),('22058ad58e81c85a630d32f0c4','{\"language\":\"ru-ru\",\"currency\":\"RUB\"}','2020-02-19 02:49:54'),('220993e7553f54ff83f441e79f','{\"language\":\"ru-ru\",\"currency\":\"RUB\"}','2020-03-22 00:44:27'),('220d4cbee849bc6bbc5d35c43b','{\"language\":\"ru-ru\",\"currency\":\"RUB\"}','2020-02-20 06:07:45'),('2220665c0c2378a729f93e4156','{\"language\":\"ru-ru\",\"currency\":\"RUB\"}','2020-09-20 01:33:07'),('223e965f7fc6283f04399755e7','{\"language\":\"ru-ru\",\"currency\":\"RUB\",\"redirect\":\"https:\\/\\/umolab.ru\\/shop\\/index.php?route=account\\/wishlist\"}','2020-07-24 04:41:03'),('2248c012c7f79c5a24072a2842','{\"language\":\"ru-ru\",\"currency\":\"RUB\"}','2020-09-20 05:20:19'),('224fc841648b8c046ef495f30c','{\"language\":\"ru-ru\",\"currency\":\"RUB\"}','2020-02-20 05:08:05'),('225b1ed2728051bb0eee46047c','{\"language\":\"ru-ru\",\"currency\":\"RUB\"}','2020-04-03 07:02:42'),('225d904192e62be815de3b2445','{\"language\":\"ru-ru\",\"currency\":\"RUB\"}','2020-05-25 17:52:51'),('226bcf6a8434804c3d63217350','{\"language\":\"ru-ru\",\"currency\":\"RUB\"}','2020-02-19 02:34:49'),('227f8ab27efe7d4a4d7716c7a3','{\"language\":\"ru-ru\",\"currency\":\"RUB\"}','2020-02-19 02:32:43'),('228945d9fb8ae5ed4ddb79e9c0','{\"language\":\"ru-ru\",\"currency\":\"RUB\"}','2020-02-20 15:08:03'),('229d6db070946bbef9ab687f46','{\"language\":\"ru-ru\",\"currency\":\"RUB\"}','2020-07-22 02:26:30'),('22b33bb2f30ccb02db76610733','{\"language\":\"ru-ru\",\"currency\":\"RUB\"}','2020-09-22 10:25:17'),('22bbc22c5995d1b2367c1b02bf','{\"language\":\"ru-ru\",\"currency\":\"RUB\"}','2020-02-22 11:17:05'),('22bcb9240f827de68b68ac4cb8','{\"language\":\"ru-ru\",\"currency\":\"RUB\"}','2020-02-20 05:18:26'),('22c88ab1a54954df77ba0ec74c','{\"language\":\"ru-ru\",\"currency\":\"RUB\"}','2020-02-19 02:50:19'),('22eff2676d884df6a7b1dc9dab','{\"language\":\"ru-ru\",\"currency\":\"RUB\"}','2020-02-22 11:08:01'),('22f8a4be4f2239cc4a892a04ea','{\"language\":\"ru-ru\",\"currency\":\"RUB\"}','2020-09-24 05:01:29'),('230061cb86b3bb4d3f7a839f63','{\"language\":\"ru-ru\",\"currency\":\"RUB\"}','2020-02-19 02:38:08'),('2300e77597d61587db402c8cfc','{\"language\":\"ru-ru\",\"currency\":\"RUB\",\"redirect\":\"https:\\/\\/umolab.ru\\/shop\\/index.php?route=account\\/order\"}','2020-09-01 11:27:06'),('2308ab54839070997258f92ead','{\"language\":\"ru-ru\",\"currency\":\"RUB\"}','2020-03-27 15:27:20'),('230b241c28fa792dcd98f1b6fe','{\"language\":\"ru-ru\",\"currency\":\"RUB\"}','2020-07-12 11:15:29'),('230c814ef19b04e8603ab0dcd9','{\"language\":\"ru-ru\",\"currency\":\"RUB\"}','2020-05-24 16:13:17'),('23386ae3729764b6f6c4c46cc4','{\"language\":\"ru-ru\",\"currency\":\"RUB\"}','2020-07-03 07:18:01'),('2341102dea2473cc39de0814b6','{\"language\":\"ru-ru\",\"currency\":\"RUB\"}','2020-09-16 06:27:01'),('23476383e6be93a68bf098e6e1','{\"language\":\"ru-ru\",\"currency\":\"RUB\"}','2020-09-16 06:25:16'),('234b17f0a240ab7ec9d75ce063','{\"language\":\"ru-ru\",\"currency\":\"RUB\"}','2020-02-20 05:05:26'),('2371c881bee4b6bc5180f9cf6d','{\"language\":\"ru-ru\",\"currency\":\"RUB\"}','2020-09-21 14:09:24'),('2378513d4a04a83c0647d9b04f','{\"language\":\"ru-ru\",\"currency\":\"RUB\"}','2020-02-22 11:32:30'),('237a3aa726b19bc8237ed605b3','{\"language\":\"ru-ru\",\"currency\":\"RUB\"}','2020-02-20 18:53:14'),('238246d59cebac97bc76bc43f4','{\"language\":\"ru-ru\",\"currency\":\"RUB\"}','2020-02-20 14:02:34'),('2394b112fdd629cd5efed1a40c','{\"language\":\"ru-ru\",\"currency\":\"RUB\"}','2020-09-21 18:53:24'),('239e64357e64aa289e240b2feb','{\"language\":\"ru-ru\",\"currency\":\"RUB\"}','2020-02-21 14:18:40'),('23ac15b37eb45050e631d6f9ab','{\"language\":\"ru-ru\",\"currency\":\"RUB\"}','2020-02-20 21:26:43'),('23b5573bc9b07cf9cff0e4d89e','{\"language\":\"ru-ru\",\"currency\":\"RUB\"}','2020-09-21 00:06:52'),('23c468c487f04061966e4cd0d2','{\"language\":\"ru-ru\",\"currency\":\"RUB\"}','2020-07-18 05:08:08'),('23d49380c0653f69b348ee4603','{\"language\":\"ru-ru\",\"currency\":\"RUB\"}','2020-07-23 21:22:38'),('23e4106b4002490571c12c91a9','{\"language\":\"ru-ru\",\"currency\":\"RUB\"}','2020-09-22 17:21:49'),('23ef1317e99632c6b076d30d8c','{\"language\":\"ru-ru\",\"currency\":\"RUB\"}','2020-09-08 13:12:53'),('2407e0d7ee4b19f104996a10d4','{\"language\":\"ru-ru\",\"currency\":\"RUB\"}','2020-02-26 06:54:51'),('242a076125fe6d22f9b3e5ef04','{\"language\":\"en-gb\",\"currency\":\"RUB\"}','2020-06-01 17:20:45'),('2449f8eadf8f105ef0c67bcb6a','{\"language\":\"ru-ru\",\"currency\":\"RUB\"}','2020-03-04 07:34:00'),('244bb5eefecac6910fcfe762aa','{\"language\":\"ru-ru\",\"currency\":\"RUB\"}','2020-02-21 14:23:42'),('24539b81f33b3624d4266461da','{\"language\":\"ru-ru\",\"currency\":\"RUB\"}','2020-02-26 06:57:09'),('2462885c69be7d0ddabd89fdb0','{\"language\":\"ru-ru\",\"currency\":\"RUB\"}','2020-06-16 06:12:37'),('2466c46342afb815933c026aac','{\"language\":\"ru-ru\",\"currency\":\"RUB\"}','2020-05-20 06:26:36'),('246bb7e4c9fe8b23753401b9ce','{\"language\":\"ru-ru\",\"currency\":\"RUB\"}','2020-09-23 00:08:53'),('2474defa50c6f424861993d82f','{\"language\":\"ru-ru\",\"currency\":\"RUB\"}','2020-03-04 00:36:00'),('249eb2eca24b2b47b452434c1e','{\"language\":\"ru-ru\",\"currency\":\"RUB\"}','2020-02-19 02:39:36'),('24a3e2362810745de5798498fd','{\"language\":\"ru-ru\",\"currency\":\"RUB\"}','2020-09-20 20:57:32'),('24a4c6daeac4883a33a7dbbb38','{\"language\":\"ru-ru\",\"currency\":\"RUB\"}','2020-02-19 02:40:05'),('24a5d23ce6f9b9a5d3fe252774','{\"language\":\"ru-ru\",\"currency\":\"RUB\"}','2020-09-25 14:26:45'),('24af16a2290f5e02001ab1a9a9','{\"language\":\"ru-ru\",\"currency\":\"RUB\"}','2020-09-23 01:24:37'),('24b4aea5130d755e5e46cc825a','{\"language\":\"ru-ru\",\"currency\":\"RUB\"}','2020-03-09 17:24:54'),('24c5d3213b2c332c89a1dd512b','{\"language\":\"ru-ru\",\"currency\":\"RUB\",\"redirect\":\"https:\\/\\/umolab.ru\\/shop\\/index.php?route=account\\/order\"}','2020-03-05 00:23:39'),('24f80c40c41aab01dc509ce766','{\"language\":\"ru-ru\",\"currency\":\"RUB\"}','2020-02-21 14:22:52'),('24fec974f1515578f14732fd04','{\"language\":\"ru-ru\",\"currency\":\"RUB\"}','2020-08-25 23:21:10'),('25048164c3953ef7bfd25b0848','{\"language\":\"en-gb\",\"currency\":\"RUB\"}','2020-07-11 12:59:19'),('2515894fb7014e35fc6f954ce3','{\"language\":\"ru-ru\",\"currency\":\"RUB\"}','2020-04-02 11:21:19'),('25168b314af0b7577b35583016','{\"language\":\"ru-ru\",\"currency\":\"RUB\"}','2020-10-01 03:23:53'),('252b99b008287b28bcc3aef35c','{\"language\":\"ru-ru\",\"currency\":\"RUB\"}','2020-09-13 19:41:19'),('253d40dfa8a1dab28b84757a07','{\"language\":\"ru-ru\",\"currency\":\"RUB\"}','2020-02-20 09:06:18'),('255bc01110f07598302654a0c4','{\"language\":\"en-gb\",\"currency\":\"RUB\",\"redirect\":\"https:\\/\\/umolab.ru\\/shop\\/index.php?route=account\\/wishlist\"}','2020-05-18 21:25:52'),('2591a93ac6ad9e2ea536c9ca55','{\"language\":\"ru-ru\",\"currency\":\"RUB\"}','2020-09-24 18:49:44'),('2594bacba04c9d35896d98347f','{\"language\":\"ru-ru\",\"currency\":\"RUB\"}','2020-09-02 13:31:25'),('259b570ff847b4af2ad1425525','{\"language\":\"ru-ru\",\"currency\":\"RUB\"}','2020-08-25 23:21:12'),('25ad655da98869d11b450910f4','{\"language\":\"ru-ru\",\"currency\":\"RUB\"}','2020-09-24 09:45:29'),('25af91a36ccf5618058871238a','{\"language\":\"ru-ru\",\"currency\":\"RUB\"}','2020-08-25 23:21:04'),('25b686268655fb00ee3b182102','{\"language\":\"ru-ru\",\"currency\":\"RUB\"}','2020-02-20 05:21:25'),('25b8433df973c3e9b10d4c02fe','{\"language\":\"ru-ru\",\"currency\":\"RUB\"}','2020-09-18 17:53:09'),('25c04d8716aaacede6e7f6db37','{\"language\":\"ru-ru\",\"currency\":\"RUB\"}','2020-09-19 06:57:55'),('25d4d8993d4a66eceb7e624f33','{\"language\":\"ru-ru\",\"currency\":\"RUB\"}','2020-09-18 14:31:24'),('25d8e2cfe12f3609548b21cb7a','{\"language\":\"ru-ru\",\"currency\":\"RUB\"}','2020-09-19 14:54:39'),('25e524209eb69cefa4dbba926d','{\"language\":\"ru-ru\",\"currency\":\"RUB\"}','2020-04-14 13:53:30'),('25e9e10e7089dabec07ebe48a2','{\"language\":\"ru-ru\",\"currency\":\"RUB\"}','2020-04-25 05:02:38'),('25f3f9ccfed105f9053da227ba','{\"language\":\"ru-ru\",\"currency\":\"RUB\"}','2020-02-20 23:18:19'),('2605a3db2f44183fd38e4912de','{\"language\":\"ru-ru\",\"currency\":\"RUB\"}','2020-02-20 05:10:39'),('260a8d68ab262fe6c4d9497898','{\"language\":\"ru-ru\",\"currency\":\"RUB\"}','2020-03-15 04:28:27'),('26357b567e48017e666f6cb565','{\"language\":\"ru-ru\",\"currency\":\"RUB\"}','2020-02-21 01:49:47'),('263ad2b0252e019fe5789e0926','{\"language\":\"ru-ru\",\"currency\":\"RUB\"}','2020-09-21 05:57:08'),('26637547b9c8724fcadffea2e6','{\"language\":\"ru-ru\",\"currency\":\"RUB\"}','2020-03-12 07:26:28'),('2668d0a5d6eada18179cdde355','{\"language\":\"ru-ru\",\"currency\":\"RUB\"}','2020-02-20 06:26:23'),('26701d121122ae81b4b12a7aba','{\"language\":\"ru-ru\",\"currency\":\"RUB\"}','2020-02-19 02:33:37'),('269a6038a157def700b1eb1251','{\"language\":\"ru-ru\",\"currency\":\"RUB\"}','2020-09-21 15:34:36'),('26bffba36a39559b9034fda139','{\"language\":\"ru-ru\",\"currency\":\"RUB\"}','2020-02-19 02:34:09'),('26c4adbe2e15fa0408c5b67044','{\"language\":\"ru-ru\",\"currency\":\"RUB\"}','2020-09-14 15:12:21'),('26d82f62d786dd968e83ec2b75','{\"language\":\"ru-ru\",\"currency\":\"RUB\"}','2020-02-22 11:10:46'),('26fd3388b8cdb5298d6907956e','{\"language\":\"ru-ru\",\"currency\":\"RUB\"}','2020-03-12 11:07:41'),('2705fb20b721f161a80b78a4db','{\"language\":\"ru-ru\",\"currency\":\"RUB\"}','2020-09-17 17:51:18'),('2706c17befeab98ac30ae9ad76','{\"language\":\"ru-ru\",\"currency\":\"RUB\"}','2020-02-21 16:09:28'),('270fe1f098c5c31b7c39ad1276','{\"language\":\"ru-ru\",\"currency\":\"RUB\"}','2020-02-22 18:28:17'),('2716489501b20caec80ff6323c','{\"language\":\"ru-ru\",\"currency\":\"RUB\"}','2020-05-22 10:04:13'),('271e55ea2774071031bdb5d988','{\"language\":\"ru-ru\",\"currency\":\"RUB\"}','2020-09-20 00:25:28'),('2731cb19834573fe989e2488ab','{\"language\":\"ru-ru\",\"currency\":\"RUB\"}','2020-09-02 22:17:45'),('2732eafe5820c0df88022d4dda','{\"language\":\"ru-ru\",\"currency\":\"RUB\"}','2020-09-20 17:14:03'),('273a5e3f489231b62e56ae468c','{\"language\":\"ru-ru\",\"currency\":\"RUB\"}','2020-02-20 20:28:20'),('273df1f18bbd430282a4dde15b','{\"language\":\"ru-ru\",\"currency\":\"RUB\"}','2020-02-19 02:51:34'),('274895e55fc68ec678fc260eb6','{\"language\":\"ru-ru\",\"currency\":\"RUB\"}','2020-09-17 17:34:38'),('275c9ffe00e58e74e3391aecbc','{\"language\":\"ru-ru\",\"currency\":\"RUB\"}','2020-09-20 23:34:44'),('2770b0c7dde9b5f9f094afe7c4','{\"language\":\"ru-ru\",\"currency\":\"RUB\"}','2020-02-19 02:50:18'),('277cde9488af7deaa63e1c92a7','{\"language\":\"ru-ru\",\"currency\":\"RUB\"}','2020-02-19 02:47:02'),('27ab18a2ecd1a601ab0bc01b78','{\"language\":\"ru-ru\",\"currency\":\"RUB\"}','2020-04-08 04:28:07'),('27acf53f6d9d399d1637434238','{\"language\":\"ru-ru\",\"currency\":\"RUB\"}','2020-02-27 02:59:14'),('27aeee8cb7e9287dfd2cf9086e','{\"language\":\"ru-ru\",\"currency\":\"RUB\"}','2020-02-27 02:50:52'),('27cbb72ce14a0a1a6829f7e1e8','{\"language\":\"ru-ru\",\"currency\":\"RUB\"}','2020-03-12 07:26:19'),('2810b4bd524703743925a9a4e6','{\"language\":\"ru-ru\",\"currency\":\"RUB\"}','2020-02-21 14:07:51'),('28117d15c052477370d4bc87ac','{\"language\":\"ru-ru\",\"currency\":\"RUB\"}','2020-02-19 02:36:49'),('2812b49b0107e29cd1f35431eb','{\"language\":\"ru-ru\",\"currency\":\"RUB\",\"redirect\":\"https:\\/\\/umolab.ru\\/shop\\/index.php?route=account\\/address\"}','2020-08-29 05:35:03'),('281491554d8a254931b581b1c2','{\"language\":\"ru-ru\",\"currency\":\"RUB\"}','2020-08-26 05:30:20'),('28181351241756e21792285ff4','{\"language\":\"ru-ru\",\"currency\":\"RUB\"}','2020-04-24 01:27:12'),('282c8d7f2c4b42a8be70998513','{\"language\":\"ru-ru\",\"currency\":\"RUB\"}','2020-02-19 02:49:56'),('282caeabb56d918466cb8c23ff','{\"language\":\"ru-ru\",\"currency\":\"RUB\"}','2020-02-20 10:50:26'),('284995e9356f9e4fdb2bd1e5cb','{\"language\":\"ru-ru\",\"currency\":\"RUB\"}','2020-02-20 05:11:03'),('28760b198c52064baee7430a3a','{\"language\":\"ru-ru\",\"currency\":\"RUB\"}','2020-09-05 22:06:52'),('28797211bf7dd7fa0495b950bb','{\"language\":\"ru-ru\",\"currency\":\"RUB\"}','2020-04-06 04:31:14'),('288007eb532cd0b5d5071dce79','{\"language\":\"ru-ru\",\"currency\":\"RUB\"}','2020-07-25 01:33:13'),('2884a43c4363a4e58cac136725','{\"language\":\"ru-ru\",\"currency\":\"RUB\"}','2020-07-31 03:36:42'),('288f3c6d3cb91604e01ec564a6','{\"language\":\"ru-ru\",\"currency\":\"RUB\"}','2020-09-23 07:53:58'),('28be28f5ab6cf69eb823fc1f30','{\"language\":\"ru-ru\",\"currency\":\"RUB\"}','2020-02-21 00:34:03'),('28bf24f7cbfac910e7ba44d98f','{\"language\":\"ru-ru\",\"currency\":\"RUB\"}','2020-09-18 07:44:20'),('28c77282c398d22dcfec8346c7','{\"language\":\"ru-ru\",\"currency\":\"RUB\"}','2020-02-19 02:29:59'),('28ca9b199b5e80cfee78a4ed8a','{\"language\":\"ru-ru\",\"currency\":\"RUB\"}','2020-02-04 07:05:24'),('28ce2e86db1851458f34127149','{\"language\":\"ru-ru\",\"currency\":\"RUB\"}','2020-07-16 06:57:07'),('28e511f432cf5c943d2a71be20','{\"language\":\"ru-ru\",\"currency\":\"RUB\"}','2020-04-15 10:03:50'),('28e69d204a2ad0f9da47a818db','{\"language\":\"ru-ru\",\"currency\":\"RUB\"}','2020-02-19 02:40:30'),('28ea27a3a4d217ba3d6bb1d033','{\"language\":\"ru-ru\",\"currency\":\"RUB\"}','2020-09-29 16:17:20'),('28f8ddb0fb77336f9086450865','{\"language\":\"ru-ru\",\"currency\":\"RUB\"}','2020-09-20 18:26:04'),('29088cc18975d81880f69d1b13','{\"language\":\"ru-ru\",\"currency\":\"RUB\"}','2020-02-19 02:30:15'),('29163dea21f0c8bf6bb45c75a0','{\"language\":\"ru-ru\",\"currency\":\"RUB\"}','2020-04-02 12:36:47'),('29195132aa3ab0a3f2e88f1c18','{\"language\":\"ru-ru\",\"currency\":\"RUB\"}','2020-09-20 16:51:24'),('292261fa636e6299e263735904','{\"language\":\"ru-ru\",\"currency\":\"RUB\"}','2020-08-11 04:06:36'),('294bb01d9c73d0ba8c18693f72','{\"language\":\"ru-ru\",\"currency\":\"RUB\"}','2020-07-31 18:41:04'),('295268952209aef0c05fac4cf2','{\"language\":\"ru-ru\",\"currency\":\"RUB\"}','2020-09-19 15:01:01'),('295874dd9d33503a1fea7d13f4','{\"language\":\"ru-ru\",\"currency\":\"RUB\"}','2020-03-03 02:32:40'),('2958f118e6966ed6d94c1023b1','{\"language\":\"ru-ru\",\"currency\":\"RUB\"}','2020-09-17 23:18:49'),('295bf6f5a38b3b4057b60ed048','{\"language\":\"ru-ru\",\"currency\":\"RUB\"}','2020-09-08 06:44:06'),('2966ca9f55212c5fd46991e8fa','{\"language\":\"ru-ru\",\"currency\":\"RUB\"}','2020-02-19 02:49:17'),('29702fdb45388dac7cc669ee23','{\"language\":\"ru-ru\",\"currency\":\"RUB\"}','2020-08-25 02:24:01'),('29709cbcd0b9e29d6bd743b647','{\"language\":\"ru-ru\",\"currency\":\"RUB\"}','2020-09-04 12:08:38'),('299afe10de9de6959a3677a5a6','{\"language\":\"ru-ru\",\"currency\":\"RUB\"}','2020-02-20 05:22:05'),('29a27f8fdb8a6bffd4218acb58','{\"language\":\"ru-ru\",\"currency\":\"RUB\"}','2020-09-16 06:25:54'),('29b544b518d78cd2b0045fcfb5','{\"language\":\"ru-ru\",\"currency\":\"RUB\"}','2020-09-22 17:31:13'),('29b9e67298b6f195f06662f5a2','{\"language\":\"ru-ru\",\"currency\":\"RUB\"}','2020-02-20 05:20:24'),('29d86162558ff2a61ec2f22cc4','{\"language\":\"ru-ru\",\"currency\":\"RUB\"}','2020-02-20 05:10:45'),('29dc80cd7793ef5238a656e797','{\"language\":\"ru-ru\",\"currency\":\"RUB\"}','2020-02-20 12:44:02'),('29e7f1b0ee29b1c06ff530055b','{\"language\":\"ru-ru\",\"currency\":\"RUB\"}','2020-02-19 02:50:48'),('29f0a37562d18a1e83baf37677','{\"language\":\"ru-ru\",\"currency\":\"RUB\"}','2020-09-20 23:47:56'),('29f285142ab2b6be80df90e580','{\"language\":\"ru-ru\",\"currency\":\"RUB\"}','2020-03-09 13:46:52'),('2a0298ced15c851e09ebe2a4e1','{\"language\":\"ru-ru\",\"currency\":\"RUB\"}','2020-02-20 11:01:20'),('2a08f2e3c2ef93f21478b5994b','{\"language\":\"ru-ru\",\"currency\":\"RUB\"}','2020-02-20 05:11:33'),('2a20f6917b14f10290a1222d89','{\"language\":\"ru-ru\",\"currency\":\"RUB\"}','2020-09-20 23:33:23'),('2a21feb7ad90d272baa66d0dc6','{\"language\":\"ru-ru\",\"currency\":\"RUB\",\"redirect\":\"https:\\/\\/umolab.ru\\/shop\\/index.php?route=account\\/wishlist\"}','2020-03-12 07:26:45'),('2a421482182fc3e346307fbabc','{\"language\":\"ru-ru\",\"currency\":\"RUB\"}','2020-09-19 23:58:27'),('2a4df799cc89b88d395c43f84f','{\"language\":\"ru-ru\",\"currency\":\"RUB\"}','2020-02-22 11:09:28'),('2a4f2af77ddd77aef93e2e18ff','{\"language\":\"ru-ru\",\"currency\":\"RUB\"}','2020-05-13 22:46:38'),('2a5683421b31fa0fb4501a599a','{\"language\":\"ru-ru\",\"currency\":\"RUB\"}','2020-07-18 05:07:46'),('2a5d320b696f2bcef8af73f2c6','{\"language\":\"ru-ru\",\"currency\":\"RUB\"}','2020-02-20 05:05:18'),('2a6a6cf30e9adc2e93c2e0793a','{\"language\":\"ru-ru\",\"currency\":\"RUB\"}','2020-09-21 20:41:41'),('2a6ee0d696dc66b26bd4671682','{\"language\":\"ru-ru\",\"currency\":\"RUB\"}','2020-03-02 22:50:42'),('2a7cb762ccb4c592833253ed8d','{\"language\":\"ru-ru\",\"currency\":\"RUB\"}','2020-02-20 05:08:15'),('2a7daa849310dfb7d7c5106479','{\"language\":\"ru-ru\",\"currency\":\"RUB\"}','2020-02-21 14:09:53'),('2a8a59d22e1add613e2f45e1b6','{\"language\":\"ru-ru\",\"currency\":\"RUB\"}','2020-03-04 20:43:00'),('2a9be0ee4303a9401c6752af13','{\"language\":\"ru-ru\",\"currency\":\"RUB\"}','2020-02-19 02:40:55'),('2aa118486eb4868f4ba36f62ae','{\"language\":\"ru-ru\",\"currency\":\"RUB\"}','2020-02-19 02:51:54'),('2ab1b90b545ff13099b47cfd6a','{\"language\":\"ru-ru\",\"currency\":\"RUB\"}','2020-09-02 22:21:28'),('2ab1f4c9dfb22e2549a651ba70','{\"language\":\"ru-ru\",\"currency\":\"RUB\",\"redirect\":\"https:\\/\\/umolab.ru\\/shop\\/index.php?route=account\\/wishlist\"}','2020-09-20 22:14:14'),('2ac1a53262910847f8b470272a','{\"language\":\"ru-ru\",\"currency\":\"RUB\"}','2020-09-21 20:51:09'),('2ac7f39a815d7491f4a88d5269','{\"language\":\"ru-ru\",\"currency\":\"RUB\"}','2020-07-11 01:21:12'),('2ad227859a4f5b2672de61e41c','{\"language\":\"ru-ru\",\"currency\":\"RUB\"}','2020-03-29 06:33:08'),('2ad243e854a87e43f6b472ae81','{\"language\":\"ru-ru\",\"currency\":\"RUB\"}','2020-06-16 13:42:54'),('2ae6f82d5f54fb32154ee84e5e','{\"language\":\"ru-ru\",\"currency\":\"RUB\"}','2020-02-19 02:49:16'),('2af08e4c82731280f1a34f0377','{\"language\":\"ru-ru\",\"currency\":\"RUB\"}','2020-02-20 05:15:23'),('2af13db1ee177ba43d8fcbecd8','{\"language\":\"ru-ru\",\"currency\":\"RUB\"}','2020-04-04 00:48:56'),('2b1ac3574dcd87c70a2d59e700','{\"language\":\"ru-ru\",\"currency\":\"RUB\"}','2020-04-17 13:35:44'),('2b1f95ce1368086f7fcc6452c3','{\"language\":\"ru-ru\",\"currency\":\"RUB\"}','2020-04-10 22:59:26'),('2b24cf6644165c7b71918a8419','{\"language\":\"ru-ru\",\"currency\":\"RUB\"}','2020-07-18 05:11:12'),('2b2889133a38cc6f418eeb98b0','{\"language\":\"ru-ru\",\"currency\":\"RUB\"}','2020-03-06 11:21:36'),('2b293627cda3e9770622b5e5f9','{\"language\":\"ru-ru\",\"currency\":\"RUB\"}','2020-02-19 02:47:12'),('2b3dff29dac5832d78bd79422f','{\"language\":\"ru-ru\",\"currency\":\"RUB\"}','2020-08-04 00:11:53'),('2b40973a79c70113317d1ff9d7','{\"language\":\"ru-ru\",\"currency\":\"RUB\"}','2020-02-19 02:41:24'),('2b43a65aab4a25fc8cfa88d724','{\"language\":\"ru-ru\",\"currency\":\"RUB\"}','2020-08-21 16:10:34'),('2b486f090f1695fbc7e5f316db','{\"language\":\"ru-ru\",\"currency\":\"RUB\"}','2020-09-17 17:45:18'),('2b6973e890fd841c779a98f2af','{\"language\":\"ru-ru\",\"currency\":\"RUB\"}','2020-09-16 06:29:12'),('2b7fa96ccd6d5df643a7672966','{\"language\":\"ru-ru\",\"currency\":\"RUB\"}','2020-02-19 02:50:12'),('2b8e73909a4752d013642e735c','{\"language\":\"ru-ru\",\"currency\":\"RUB\"}','2020-02-19 02:35:58'),('2b9a93adc1d2f92d12ac9bf83c','{\"language\":\"ru-ru\",\"currency\":\"RUB\"}','2020-07-15 05:39:10'),('2baea75ab2b7778fecbfa4b953','{\"language\":\"ru-ru\",\"currency\":\"RUB\"}','2020-09-02 00:03:09'),('2bb852519670a1295addb695b4','{\"language\":\"ru-ru\",\"currency\":\"RUB\",\"vouchers\":[]}','2020-09-23 23:08:02'),('2bbc17c537f2b0c0ef879a9c3f','{\"language\":\"ru-ru\",\"currency\":\"RUB\"}','2020-02-20 05:13:18'),('2bbec59829a28081291565fe53','{\"language\":\"ru-ru\",\"currency\":\"RUB\"}','2020-09-18 08:22:12'),('2bc1f03bbf33e314bea4ec1a00','{\"language\":\"ru-ru\",\"currency\":\"RUB\"}','2020-09-22 06:00:13'),('2bc530aa8b50505c51dc5d331d','{\"language\":\"en-gb\",\"currency\":\"RUB\"}','2020-06-01 17:20:46'),('2bc625f406f35a8166f264372a','{\"language\":\"ru-ru\",\"currency\":\"RUB\"}','2020-07-30 01:50:39'),('2bcb5e0621a85346be916a7715','{\"language\":\"ru-ru\",\"currency\":\"RUB\"}','2020-03-07 09:56:19'),('2c0e4fcf0a6199f6ecb84a01ff','{\"language\":\"ru-ru\",\"currency\":\"RUB\"}','2020-02-21 14:16:26'),('2c0f9f76d20893561ebe9be3d9','{\"language\":\"ru-ru\",\"currency\":\"RUB\"}','2020-04-06 18:12:46'),('2c1b5aa6355ee63561d887d26d','{\"language\":\"ru-ru\",\"currency\":\"RUB\"}','2020-02-19 02:44:37'),('2c373d44f6922409a34a04a88b','{\"language\":\"ru-ru\",\"currency\":\"RUB\"}','2020-02-19 02:49:13'),('2c3ca51ab0be07c6b647480f2e','{\"language\":\"ru-ru\",\"currency\":\"RUB\"}','2020-02-20 23:25:41'),('2c57e8c1f2b0e69d93d91b1689','{\"language\":\"ru-ru\",\"currency\":\"RUB\"}','2020-03-07 16:10:20'),('2c67f825a96525520ed0b89a56','{\"language\":\"ru-ru\",\"currency\":\"RUB\"}','2020-09-16 06:23:20'),('2c732efbe1378f7690c1c1aa37','{\"language\":\"ru-ru\",\"currency\":\"RUB\"}','2020-09-04 17:02:18'),('2c74e24d355ee756e1dc6488c9','{\"language\":\"ru-ru\",\"currency\":\"RUB\"}','2020-09-18 02:41:24'),('2c76ff4126c9dbae7371caff91','{\"language\":\"ru-ru\",\"currency\":\"RUB\"}','2020-09-19 10:45:15'),('2c7c1a3ed874c52121a0949100','{\"language\":\"ru-ru\",\"currency\":\"RUB\"}','2020-02-21 01:42:10'),('2c81eafd7bd1a88cf07e24b916','{\"language\":\"ru-ru\",\"currency\":\"RUB\"}','2020-09-23 08:21:09'),('2c8df6b47d82d8a93f4ebdacb8','{\"language\":\"ru-ru\",\"currency\":\"RUB\"}','2020-09-18 04:44:28'),('2c989c46af2c39454812c2fff6','{\"language\":\"ru-ru\",\"currency\":\"RUB\"}','2020-03-05 07:44:53'),('2c98ce750c840083ca58ce2028','{\"language\":\"ru-ru\",\"currency\":\"RUB\"}','2020-07-30 01:50:47'),('2cb1f9b94ae0a0e6c61147166a','{\"language\":\"ru-ru\",\"currency\":\"RUB\"}','2020-09-21 17:28:12'),('2cb4cfe054484087034d78795b','{\"language\":\"ru-ru\",\"currency\":\"RUB\"}','2020-02-26 16:00:14'),('2cc6f8fec339c5664a0603fa16','{\"language\":\"ru-ru\",\"currency\":\"RUB\"}','2020-03-10 03:32:52'),('2cc75d11cb17b60d4b50b7fb27','{\"language\":\"ru-ru\",\"currency\":\"RUB\"}','2020-08-30 14:21:53'),('2cd7577b93478e773b2105dc8c','{\"language\":\"ru-ru\",\"currency\":\"RUB\"}','2020-03-12 07:26:20'),('2cdff41434f59cd1b2ecf75311','{\"language\":\"ru-ru\",\"currency\":\"RUB\"}','2020-02-19 02:49:29'),('2ceeca99542ced0d883c698ac4','{\"language\":\"ru-ru\",\"currency\":\"RUB\"}','2020-02-21 14:21:14'),('2d000dcb57fc4a7095bacf02ec','{\"language\":\"ru-ru\",\"currency\":\"RUB\"}','2020-02-20 05:05:12'),('2d1838d1f412897825d7675fe0','{\"language\":\"ru-ru\",\"currency\":\"RUB\"}','2020-02-19 02:47:26'),('2d243423af42a831b1702e3837','{\"language\":\"ru-ru\",\"currency\":\"RUB\"}','2020-02-20 08:07:29'),('2d3e6717957a6a978e46b3a90b','{\"language\":\"ru-ru\",\"currency\":\"RUB\"}','2020-02-20 15:12:13'),('2d65e6b1cf5487f0669d9f1410','{\"language\":\"ru-ru\",\"currency\":\"RUB\"}','2020-09-17 20:22:43'),('2d6a414874aa9dac5276d02e1c','{\"language\":\"ru-ru\",\"currency\":\"RUB\"}','2020-04-25 04:19:37'),('2d783b257c4cddbb923039d6fe','{\"language\":\"ru-ru\",\"currency\":\"RUB\"}','2020-09-24 11:10:41'),('2d8eabeb1ee51ad7ac7f4c91d7','{\"language\":\"ru-ru\",\"currency\":\"RUB\"}','2020-03-29 03:37:59'),('2d9d40c4a64093772832997822','{\"language\":\"ru-ru\",\"currency\":\"RUB\"}','2020-09-10 21:27:19'),('2db392cf1a926fdf1b5ab874ec','{\"language\":\"ru-ru\",\"currency\":\"RUB\"}','2020-09-24 09:17:18'),('2dc3126d7fe5505f9538e4706c','{\"language\":\"ru-ru\",\"currency\":\"RUB\"}','2020-09-16 06:19:35'),('2dcad7ed9719952583847128fd','{\"language\":\"ru-ru\",\"currency\":\"RUB\"}','2020-09-15 00:48:58'),('2dce635bf236d9b11597eac04a','{\"language\":\"ru-ru\",\"currency\":\"RUB\"}','2020-02-26 04:54:48'),('2dd3074f3efd3fe5dc6d2fa838','{\"language\":\"ru-ru\",\"currency\":\"RUB\"}','2020-03-22 19:25:18'),('2de3be15e83a39f63cd53afb89','{\"language\":\"ru-ru\",\"currency\":\"RUB\"}','2020-09-16 06:25:24'),('2de5258d3bf8f78d0c6f7a0bfc','{\"language\":\"ru-ru\",\"currency\":\"RUB\"}','2020-09-24 19:26:58'),('2de75dea410407030b3b961a86','{\"language\":\"ru-ru\",\"currency\":\"RUB\"}','2020-02-19 02:50:56'),('2deb447180331605d776c70782','{\"language\":\"ru-ru\",\"currency\":\"RUB\"}','2020-02-20 05:05:42'),('2df9cb76125225738b2bfbe781','{\"language\":\"ru-ru\",\"currency\":\"RUB\"}','2020-06-21 00:31:51'),('2e02cae270139c580dcbd65f47','{\"language\":\"ru-ru\",\"currency\":\"RUB\"}','2020-02-20 05:11:26'),('2e03f2b1c8e4e465d855a61d5a','{\"language\":\"ru-ru\",\"currency\":\"RUB\"}','2020-09-17 18:54:12'),('2e089a9afd65a44ae5a7668c33','{\"language\":\"ru-ru\",\"currency\":\"RUB\"}','2020-02-20 05:09:53'),('2e11371d43acf4b90dcc150d71','{\"language\":\"ru-ru\",\"currency\":\"RUB\"}','2020-02-19 02:37:25'),('2e11462d8a5a1a990e93a099d8','{\"language\":\"ru-ru\",\"currency\":\"RUB\"}','2020-07-11 05:14:08'),('2e1242cd42fd54fc9b5ea83af4','{\"language\":\"ru-ru\",\"currency\":\"RUB\"}','2020-02-21 14:13:53'),('2e244a6cade8e49b7120d3b4d8','{\"language\":\"ru-ru\",\"currency\":\"RUB\"}','2020-09-13 03:23:03'),('2e28105ec1b2cc7c2a08730774','{\"language\":\"ru-ru\",\"currency\":\"RUB\"}','2020-09-20 12:45:15'),('2e41ee94cdc295afe8a34750e2','{\"language\":\"ru-ru\",\"currency\":\"RUB\"}','2020-07-23 07:29:47'),('2e42176d2501b291c2f782b994','{\"language\":\"ru-ru\",\"currency\":\"RUB\"}','2020-08-23 00:20:13'),('2e44ee71f73b16694ffc65a8d2','{\"language\":\"ru-ru\",\"currency\":\"RUB\"}','2020-07-22 01:13:11'),('2e5bbc54d5374b5af6668c2d93','{\"language\":\"ru-ru\",\"currency\":\"RUB\"}','2020-03-31 04:42:49'),('2e7780f8f21d0137989c5ce4ae','{\"language\":\"ru-ru\",\"currency\":\"RUB\"}','2020-02-22 11:08:20'),('2e7bc11108c45e50dbbd715b48','{\"language\":\"ru-ru\",\"currency\":\"RUB\"}','2020-04-02 13:20:04'),('2e8809c1556dd64940bcd76ca0','{\"language\":\"ru-ru\",\"currency\":\"RUB\"}','2020-02-20 05:08:47'),('2e9401bfdcc3e28619b63e1acc','{\"language\":\"ru-ru\",\"currency\":\"RUB\"}','2020-09-20 00:55:15'),('2ec36c85d8f3465e9d75abc6c8','{\"language\":\"ru-ru\",\"currency\":\"RUB\"}','2020-02-21 17:21:28'),('2ee7b05a52898a5adc42adbcb2','{\"language\":\"ru-ru\",\"currency\":\"RUB\"}','2020-08-09 07:47:07'),('2eeb2ac04d9cf71be38e629472','{\"language\":\"ru-ru\",\"currency\":\"RUB\"}','2020-05-15 14:38:33'),('2f120f488bcca79bb3757459a2','{\"language\":\"ru-ru\",\"currency\":\"RUB\"}','2020-02-20 05:10:00'),('2f2cbf2e53f1dd091846b74b1b','{\"language\":\"ru-ru\",\"currency\":\"RUB\"}','2020-09-22 09:37:57'),('2f3d97156038b261734f7fa606','{\"language\":\"ru-ru\",\"currency\":\"RUB\"}','2020-07-18 05:11:43'),('2f699c4eec7672b40ff11cc6bd','{\"language\":\"ru-ru\",\"currency\":\"RUB\"}','2020-02-29 23:23:13'),('2f7945d79491e12487d3c55aff','{\"language\":\"ru-ru\",\"currency\":\"RUB\"}','2020-02-20 20:57:56'),('2f8f4919490415bafdcb2132d2','{\"language\":\"ru-ru\",\"currency\":\"RUB\"}','2020-02-19 02:47:05'),('2f95e5c3149aa5494bd6fc63c0','{\"language\":\"ru-ru\",\"currency\":\"RUB\",\"redirect\":\"https:\\/\\/umolab.ru\\/shop\\/index.php?route=account\\/order\"}','2020-03-15 06:08:37'),('2f9a31219a5c53f1999cf30061','{\"language\":\"ru-ru\",\"currency\":\"RUB\"}','2020-03-06 07:42:32'),('2f9f10e9cebf43293f0600461a','{\"language\":\"ru-ru\",\"currency\":\"RUB\"}','2020-06-22 07:44:00'),('2fafe7574f54fe7dacc8067bc7','{\"language\":\"ru-ru\",\"currency\":\"RUB\"}','2020-02-20 07:33:03'),('2fb690f8d387f9b628099eab75','{\"language\":\"ru-ru\",\"currency\":\"RUB\"}','2020-07-18 05:11:59'),('2fcbafa8ce523708d54c93fb93','{\"language\":\"ru-ru\",\"currency\":\"RUB\"}','2020-02-20 22:05:41'),('2fda1b749904d6472a3e167961','{\"language\":\"ru-ru\",\"currency\":\"RUB\"}','2020-02-19 02:52:00'),('2feaad04dbc265bf2f95d949a8','{\"language\":\"ru-ru\",\"currency\":\"RUB\"}','2020-07-01 15:03:43'),('302232de298e8c4ca2342701c6','{\"language\":\"ru-ru\",\"currency\":\"RUB\"}','2020-09-23 00:14:57'),('30249f0b5ccac8ea9e03b81114','{\"language\":\"ru-ru\",\"currency\":\"RUB\"}','2020-09-22 08:31:41'),('305493b8464023f2ab7f869824','{\"language\":\"ru-ru\",\"currency\":\"RUB\"}','2020-02-20 05:11:57'),('305d45b1bbbc25511e6841cdd4','{\"language\":\"ru-ru\",\"currency\":\"RUB\"}','2020-02-20 12:30:49'),('30653530881478bee53149790e','{\"language\":\"ru-ru\",\"currency\":\"RUB\"}','2020-08-27 08:45:14'),('3070ac8535efacd038eeb5ce73','{\"language\":\"ru-ru\",\"currency\":\"RUB\"}','2020-03-10 16:12:26'),('3074d53c86acbe18eecd7c8ca3','{\"language\":\"ru-ru\",\"currency\":\"RUB\"}','2020-02-20 05:22:35'),('309f839d486636c7c7d984de09','{\"language\":\"ru-ru\",\"currency\":\"RUB\"}','2020-03-30 14:44:18'),('30ca979a3811992708db733f42','{\"language\":\"ru-ru\",\"currency\":\"RUB\"}','2020-09-04 16:58:40'),('30e479a6d56c98ed41868e5cf8','{\"language\":\"ru-ru\",\"currency\":\"RUB\"}','2020-02-19 02:52:29'),('30ec38c45b6098a38c70b0928d','{\"language\":\"ru-ru\",\"currency\":\"RUB\"}','2020-02-20 05:10:43'),('30f41a3fe0a5e94f0d072af8f5','{\"language\":\"ru-ru\",\"currency\":\"RUB\"}','2020-06-27 10:17:29'),('3137a0bd1d35a0f772dabd6ef1','{\"language\":\"ru-ru\",\"currency\":\"RUB\"}','2020-09-18 04:53:56'),('3151a32c0c3fc803a898d9e318','{\"language\":\"ru-ru\",\"currency\":\"RUB\"}','2020-02-22 11:04:44'),('3152adb0c183ac736b6ee2aba0','{\"language\":\"ru-ru\",\"currency\":\"RUB\"}','2020-06-14 19:57:45'),('31623d1841835a599218825ece','{\"language\":\"ru-ru\",\"currency\":\"RUB\"}','2020-02-20 05:19:12'),('3183c32f502460774d53be25ee','{\"language\":\"ru-ru\",\"currency\":\"RUB\"}','2020-10-02 17:31:36'),('31969f9d2db9653a2d7dc15756','{\"language\":\"ru-ru\",\"currency\":\"RUB\"}','2020-04-29 11:27:22'),('319c7c5298f30dfca2c2f18d82','{\"language\":\"ru-ru\",\"currency\":\"RUB\"}','2020-09-14 01:22:51'),('31a55e5d5196f5b9ff1c274fab','{\"language\":\"ru-ru\",\"currency\":\"RUB\"}','2020-03-09 04:45:26'),('31a58b88f3fd4ec3a215a1b068','{\"language\":\"ru-ru\",\"currency\":\"RUB\"}','2020-06-15 03:50:01'),('31b064671642779937f290fb34','{\"language\":\"ru-ru\",\"currency\":\"RUB\"}','2020-02-21 15:11:52'),('31b8ca046a7ca05f985862c910','{\"language\":\"ru-ru\",\"currency\":\"RUB\"}','2020-02-20 23:56:11'),('31ba0b1b422a0e039e0ede4ee3','{\"language\":\"ru-ru\",\"currency\":\"RUB\",\"redirect\":\"https:\\/\\/umolab.ru\\/shop\\/index.php?route=account\\/download\"}','2020-07-27 08:42:09'),('31d190860e8b3791378b106f50','{\"language\":\"ru-ru\",\"currency\":\"RUB\"}','2020-02-20 22:02:34'),('31e8f2fa68b80e82b3666da912','{\"language\":\"ru-ru\",\"currency\":\"RUB\"}','2020-09-21 14:45:19'),('31ee55e11eb27d743f9e4ffc27','{\"language\":\"ru-ru\",\"currency\":\"RUB\",\"redirect\":\"https:\\/\\/umolab.ru\\/shop\\/index.php?route=account\\/address\"}','2020-09-21 08:07:46'),('31ef7d6f98a8b02282cfc285d4','{\"language\":\"ru-ru\",\"currency\":\"RUB\"}','2020-07-09 07:17:31'),('31f1f8451cd130390ad4664066','{\"language\":\"ru-ru\",\"currency\":\"RUB\"}','2020-02-20 18:43:47'),('321c83675027d81524a9f99330','{\"language\":\"en-gb\",\"currency\":\"RUB\"}','2020-03-28 12:15:25'),('322e2fbe6cbe9bdcbdcc1e08d6','{\"language\":\"ru-ru\",\"currency\":\"RUB\"}','2020-03-08 08:32:50'),('3240e9b88521b7389aeb2dff6d','{\"language\":\"ru-ru\",\"currency\":\"RUB\"}','2020-02-19 02:48:04'),('32422427c3e7406225fd7bb9a3','{\"language\":\"ru-ru\",\"currency\":\"RUB\"}','2020-03-23 07:20:03'),('325a5de27797a6b5bd091dcd6e','{\"language\":\"ru-ru\",\"currency\":\"RUB\"}','2020-06-19 20:11:49'),('3264055c0bcaf9c7174f77604e','{\"language\":\"ru-ru\",\"currency\":\"RUB\"}','2020-02-20 05:11:03'),('327a6dc9a0feea1b65181a3a57','{\"language\":\"ru-ru\",\"currency\":\"RUB\"}','2020-09-02 13:35:27'),('328194851b122f3562ab6046d4','{\"language\":\"ru-ru\",\"currency\":\"RUB\"}','2020-06-06 08:22:47'),('328850684879c4b8a43a5058e8','{\"language\":\"ru-ru\",\"currency\":\"RUB\"}','2020-02-20 05:11:20'),('328ac87823aeeac3f672e1d6bb','{\"language\":\"ru-ru\",\"currency\":\"RUB\"}','2020-02-20 05:12:05'),('32939c0443ce6637c9162ffd02','{\"language\":\"ru-ru\",\"currency\":\"RUB\"}','2020-09-23 23:20:41'),('329ba40a299ef3da0b6f8f804e','{\"language\":\"ru-ru\",\"currency\":\"RUB\"}','2020-09-20 22:16:21'),('32a14c8ce3872637b36f8dcd6a','{\"language\":\"ru-ru\",\"currency\":\"RUB\"}','2020-04-07 01:13:54'),('32a2ffe0c65546ea0b42d1405c','{\"language\":\"ru-ru\",\"currency\":\"RUB\"}','2020-02-19 02:48:08'),('32b617e7912cc297fa47b199bd','{\"language\":\"ru-ru\",\"currency\":\"RUB\"}','2020-09-18 02:31:56'),('32c2caf83435dbd531ad99edcb','{\"language\":\"ru-ru\",\"currency\":\"RUB\"}','2020-08-31 20:53:23'),('32cf0ea64689ffe4df2229eaee','{\"language\":\"ru-ru\",\"currency\":\"RUB\"}','2020-03-10 06:37:34'),('32cf53a297cf4f966ec8589b83','{\"language\":\"ru-ru\",\"currency\":\"RUB\"}','2020-09-21 13:12:36'),('331664bf16878e1fdf314306bc','{\"language\":\"ru-ru\",\"currency\":\"RUB\"}','2020-09-04 11:58:10'),('331cfec1dc2bd08cc2ef1c7740','{\"language\":\"ru-ru\",\"currency\":\"RUB\"}','2020-02-26 04:43:33'),('333220c164b4b462b861f4798b','{\"language\":\"ru-ru\",\"currency\":\"RUB\"}','2020-09-18 15:28:12'),('335495cc878ee53d765008ada0','{\"language\":\"ru-ru\",\"currency\":\"RUB\"}','2020-09-20 14:38:52'),('33671a31aa32996d36f9cc3596','{\"language\":\"ru-ru\",\"currency\":\"RUB\"}','2020-02-19 02:51:38'),('33740b29aca3b85af7522dfd18','{\"language\":\"ru-ru\",\"currency\":\"RUB\"}','2020-02-20 19:31:06'),('3384b4381b3c031b1dfae44d61','{\"language\":\"ru-ru\",\"currency\":\"RUB\"}','2020-09-23 12:54:17'),('339e2726d7e103b81e49b569bc','{\"language\":\"ru-ru\",\"currency\":\"RUB\"}','2020-02-21 00:54:35'),('33aa807aca77d88fd792189c61','{\"language\":\"ru-ru\",\"currency\":\"RUB\"}','2020-02-19 02:35:06'),('33ab6d80d1a288da2b4a3988cd','{\"language\":\"ru-ru\",\"currency\":\"RUB\"}','2020-02-20 05:17:07'),('33b9d100d84455cb7e7e96e547','{\"language\":\"ru-ru\",\"currency\":\"RUB\"}','2020-02-26 19:44:23'),('33bc5015b4ea65dee008788ed4','{\"language\":\"ru-ru\",\"currency\":\"RUB\"}','2020-02-21 14:10:39'),('33c5106942f42c9947b023d2b6','{\"language\":\"ru-ru\",\"currency\":\"RUB\"}','2020-02-21 03:14:59'),('33e205d49502d7b13b7dc627ab','{\"language\":\"ru-ru\",\"currency\":\"RUB\"}','2020-02-20 05:18:54'),('33e3e9bf9e7bfd348651acc70a','{\"language\":\"ru-ru\",\"currency\":\"RUB\"}','2020-02-20 05:19:00'),('33e7f3812eebd6222d9c789ccd','{\"language\":\"ru-ru\",\"currency\":\"RUB\"}','2020-03-15 04:28:14'),('33eaaf6dd318df0dad5f50c9e6','{\"language\":\"ru-ru\",\"currency\":\"RUB\"}','2020-09-04 11:53:09'),('33f1b1e87ebdc8bf856f40dfdf','{\"language\":\"ru-ru\",\"currency\":\"RUB\"}','2020-02-20 05:09:10'),('341463c6d361fa4a667bafc3cd','{\"language\":\"ru-ru\",\"currency\":\"RUB\"}','2020-09-17 16:51:59'),('341b96e90f89b58e9a8ee67465','{\"language\":\"ru-ru\",\"currency\":\"RUB\",\"redirect\":\"https:\\/\\/umolab.ru\\/shop\\/index.php?route=account\\/newsletter\"}','2020-07-11 01:21:11'),('342898a78a96e1f080a04ada17','{\"language\":\"ru-ru\",\"currency\":\"RUB\"}','2020-02-19 02:36:44'),('342d62f9ff860c8c5b64d0c435','{\"language\":\"ru-ru\",\"currency\":\"RUB\"}','2020-09-24 18:50:04'),('344ca5daa02ed582e701ea9f37','{\"language\":\"ru-ru\",\"currency\":\"RUB\"}','2020-02-20 05:04:38'),('345189f035942e5451bf1b17d4','{\"language\":\"ru-ru\",\"currency\":\"RUB\"}','2020-09-17 00:30:05'),('345c17110e0282daf0488d7231','{\"language\":\"ru-ru\",\"currency\":\"RUB\"}','2020-02-20 11:29:33'),('3461f45ec925b2c72e0866da7e','{\"language\":\"ru-ru\",\"currency\":\"RUB\"}','2020-03-09 00:56:06'),('34658939218c2e0e06898bcf4a','{\"language\":\"ru-ru\",\"currency\":\"RUB\"}','2020-02-20 05:08:05'),('346b0409074256dbe3ad4d5e68','{\"language\":\"ru-ru\",\"currency\":\"RUB\"}','2020-09-15 00:42:39'),('34728c23157bd380c46d49c52c','{\"language\":\"ru-ru\",\"currency\":\"RUB\"}','2020-02-19 02:41:39'),('34861679a3cdc579b2020e69ef','{\"language\":\"ru-ru\",\"currency\":\"RUB\",\"redirect\":\"https:\\/\\/umolab.ru\\/shop\\/index.php?route=account\\/wishlist\"}','2020-07-15 05:38:32'),('34861fde79b2c01b17d6325971','{\"language\":\"ru-ru\",\"currency\":\"RUB\"}','2020-03-03 12:30:49'),('348ef0b6e3ca69acbcef6f029a','{\"language\":\"ru-ru\",\"currency\":\"RUB\"}','2020-06-21 03:57:24'),('349bb82076cb59f38094ed345e','{\"language\":\"ru-ru\",\"currency\":\"RUB\"}','2020-09-07 02:49:46'),('34a91bdc1beba93596d13a5e06','{\"language\":\"ru-ru\",\"currency\":\"RUB\"}','2020-02-21 18:04:40'),('34c75b2ce4eb953d6eaa7b40d1','{\"language\":\"ru-ru\",\"currency\":\"RUB\"}','2020-02-19 02:35:16'),('34cf049465d30002dfaf442d67','{\"language\":\"ru-ru\",\"currency\":\"RUB\"}','2020-03-06 03:26:32'),('34db16d7d934bec09f3a23e26c','{\"language\":\"ru-ru\",\"currency\":\"RUB\"}','2020-09-18 16:06:04'),('34f617b49c9e3f2ecbae916b39','{\"language\":\"ru-ru\",\"currency\":\"RUB\"}','2020-02-22 11:09:00'),('35312232772310204418b5fa53','{\"language\":\"ru-ru\",\"currency\":\"RUB\"}','2020-09-16 06:21:39'),('354678177fe6e9e41cba5c6008','{\"language\":\"ru-ru\",\"currency\":\"RUB\"}','2020-02-20 14:09:14'),('355461ed1652d0b2a04f717a53','{\"language\":\"ru-ru\",\"currency\":\"RUB\"}','2020-02-19 02:48:24'),('355e5c88e0c5457b37775fa511','{\"language\":\"ru-ru\",\"currency\":\"RUB\"}','2020-07-18 05:12:09'),('356446440ef796698619e27372','{\"language\":\"ru-ru\",\"currency\":\"RUB\"}','2020-09-23 01:54:10'),('35806efbf200762466327b0637','{\"language\":\"ru-ru\",\"currency\":\"RUB\",\"redirect\":\"https:\\/\\/umolab.ru\\/shop\\/index.php?route=account\\/account\"}','2020-08-18 22:49:11'),('359c63040ce3ac6e958b31e3bc','{\"language\":\"ru-ru\",\"currency\":\"RUB\"}','2020-09-14 23:01:10'),('35b0978c23cf832c644a564c91','{\"language\":\"ru-ru\",\"currency\":\"RUB\"}','2020-04-06 13:05:25'),('35b92b2d04412186a54b556714','{\"language\":\"ru-ru\",\"currency\":\"RUB\"}','2020-09-18 17:15:53'),('35b963d1113b3cd450f0bb15a8','{\"language\":\"ru-ru\",\"currency\":\"RUB\"}','2020-02-19 02:49:10'),('35ce48ba1cde9bb3cd8d798c9c','{\"language\":\"ru-ru\",\"currency\":\"RUB\"}','2020-05-08 06:46:22'),('35e48dd7ac7b42b099a3c77644','{\"language\":\"ru-ru\",\"currency\":\"RUB\",\"vouchers\":[]}','2020-09-01 07:55:19'),('35eb6a7a267f4b3328ecd4b558','{\"language\":\"ru-ru\",\"currency\":\"RUB\"}','2020-02-19 02:49:12'),('360378577e575755ef479f3eea','{\"language\":\"ru-ru\",\"currency\":\"RUB\"}','2020-02-20 12:35:36'),('36041e290b0695579a7cd3bc56','{\"language\":\"ru-ru\",\"currency\":\"RUB\"}','2020-02-19 02:38:34'),('360c5dbb5ca765f096e4b0e001','{\"language\":\"ru-ru\",\"currency\":\"RUB\"}','2020-08-13 18:27:14'),('360e530cee6344dc5555596b5c','{\"language\":\"ru-ru\",\"currency\":\"RUB\"}','2020-09-03 18:02:04'),('361d102f53f38ef3bbf3daddfc','{\"language\":\"ru-ru\",\"currency\":\"RUB\"}','2020-07-01 11:50:13'),('361f66320dbef86decb9911a37','{\"language\":\"ru-ru\",\"currency\":\"RUB\"}','2020-05-08 16:27:53'),('36232eec472716effe2dc33a86','{\"language\":\"ru-ru\",\"currency\":\"RUB\"}','2020-02-21 14:10:12'),('362407e7e2cfd7e52286b7fb38','{\"language\":\"ru-ru\",\"currency\":\"RUB\"}','2020-09-02 16:34:22'),('36341598cd4caa5105aa97bf6c','{\"language\":\"ru-ru\",\"currency\":\"RUB\"}','2020-03-03 01:15:52'),('365fe738b53d984df87845398e','{\"language\":\"ru-ru\",\"currency\":\"RUB\"}','2020-02-20 05:15:25'),('366a71d6d57ae99f07ad052713','{\"language\":\"ru-ru\",\"currency\":\"RUB\"}','2020-03-07 07:23:53'),('36714c51fb9163f3f238121b55','{\"language\":\"ru-ru\",\"currency\":\"RUB\"}','2020-08-27 16:37:59'),('36743d4cb000fac6a8b488b4fa','{\"language\":\"ru-ru\",\"currency\":\"RUB\"}','2020-02-27 02:48:53'),('367728cdcf707f847cb44dffc3','{\"language\":\"ru-ru\",\"currency\":\"RUB\"}','2020-02-20 05:11:44'),('3683c601ca2d21bb55e3636935','{\"language\":\"ru-ru\",\"currency\":\"RUB\"}','2020-03-30 02:36:13'),('3699c2a022f7baeeafdc09a593','{\"language\":\"ru-ru\",\"currency\":\"RUB\"}','2020-07-08 06:31:19'),('36b89f62ba80708bdb38e2f5f3','{\"language\":\"ru-ru\",\"currency\":\"RUB\"}','2020-02-19 02:38:03'),('36c1eac80f9e0b25ac6d3ec386','{\"language\":\"ru-ru\",\"currency\":\"RUB\"}','2020-09-17 15:36:31'),('36e34cc27705083f2bb8ef940f','{\"language\":\"ru-ru\",\"currency\":\"RUB\"}','2020-06-18 20:29:46'),('36eebecbbe84779b30410e1bd7','{\"language\":\"ru-ru\",\"currency\":\"RUB\"}','2020-02-20 15:16:53'),('36ef1a75cbc5e109ea015d5749','{\"language\":\"ru-ru\",\"currency\":\"RUB\"}','2020-02-19 02:49:33'),('36f31052630562b4ba8b4a1384','{\"language\":\"ru-ru\",\"currency\":\"RUB\"}','2020-02-19 02:38:42'),('370d1db8bee8789bb69f10d1a5','{\"language\":\"ru-ru\",\"currency\":\"RUB\"}','2020-02-20 05:11:06'),('372775714f40b780ef5f322bbc','{\"language\":\"ru-ru\",\"currency\":\"RUB\"}','2020-09-30 11:54:49'),('372abbf6b31e4c69b1369dd1f5','{\"language\":\"ru-ru\",\"currency\":\"RUB\"}','2020-02-22 11:04:00'),('373367a718df4845443b1f0e94','{\"language\":\"ru-ru\",\"currency\":\"RUB\"}','2020-05-24 05:09:21'),('37397b45798e3a965bf577cfd8','{\"language\":\"ru-ru\",\"currency\":\"RUB\",\"redirect\":\"https:\\/\\/umolab.ru\\/shop\\/index.php?route=account\\/address\"}','2020-08-30 02:28:49'),('375c05d9d898c4037589c2638d','{\"language\":\"ru-ru\",\"currency\":\"RUB\"}','2020-09-16 06:25:46'),('377411d3cebf9361ff64e5b4ab','{\"language\":\"ru-ru\",\"currency\":\"RUB\"}','2020-09-13 18:42:58'),('377a2ee05972cbbfb676caa287','{\"language\":\"ru-ru\",\"currency\":\"RUB\"}','2020-02-22 11:11:18'),('378ce7c752b559a25d92013b52','{\"language\":\"ru-ru\",\"currency\":\"RUB\"}','2020-02-20 13:24:04'),('37ca5c0cda64e932c20a9a2b86','{\"language\":\"ru-ru\",\"currency\":\"RUB\"}','2020-02-20 05:04:50'),('37d2ebddb4d26592bec4a19941','{\"language\":\"ru-ru\",\"currency\":\"RUB\"}','2020-07-08 07:34:05'),('37de41b2f6ad0eb9d86ec7c7fe','{\"language\":\"ru-ru\",\"currency\":\"RUB\"}','2020-02-20 05:11:28'),('37e55bbba45d65ba850a79d18d','{\"language\":\"en-gb\",\"currency\":\"RUB\"}','2020-07-09 11:02:25'),('37f4daab9717884891c43062a1','{\"language\":\"ru-ru\",\"currency\":\"RUB\"}','2020-02-19 02:38:56'),('380a9301708cfa0e4a0a3aba4f','{\"language\":\"ru-ru\",\"currency\":\"RUB\"}','2020-03-03 01:06:31'),('3815628c95562ea781eca812ea','{\"language\":\"ru-ru\",\"currency\":\"RUB\"}','2020-09-16 06:25:31'),('3832d5075deb24c810931588c5','{\"language\":\"ru-ru\",\"currency\":\"RUB\"}','2020-09-17 22:41:36'),('38424e5ed994e4ac1960d9f595','{\"language\":\"ru-ru\",\"currency\":\"RUB\"}','2020-09-18 13:53:32'),('3844648fb75d20f0309ece14a4','{\"language\":\"ru-ru\",\"currency\":\"RUB\"}','2020-03-15 04:29:08'),('3848296b7b247509e94a7bd9ba','{\"language\":\"ru-ru\",\"currency\":\"RUB\"}','2020-06-14 19:58:08'),('3849aa3bb2b3cca6a2b9580d4f','{\"language\":\"ru-ru\",\"currency\":\"RUB\",\"redirect\":\"https:\\/\\/umolab.ru\\/shop\\/index.php?route=account\\/order\"}','2020-10-01 03:23:53'),('386b9e2f156be4e2fb55424b90','{\"language\":\"ru-ru\",\"currency\":\"RUB\"}','2020-02-19 02:49:02'),('387cb7695368d827df269927a9','{\"language\":\"ru-ru\",\"currency\":\"RUB\"}','2020-09-24 18:51:22'),('38857d3f9c7e9fd9c2ad024e8a','{\"language\":\"ru-ru\",\"currency\":\"RUB\"}','2020-04-13 19:31:43'),('38be62260035243d4e4cc8cdf2','{\"language\":\"ru-ru\",\"currency\":\"RUB\"}','2020-09-23 23:49:05'),('38f17619b7acacdbde64afa10e','{\"language\":\"ru-ru\",\"currency\":\"RUB\"}','2020-09-16 16:26:26'),('38f52ffcc2381ec63df1ade32f','{\"language\":\"ru-ru\",\"currency\":\"RUB\"}','2020-02-19 02:51:13'),('391d6c2f990241062f9c4b2d27','{\"language\":\"ru-ru\",\"currency\":\"RUB\"}','2020-03-03 23:03:23'),('392c2147f7e6f802754051d44e','{\"language\":\"ru-ru\",\"currency\":\"RUB\"}','2020-09-24 21:38:28'),('392cbab9dabc4c4546cf3c9350','{\"language\":\"ru-ru\",\"currency\":\"RUB\"}','2020-02-21 14:20:05'),('3939bd0431d76fbbd6b2875458','{\"language\":\"ru-ru\",\"currency\":\"RUB\"}','2020-09-05 18:46:57'),('393c397ff0ef801a8d859330bf','{\"language\":\"ru-ru\",\"currency\":\"RUB\",\"vouchers\":[]}','2020-03-15 04:25:44'),('3944d8a70e8ddb6efb56ad34cc','{\"language\":\"ru-ru\",\"currency\":\"RUB\"}','2020-03-24 00:29:14'),('3951702f8002306ada9ad1d9b3','{\"language\":\"ru-ru\",\"currency\":\"RUB\"}','2020-02-20 05:15:34'),('3955b5403c95b3653d87532902','{\"language\":\"ru-ru\",\"currency\":\"RUB\"}','2020-08-22 13:02:45'),('397a094d9c059993c62dcd2ba2','{\"language\":\"ru-ru\",\"currency\":\"RUB\",\"compare\":[]}','2020-02-29 22:16:35'),('397acb86713a0a0f34b5334a90','{\"language\":\"ru-ru\",\"currency\":\"RUB\"}','2020-07-13 15:02:10'),('398973cbb73609ff691054f800','{\"language\":\"ru-ru\",\"currency\":\"RUB\"}','2020-02-19 02:40:34'),('398e460c3828ad39a7f8d23f8e','{\"language\":\"ru-ru\",\"currency\":\"RUB\"}','2020-02-19 02:49:46'),('398ed20c93556ae22daddcc37c','{\"language\":\"ru-ru\",\"currency\":\"RUB\"}','2020-02-22 11:09:45'),('39a7d7f44b2cd17a3be3562025','{\"language\":\"ru-ru\",\"currency\":\"RUB\",\"redirect\":\"https:\\/\\/umolab.ru\\/shop\\/index.php?route=account\\/newsletter\"}','2020-07-22 14:44:20'),('39b57f4940d4aae0c4180e6233','{\"language\":\"ru-ru\",\"currency\":\"RUB\"}','2020-09-23 17:40:20'),('39ebef012766598a12f6846d9f','{\"language\":\"ru-ru\",\"currency\":\"RUB\"}','2020-02-26 16:45:52'),('39fcc3e77cffb38f6b1ee889b5','{\"language\":\"ru-ru\",\"currency\":\"RUB\"}','2020-09-23 13:43:01'),('3a060cc44d00b453038754a5d8','{\"language\":\"ru-ru\",\"currency\":\"RUB\"}','2020-02-19 02:40:54'),('3a1449241056a739b8cc7bfcf2','{\"language\":\"ru-ru\",\"currency\":\"RUB\"}','2020-09-23 07:05:25'),('3a3a3b6a4f517c2b43763010cd','{\"language\":\"ru-ru\",\"currency\":\"RUB\"}','2020-05-15 11:19:15'),('3a42db9a85764ddd12f1ca1f25','{\"language\":\"ru-ru\",\"currency\":\"RUB\"}','2020-03-25 13:11:13'),('3a5ced46bcb8a193487beb018f','{\"language\":\"ru-ru\",\"currency\":\"RUB\"}','2020-02-19 02:46:04'),('3a8cc25c3afc515441f0509fbb','{\"language\":\"ru-ru\",\"currency\":\"RUB\"}','2020-02-20 22:32:30'),('3a9609ab0f06bb6e91543023e2','{\"language\":\"ru-ru\",\"currency\":\"RUB\"}','2020-09-17 21:00:36'),('3aa44b4d672db30ca379a67ea1','{\"language\":\"ru-ru\",\"currency\":\"RUB\"}','2020-09-17 18:19:40'),('3aac56fa92a9a645a05a693843','{\"language\":\"ru-ru\",\"currency\":\"RUB\"}','2020-09-20 23:33:24'),('3ab3340ed5e59957b40d70b073','{\"language\":\"ru-ru\",\"currency\":\"RUB\",\"vouchers\":[]}','2020-09-17 02:16:36'),('3ad6a63f2da2965f26616ecce9','{\"language\":\"ru-ru\",\"currency\":\"RUB\"}','2020-02-20 07:24:22'),('3af84a39ea5263393acb54d2af','{\"language\":\"ru-ru\",\"currency\":\"RUB\"}','2020-08-11 04:07:11'),('3b16e771973173443b978b2012','{\"language\":\"ru-ru\",\"currency\":\"RUB\"}','2020-02-20 15:06:02'),('3b19f8a5f15ae2ce4b6e90ac48','{\"language\":\"ru-ru\",\"currency\":\"RUB\"}','2020-02-21 01:21:22'),('3b22a320e8d64ac7bacb26c0b3','{\"language\":\"ru-ru\",\"currency\":\"RUB\"}','2020-02-19 02:41:10'),('3b4a7b2dca48d9a56b9b937253','{\"language\":\"ru-ru\",\"currency\":\"RUB\"}','2020-09-20 23:33:20'),('3b4e8b3d4c33dfd04e34582c21','{\"language\":\"ru-ru\",\"currency\":\"RUB\"}','2020-07-18 05:08:17'),('3b4fc57a3f4c566d779a3e4c85','{\"language\":\"ru-ru\",\"currency\":\"RUB\"}','2020-02-20 21:06:51'),('3b615243412ce5815deac0f640','{\"language\":\"ru-ru\",\"currency\":\"RUB\"}','2020-02-19 02:49:42'),('3b6336a6e9bc5709b32b4987eb','{\"language\":\"ru-ru\",\"currency\":\"RUB\"}','2020-02-20 05:22:33'),('3b65cac0feaa2fa0e8e669daa8','{\"language\":\"ru-ru\",\"currency\":\"RUB\"}','2020-03-09 19:00:01'),('3b662a65af6a3123e78bb3c49a','{\"language\":\"ru-ru\",\"currency\":\"RUB\"}','2020-03-13 01:59:15'),('3b6ec62af21a557e726758c101','{\"language\":\"ru-ru\",\"currency\":\"RUB\"}','2020-02-21 14:11:48'),('3b701b77c60cf441e8ff5da606','{\"language\":\"ru-ru\",\"currency\":\"RUB\"}','2020-02-19 02:48:09'),('3b73458d09aa8cf495fbc0c9f0','{\"language\":\"ru-ru\",\"currency\":\"RUB\"}','2020-03-04 16:51:01'),('3b7f16ae45477701c7ebc3819a','{\"language\":\"ru-ru\",\"currency\":\"RUB\"}','2020-02-19 02:40:58'),('3b9f69aca185350b3d82ef0bf9','{\"language\":\"ru-ru\",\"currency\":\"RUB\"}','2020-02-20 05:21:49'),('3bbd7212ae2cca9a9693f03f6e','{\"language\":\"ru-ru\",\"currency\":\"RUB\"}','2020-02-20 05:11:40'),('3bc80b082d2de26f59e7133ba4','{\"language\":\"ru-ru\",\"currency\":\"RUB\"}','2020-03-10 06:37:36'),('3bca35f513a9e0276ceb59df23','{\"language\":\"en-gb\",\"currency\":\"RUB\"}','2020-03-28 12:15:31'),('3be83a5b597697a52656da2852','{\"language\":\"ru-ru\",\"currency\":\"RUB\"}','2020-09-23 09:46:21'),('3bf07fd62a64142beee42f795f','{\"language\":\"ru-ru\",\"currency\":\"RUB\"}','2020-02-20 05:08:29'),('3c0290ce1d2abd781c3ec50565','{\"language\":\"ru-ru\",\"currency\":\"RUB\"}','2020-07-31 14:10:29'),('3c1bce4c203fb1ea02ad5cdfce','{\"language\":\"ru-ru\",\"currency\":\"RUB\"}','2020-02-16 16:40:16'),('3c2af1ce2f9fc8ac8ad3443df8','{\"language\":\"ru-ru\",\"currency\":\"RUB\"}','2020-09-01 04:21:53'),('3c37668c4bda60b91640bea5af','{\"language\":\"ru-ru\",\"currency\":\"RUB\"}','2020-03-02 06:51:13'),('3c45b3890503735724aab0ed46','{\"language\":\"ru-ru\",\"currency\":\"RUB\"}','2020-02-20 11:49:55'),('3c4d9603aec2b9498882a13090','{\"language\":\"ru-ru\",\"currency\":\"RUB\"}','2020-05-08 20:27:47'),('3c5ba795b7bd4b76093f906347','{\"language\":\"ru-ru\",\"currency\":\"RUB\"}','2020-02-22 11:17:53'),('3c74d93e869b4daa0fad2a93e6','{\"language\":\"ru-ru\",\"currency\":\"RUB\"}','2020-08-04 01:27:43'),('3c7c1e24198018a5a4ca5eb57f','{\"language\":\"ru-ru\",\"currency\":\"RUB\"}','2020-09-18 00:47:53'),('3c9c3093dc2b6253938b89754f','{\"language\":\"ru-ru\",\"currency\":\"RUB\"}','2020-08-10 07:31:08'),('3ca54452bde8111440061d5f23','{\"language\":\"ru-ru\",\"currency\":\"RUB\"}','2020-09-23 14:11:25'),('3cbe5c0eb7708fd552cc511a0d','{\"language\":\"ru-ru\",\"currency\":\"RUB\"}','2020-02-19 02:51:56'),('3cd07e1d4d317a9b2c16a216db','{\"language\":\"ru-ru\",\"currency\":\"RUB\"}','2020-09-22 11:12:37'),('3cd45bb42034fde7a217f3f8da','{\"language\":\"ru-ru\",\"currency\":\"RUB\"}','2020-06-14 16:10:19'),('3cd91eadc4616b21d7e74fdd3d','{\"language\":\"ru-ru\",\"currency\":\"RUB\"}','2020-04-04 02:48:50'),('3d05e419a602e7b145079465ad','{\"language\":\"ru-ru\",\"currency\":\"RUB\"}','2020-07-12 01:25:19'),('3d0c71a3d0767710ca769317f0','{\"language\":\"ru-ru\",\"currency\":\"RUB\"}','2020-05-15 11:21:02'),('3d1f756b82f5cb9127b1a09a97','{\"language\":\"ru-ru\",\"currency\":\"RUB\"}','2020-02-19 02:38:29'),('3d2126cd22a9a7385d2bc04a78','{\"language\":\"ru-ru\",\"currency\":\"RUB\"}','2020-02-22 11:12:13'),('3d222e87b5531fd8c92663a081','{\"language\":\"ru-ru\",\"currency\":\"RUB\"}','2020-09-03 15:28:52'),('3d2a48aed055c3a1f0a80b642f','{\"language\":\"ru-ru\",\"currency\":\"RUB\"}','2020-02-20 07:50:34'),('3d3206c57b98070d2a005aef88','{\"language\":\"ru-ru\",\"currency\":\"RUB\"}','2020-09-21 04:22:28'),('3d6ac1468e4592d5fee7733aa4','{\"language\":\"ru-ru\",\"currency\":\"RUB\"}','2020-09-20 23:32:14'),('3d7bec17c040e0f87459212dbd','{\"language\":\"ru-ru\",\"currency\":\"RUB\"}','2020-09-29 15:47:17'),('3d87f433ba0e061ec0be0c2837','{\"language\":\"ru-ru\",\"currency\":\"RUB\"}','2020-09-22 17:31:17'),('3d91672f0b903139f801aaf534','{\"language\":\"ru-ru\",\"currency\":\"RUB\"}','2020-02-20 06:06:26'),('3d9ae466057e17a06da556ff59','{\"language\":\"ru-ru\",\"currency\":\"RUB\"}','2020-02-19 02:48:32'),('3daa35be39e0d802561aba8988','{\"language\":\"ru-ru\",\"currency\":\"RUB\"}','2020-02-21 02:46:35'),('3dac42cc381206d7e5a8d0c241','{\"language\":\"ru-ru\",\"currency\":\"RUB\"}','2020-07-15 05:38:22'),('3db46a8bea09786409ca267cb5','{\"language\":\"ru-ru\",\"currency\":\"RUB\"}','2020-04-02 13:26:43'),('3dbfa026d845afdb8ab2215091','{\"language\":\"ru-ru\",\"currency\":\"RUB\"}','2020-02-19 02:39:28'),('3dd2cee3f202fdd0ec69044553','{\"language\":\"ru-ru\",\"currency\":\"RUB\"}','2020-02-20 18:26:00'),('3ddf1b5abb8777b378ecdcaae0','{\"language\":\"ru-ru\",\"currency\":\"RUB\"}','2020-02-20 05:13:32'),('3de4d8ad8e9c534ee28d23197c','{\"language\":\"ru-ru\",\"currency\":\"RUB\"}','2020-02-20 06:44:18'),('3df5188b7a629d6a3ec576f1bb','{\"language\":\"ru-ru\",\"currency\":\"RUB\"}','2020-02-20 08:53:56'),('3df67e4fc251390ed4055c5c3b','{\"language\":\"ru-ru\",\"currency\":\"RUB\"}','2020-04-13 18:17:15'),('3e02080fb324a54e765c918882','{\"language\":\"ru-ru\",\"currency\":\"RUB\",\"redirect\":\"https:\\/\\/umolab.ru\\/shop\\/index.php?route=account\\/password\"}','2020-09-02 15:45:32'),('3e05a2f396ba35143b47c0ffc5','{\"language\":\"ru-ru\",\"currency\":\"RUB\"}','2020-09-18 12:37:48'),('3e083d94d292f8983738914a1d','{\"language\":\"ru-ru\",\"currency\":\"RUB\"}','2020-02-19 02:33:22'),('3e2ff9f84d077f724e6bf52571','{\"language\":\"ru-ru\",\"currency\":\"RUB\"}','2020-05-30 09:58:20'),('3e31528d20ddcb4eb2cc77994e','{\"language\":\"ru-ru\",\"currency\":\"RUB\"}','2020-02-20 05:16:26'),('3e49236cfee572af8a1e68cbc1','{\"language\":\"ru-ru\",\"currency\":\"RUB\"}','2020-09-16 06:19:56'),('3e642f6ba26dc8cb7c48b0bcce','{\"language\":\"ru-ru\",\"currency\":\"RUB\"}','2020-02-21 14:11:05'),('3e73af28993ec16ad861d1b8df','{\"language\":\"ru-ru\",\"currency\":\"RUB\"}','2020-02-27 02:57:47'),('3e829eb72bc03693eeb0601d51','{\"language\":\"ru-ru\",\"currency\":\"RUB\"}','2020-04-06 08:30:33'),('3e8701bee6e9b8108911b994b0','{\"language\":\"ru-ru\",\"currency\":\"RUB\"}','2020-09-02 12:32:29'),('3eb5ee5e3f57c74355cb7340d0','{\"language\":\"ru-ru\",\"currency\":\"RUB\"}','2020-09-18 19:37:37'),('3ec0f3296d6d019b95baca32dc','{\"language\":\"ru-ru\",\"currency\":\"RUB\"}','2020-02-19 02:50:36'),('3eee2e7d6712ba4db821d2ab1a','{\"language\":\"ru-ru\",\"currency\":\"RUB\"}','2020-02-20 05:11:32'),('3efc699efb7cfb93a7499bcdeb','{\"language\":\"ru-ru\",\"currency\":\"RUB\"}','2020-09-07 01:14:33'),('3f06396d3ab751544abbba9b88','{\"language\":\"ru-ru\",\"currency\":\"RUB\"}','2020-09-23 18:38:47'),('3f199b4bf28ef2242d1735cdcf','{\"language\":\"ru-ru\",\"currency\":\"RUB\"}','2020-08-26 12:58:09'),('3f2708c5454ca4dfd951425330','{\"language\":\"ru-ru\",\"currency\":\"RUB\"}','2020-06-12 16:13:39'),('3f28ed3f1e7c986e0823736fcf','{\"language\":\"ru-ru\",\"currency\":\"RUB\"}','2020-02-20 05:13:39'),('3f35a59ec79821ef74e0cc60cd','{\"language\":\"ru-ru\",\"currency\":\"RUB\"}','2020-09-18 00:11:32'),('3f4017c29e26551d2ea0231b5f','{\"language\":\"ru-ru\",\"currency\":\"RUB\"}','2020-09-04 12:19:40'),('3f436299b1195b951bc1bb9c30','{\"language\":\"ru-ru\",\"currency\":\"RUB\"}','2020-02-19 02:47:09'),('3f43c297ee41c5324bc40e6cd4','{\"language\":\"ru-ru\",\"currency\":\"RUB\",\"redirect\":\"https:\\/\\/umolab.ru\\/shop\\/index.php?route=account\\/order\"}','2020-07-15 05:38:42'),('3f5f61d71746edda0ed5d41182','{\"language\":\"ru-ru\",\"currency\":\"RUB\"}','2020-05-22 04:53:56'),('3f689595b7831d00801b15df3a','{\"language\":\"ru-ru\",\"currency\":\"RUB\"}','2020-02-21 17:35:52'),('3f73455e5fcc9e3d5a875a3d5e','{\"language\":\"ru-ru\",\"currency\":\"RUB\"}','2020-07-16 08:21:52'),('3f85ff174407df3efbda6f8d50','{\"language\":\"ru-ru\",\"currency\":\"RUB\"}','2020-02-20 19:42:58'),('3f973fb1410428926d0f1d3025','{\"language\":\"ru-ru\",\"currency\":\"RUB\"}','2020-07-18 05:11:02'),('3f9d7c44db0fe3ed626d58055c','{\"language\":\"ru-ru\",\"currency\":\"RUB\"}','2020-02-26 19:08:04'),('3fbdeb80712916452c3f82abc9','{\"language\":\"ru-ru\",\"currency\":\"RUB\"}','2020-09-24 08:48:41'),('3fd4a5a484c20fb2fd1099df9b','{\"language\":\"ru-ru\",\"currency\":\"RUB\"}','2020-09-18 14:40:52'),('3fddac1254cbdc504909a14529','{\"language\":\"ru-ru\",\"currency\":\"RUB\"}','2020-02-21 14:29:38'),('3fe22717dd1066463ad422f03e','{\"language\":\"ru-ru\",\"currency\":\"RUB\"}','2020-02-19 02:34:03'),('3fe48510e445d3969683235b95','{\"language\":\"ru-ru\",\"currency\":\"RUB\"}','2020-02-19 02:50:24'),('3fe6fdb5d04f1fe69814fa33df','{\"language\":\"ru-ru\",\"currency\":\"RUB\"}','2020-04-27 14:17:07'),('3febb949655089b0aeea3aac23','{\"language\":\"ru-ru\",\"currency\":\"RUB\"}','2020-09-22 07:25:25'),('3ffcdfb16b337d6f1996e8e1cd','{\"language\":\"ru-ru\",\"currency\":\"RUB\"}','2020-02-19 02:37:01'),('400563043287523c073c439985','{\"language\":\"ru-ru\",\"currency\":\"RUB\"}','2020-05-30 06:21:09'),('402109f91472b0a71d38c8d3b5','{\"language\":\"ru-ru\",\"currency\":\"RUB\"}','2020-09-20 18:54:27'),('4025c6a6b86b228099b4fb5cc0','{\"language\":\"ru-ru\",\"currency\":\"RUB\"}','2020-02-21 17:28:40'),('4035b71091c8db02df306eef13','{\"language\":\"ru-ru\",\"currency\":\"RUB\"}','2020-09-21 19:31:16'),('404738382561b6ef8da54e3cf9','{\"language\":\"ru-ru\",\"currency\":\"RUB\"}','2020-09-21 09:15:56'),('404a45e28c00b45ada9ead4b12','{\"language\":\"ru-ru\",\"currency\":\"RUB\"}','2020-07-15 05:38:32'),('405efb0bccf21d81f20420e7e4','{\"language\":\"ru-ru\",\"currency\":\"RUB\"}','2020-02-21 00:43:31'),('4064f0010f253677dd5eab1f2d','{\"language\":\"ru-ru\",\"currency\":\"RUB\"}','2020-09-04 04:43:34'),('406d701ec1d8dfd1f486f3583d','{\"language\":\"ru-ru\",\"currency\":\"RUB\"}','2020-02-26 16:48:05'),('40a1cf477ba6b0c0230f45c953','{\"language\":\"ru-ru\",\"currency\":\"RUB\"}','2020-09-02 12:03:39'),('40a5109568a67af3872186858b','{\"language\":\"ru-ru\",\"currency\":\"RUB\"}','2020-09-22 14:18:26'),('40a733f7798ec23313e70467a7','{\"language\":\"ru-ru\",\"currency\":\"RUB\"}','2020-02-19 02:50:29'),('40afafe51a2dc152e40b7ece62','{\"language\":\"ru-ru\",\"currency\":\"RUB\"}','2020-02-20 05:17:52'),('40c6899525aad43d493c68d2db','{\"language\":\"ru-ru\",\"currency\":\"RUB\"}','2020-05-24 11:38:00'),('40e6ba76acb764d91af2cd4886','{\"language\":\"ru-ru\",\"currency\":\"RUB\"}','2020-09-20 17:38:44'),('40ec63580a8cbcbb24d608a2ae','{\"language\":\"ru-ru\",\"currency\":\"RUB\"}','2020-09-20 21:07:00'),('40f92e31f23eddd60f49a81c01','{\"language\":\"ru-ru\",\"currency\":\"RUB\",\"redirect\":\"https:\\/\\/umolab.ru\\/shop\\/index.php?route=account\\/account\"}','2020-09-19 17:14:11'),('40fdc8748a971feeaaaee3d201','{\"language\":\"ru-ru\",\"currency\":\"RUB\"}','2020-08-03 21:48:37'),('411352658cd09132e21e5a660a','{\"language\":\"ru-ru\",\"currency\":\"RUB\"}','2020-02-21 14:13:00'),('4115f6171a85a937cdd82e9853','{\"language\":\"ru-ru\",\"currency\":\"RUB\"}','2020-06-24 16:59:10'),('412537e83ebe1b534e14803d57','{\"language\":\"ru-ru\",\"currency\":\"RUB\"}','2020-03-25 19:22:16'),('412812f055606a7236233e6948','{\"language\":\"ru-ru\",\"currency\":\"RUB\"}','2020-09-15 00:11:06'),('4144bd1a1d3085b738b2fbcd63','{\"language\":\"ru-ru\",\"currency\":\"RUB\"}','2020-08-07 17:30:14'),('41468b67f100f2d727708d8048','{\"language\":\"ru-ru\",\"currency\":\"RUB\"}','2020-02-20 05:16:39'),('41701fbcfaac631313420e30da','{\"language\":\"ru-ru\",\"currency\":\"RUB\"}','2020-09-24 02:39:29'),('418ebf24a0da462f4175f6541f','{\"language\":\"ru-ru\",\"currency\":\"RUB\"}','2020-07-18 05:04:57'),('41a48ca55d7f07e9258eed2e3b','{\"language\":\"ru-ru\",\"currency\":\"RUB\"}','2020-02-19 02:44:52'),('41a8680d0517777a50000af7a6','{\"language\":\"ru-ru\",\"currency\":\"RUB\"}','2020-02-20 21:24:43'),('41b75caf4b308b21cec866d83d','{\"language\":\"ru-ru\",\"currency\":\"RUB\"}','2020-09-20 16:04:04'),('41c676b1bf9a00bfdab34e3955','{\"language\":\"ru-ru\",\"currency\":\"RUB\"}','2020-04-26 06:04:25'),('41edb27b9acd354d776fc92221','{\"language\":\"ru-ru\",\"currency\":\"RUB\"}','2020-07-23 16:28:52'),('421575982312305e606c503cff','{\"language\":\"ru-ru\",\"currency\":\"RUB\"}','2020-09-18 00:38:20'),('423b1adb193c8915535757823a','{\"language\":\"ru-ru\",\"currency\":\"RUB\"}','2020-09-16 06:26:02'),('424ed98f5f82eaedb2f6a5cb50','{\"language\":\"ru-ru\",\"currency\":\"RUB\"}','2020-02-17 17:10:30'),('429c9c0fd9ae9ec26a6d763c1a','{\"language\":\"ru-ru\",\"currency\":\"RUB\"}','2020-09-02 20:13:21'),('42bdcfc7ea9d963dfc12838e86','{\"language\":\"ru-ru\",\"currency\":\"RUB\"}','2020-04-15 10:01:27'),('42d7d0cd947608d43bcf90be2f','{\"language\":\"ru-ru\",\"currency\":\"RUB\"}','2020-09-18 16:09:20'),('42e7c6f9c667e853e353c61db5','{\"language\":\"ru-ru\",\"currency\":\"RUB\"}','2020-09-02 22:22:25'),('42f76522f962da8b39bd9f629f','{\"language\":\"ru-ru\",\"currency\":\"RUB\"}','2020-02-07 14:59:39'),('4308843c3551ed882e6930b17a','{\"language\":\"ru-ru\",\"currency\":\"RUB\"}','2020-09-20 13:15:28'),('43089f36fe4480ab2a25313520','{\"language\":\"ru-ru\",\"currency\":\"RUB\"}','2020-04-12 10:17:38'),('430a16c57c25939a94d4fba684','{\"language\":\"ru-ru\",\"currency\":\"RUB\"}','2020-04-11 19:11:19'),('431385a014619c2eb5c6d69089','{\"language\":\"ru-ru\",\"currency\":\"RUB\"}','2020-07-09 10:14:13'),('4313d408da551c3615ecc4d2a9','{\"language\":\"ru-ru\",\"currency\":\"RUB\",\"compare\":[]}','2020-04-04 05:04:19'),('4316312842f59fe43b45d87b65','{\"language\":\"ru-ru\",\"currency\":\"RUB\"}','2020-07-29 03:33:43'),('431c94a08ab5a783415962829c','{\"language\":\"ru-ru\",\"currency\":\"RUB\"}','2020-09-02 12:03:36'),('43210752297834bc3018dc2f75','{\"language\":\"ru-ru\",\"currency\":\"RUB\"}','2020-03-25 10:59:48'),('43323dbf0c767c4644af2beb00','{\"language\":\"ru-ru\",\"currency\":\"RUB\"}','2020-02-21 14:15:30'),('433ea16380414e649ab86fedff','{\"language\":\"ru-ru\",\"currency\":\"RUB\"}','2020-02-21 02:18:11'),('4350cf9d53ea645277b2b18ce8','{\"language\":\"ru-ru\",\"currency\":\"RUB\"}','2020-09-02 14:30:15'),('435ff8500ef8138848bc44562f','{\"language\":\"ru-ru\",\"currency\":\"RUB\"}','2020-06-20 03:51:55'),('4393ddb45eafd507a658092bf3','{\"language\":\"ru-ru\",\"currency\":\"RUB\"}','2020-05-04 01:58:11'),('43951ea69496c0db6c985456b6','{\"language\":\"ru-ru\",\"currency\":\"RUB\"}','2020-07-12 21:47:47'),('439c6e38665e8d5c597e596efd','{\"language\":\"ru-ru\",\"currency\":\"RUB\",\"redirect\":\"https:\\/\\/umolab.ru\\/shop\\/index.php?route=account\\/newsletter\"}','2020-05-21 14:51:07'),('43a728e56c01d66523f7cecfd8','{\"language\":\"ru-ru\",\"currency\":\"RUB\"}','2020-08-09 23:33:33'),('43b6804be601ab869ab3c89de6','{\"language\":\"ru-ru\",\"currency\":\"RUB\"}','2020-07-08 02:53:40'),('43c02fcdbc0b7b2b51ea00fe07','{\"language\":\"ru-ru\",\"currency\":\"RUB\"}','2020-09-06 21:32:21'),('43d26c143300cc976e76b36089','{\"language\":\"ru-ru\",\"currency\":\"RUB\"}','2020-02-19 02:36:41'),('43db0567f92fc56f9368125a4e','{\"language\":\"ru-ru\",\"currency\":\"RUB\"}','2020-03-11 04:51:22'),('43e13acd7a0d0dc964e8edda1d','{\"language\":\"ru-ru\",\"currency\":\"RUB\",\"redirect\":\"https:\\/\\/umolab.ru\\/shop\\/index.php?route=account\\/order\"}','2020-07-30 01:50:50'),('43fc8c3c2adc0672836c48880e','{\"language\":\"ru-ru\",\"currency\":\"RUB\"}','2020-02-20 17:09:06'),('43ff516d0c2e7614d10a2ea164','{\"language\":\"ru-ru\",\"currency\":\"RUB\"}','2020-02-21 14:22:50'),('441457d73144ea79d86cc4aff6','{\"language\":\"ru-ru\",\"currency\":\"RUB\"}','2020-09-15 01:26:50'),('443d4c734222ddb2882cb363e5','{\"language\":\"ru-ru\",\"currency\":\"RUB\"}','2020-05-21 22:57:22'),('44404c3237522b93344aa09a64','{\"language\":\"ru-ru\",\"currency\":\"RUB\"}','2020-09-15 05:28:17'),('4448920c63196c435c77881d9d','{\"language\":\"ru-ru\",\"currency\":\"RUB\"}','2020-02-19 02:39:05'),('4450cc3e8ac8e952d9f66673b6','{\"language\":\"ru-ru\",\"currency\":\"RUB\"}','2020-08-03 20:10:11'),('447b2bd4478c88c91e5a3f5c80','{\"language\":\"ru-ru\",\"currency\":\"RUB\"}','2020-09-20 23:57:24'),('449862881a8c20f173ac6193d8','{\"language\":\"ru-ru\",\"currency\":\"RUB\"}','2020-06-05 16:52:03'),('449f09a1b7046a0564ffe573aa','{\"language\":\"ru-ru\",\"currency\":\"RUB\"}','2020-02-20 05:12:24'),('44c1d98337c0e562bb52529b9a','{\"language\":\"ru-ru\",\"currency\":\"RUB\"}','2020-02-19 02:32:50'),('44c35fdbb789bf9933dbce4eb7','{\"language\":\"ru-ru\",\"currency\":\"RUB\"}','2020-02-20 20:27:55'),('44c3ad40702fb044cda4944c06','{\"language\":\"ru-ru\",\"currency\":\"RUB\"}','2020-02-20 06:49:45'),('44d725c6c14970190a0effc5e1','{\"language\":\"ru-ru\",\"currency\":\"RUB\"}','2020-09-02 18:19:24'),('45116ac4baeb3a904463e0a0fd','{\"language\":\"ru-ru\",\"currency\":\"RUB\"}','2020-02-19 02:32:15'),('451d66828ec60ad51f5099a471','{\"language\":\"ru-ru\",\"currency\":\"RUB\"}','2020-09-15 02:22:18'),('4526c15cd39d5c48bef0999f57','{\"language\":\"ru-ru\",\"currency\":\"RUB\"}','2020-02-21 14:09:52'),('452d332dffd4daed45e7cfd53c','{\"language\":\"ru-ru\",\"currency\":\"RUB\"}','2020-09-19 16:42:59'),('4537ad0d73c7b0cb2c964a0851','{\"language\":\"ru-ru\",\"currency\":\"RUB\"}','2020-09-24 06:45:47'),('4540e7c2dd9519c14c10a7fb4e','{\"language\":\"ru-ru\",\"currency\":\"RUB\"}','2020-07-04 07:06:27'),('45450119b94767ff9eec43204e','{\"language\":\"ru-ru\",\"currency\":\"RUB\"}','2020-07-15 05:39:04'),('4548c6bb9c8e0348fd42543df7','{\"language\":\"ru-ru\",\"currency\":\"RUB\"}','2020-03-04 21:50:55'),('45667cc52c35284aead917590c','{\"language\":\"ru-ru\",\"currency\":\"RUB\"}','2020-07-24 13:39:42'),('4569c1d38caf18fc5cff1abdbc','{\"language\":\"ru-ru\",\"currency\":\"RUB\"}','2020-02-21 14:22:41'),('456ea821c96f172dec4d53f527','{\"language\":\"ru-ru\",\"currency\":\"RUB\"}','2020-03-15 07:53:37'),('4574b503722d02e08b6fe62c2f','{\"language\":\"ru-ru\",\"currency\":\"RUB\"}','2020-07-18 05:04:47'),('458eb7bb29181819e40654ee80','{\"language\":\"ru-ru\",\"currency\":\"RUB\"}','2020-09-29 09:22:51'),('45989372e9efd08fec651db08b','{\"language\":\"ru-ru\",\"currency\":\"RUB\"}','2020-02-19 02:44:55'),('45aa4bd3a3afcec6706cbdf81f','{\"language\":\"ru-ru\",\"currency\":\"RUB\"}','2020-06-24 03:04:58'),('45b4c081525e2255be4e70bdcb','{\"language\":\"ru-ru\",\"currency\":\"RUB\"}','2020-02-21 14:10:07'),('45b6642643bf3e726ec7daf50d','{\"language\":\"ru-ru\",\"currency\":\"RUB\"}','2020-05-30 19:28:07'),('45c458cd83b28ffb8307b86697','{\"language\":\"ru-ru\",\"currency\":\"RUB\"}','2020-09-24 19:32:44'),('45c8cb12299382ff2225253eeb','{\"language\":\"ru-ru\",\"currency\":\"RUB\"}','2020-09-16 06:32:58'),('45ccddf85bfe242328fb5183d7','{\"language\":\"ru-ru\",\"currency\":\"RUB\"}','2020-04-19 20:02:33'),('45cdfa053d9b8882c93f03aceb','{\"language\":\"ru-ru\",\"currency\":\"RUB\"}','2020-07-30 01:50:47'),('45ded74436dc39a26ca7c1d0bb','{\"language\":\"ru-ru\",\"currency\":\"RUB\"}','2020-02-19 02:49:26'),('45e0f1aac15d8557504aab7d8c','{\"language\":\"ru-ru\",\"currency\":\"RUB\"}','2020-03-05 17:48:57'),('46017c9559ab9a71f9faa06ea5','{\"language\":\"ru-ru\",\"currency\":\"RUB\"}','2020-02-19 02:50:37'),('4642f0ab2c8967d771570d7ce7','{\"language\":\"ru-ru\",\"currency\":\"RUB\"}','2020-02-19 02:36:26'),('4645cc717071f2fa262a801464','{\"language\":\"ru-ru\",\"currency\":\"RUB\"}','2020-02-19 02:39:04'),('4650d4412292ca4cd936fced02','{\"language\":\"ru-ru\",\"currency\":\"RUB\"}','2020-02-20 17:46:59'),('465e0a45b924ac29e596435a9f','{\"language\":\"ru-ru\",\"currency\":\"RUB\"}','2020-07-10 04:14:50'),('468e26b8acf218cb90425ee9a3','{\"language\":\"ru-ru\",\"currency\":\"RUB\"}','2020-09-16 06:26:31'),('4699e5d0962247fe22862a1729','{\"language\":\"ru-ru\",\"currency\":\"RUB\"}','2020-03-09 18:54:12'),('469d5622163647edf800d19771','{\"language\":\"ru-ru\",\"currency\":\"RUB\"}','2020-09-16 06:22:15'),('46a05bed7b1d4a0068f06c9f95','{\"language\":\"ru-ru\",\"currency\":\"RUB\"}','2020-04-05 20:42:42'),('46d7f9e4fb0ab23d0deea69e5f','{\"language\":\"ru-ru\",\"currency\":\"RUB\"}','2020-09-16 06:21:59'),('46e0e66d480721f9476973b8e3','{\"language\":\"ru-ru\",\"currency\":\"RUB\"}','2020-09-24 05:10:57'),('46ebac08234de002e4bd802d7b','{\"language\":\"ru-ru\",\"currency\":\"RUB\"}','2020-03-15 04:26:32'),('46ef4e6f5ec3e33c5d50dd8557','{\"language\":\"ru-ru\",\"currency\":\"RUB\"}','2020-09-16 04:13:41'),('470d6fe1e6418fd3b21773264a','{\"language\":\"ru-ru\",\"currency\":\"RUB\"}','2020-02-20 05:09:33'),('4716a5b4120a9ae86982a8d612','{\"language\":\"ru-ru\",\"currency\":\"RUB\"}','2020-02-19 02:47:52'),('471a69ae7df364086aba02eb29','{\"language\":\"ru-ru\",\"currency\":\"RUB\"}','2020-04-19 19:17:55'),('47208bf77733bf31ef0c231550','{\"language\":\"ru-ru\",\"currency\":\"RUB\"}','2020-06-16 10:37:43'),('472348bb0e650670f7e6a264dc','{\"language\":\"ru-ru\",\"currency\":\"RUB\"}','2020-02-20 07:57:00'),('4727154e781fbd4fbc47f6e685','{\"language\":\"ru-ru\",\"currency\":\"RUB\"}','2020-02-20 05:18:33'),('47451589bf4b9ce19c499569a7','{\"language\":\"ru-ru\",\"currency\":\"RUB\"}','2020-09-17 22:06:51'),('4747f88d79bcb2e1363b9b7a90','{\"language\":\"ru-ru\",\"currency\":\"RUB\"}','2020-08-22 14:43:24'),('47482598b9435192e4567dee8a','{\"language\":\"ru-ru\",\"currency\":\"RUB\"}','2020-02-20 08:09:30'),('475b76cc1aa403050bb28ac319','{\"language\":\"ru-ru\",\"currency\":\"RUB\"}','2020-06-07 18:38:54'),('476a23a2fb993290e242cffcb3','{\"language\":\"ru-ru\",\"currency\":\"RUB\"}','2020-02-19 02:50:28'),('476d6b15866acee31f7401aaa9','{\"language\":\"ru-ru\",\"currency\":\"RUB\"}','2020-02-20 12:21:09'),('4770446e294e14c23bbe278186','{\"language\":\"ru-ru\",\"currency\":\"RUB\"}','2020-02-20 13:32:53'),('478d2124fbaac240c068d6a384','{\"language\":\"ru-ru\",\"currency\":\"RUB\"}','2020-02-19 02:49:27'),('47a2b72794aab7883ee800c0d5','{\"language\":\"ru-ru\",\"currency\":\"RUB\"}','2020-02-19 02:50:16'),('47a9ac4fa720f79587ebef261b','{\"language\":\"ru-ru\",\"currency\":\"RUB\"}','2020-09-24 17:33:12'),('47adb6082f70bce32264258e55','{\"language\":\"ru-ru\",\"currency\":\"RUB\"}','2020-09-24 00:26:57'),('47c3cf6a66f5919473f18395b1','{\"language\":\"ru-ru\",\"currency\":\"RUB\"}','2020-09-16 06:30:20'),('47d5ebf4ef0b884a9c51d7d0b8','{\"language\":\"ru-ru\",\"currency\":\"RUB\"}','2020-06-21 14:46:30'),('47df2980a25e47f4c5f65aee9c','{\"language\":\"ru-ru\",\"currency\":\"RUB\"}','2020-09-16 06:22:31'),('47e63e956c7470de6356a86dd3','{\"language\":\"ru-ru\",\"currency\":\"RUB\"}','2020-09-18 11:41:00'),('47f299e08066759533725ca734','{\"language\":\"ru-ru\",\"currency\":\"RUB\",\"vouchers\":[]}','2020-09-24 13:06:13'),('47f8638a4317b0648a4f64721f','{\"language\":\"ru-ru\",\"currency\":\"RUB\"}','2020-05-04 17:13:59'),('481e5938c07fb8d16777952473','{\"language\":\"ru-ru\",\"currency\":\"RUB\"}','2020-09-21 09:34:52'),('481f795329eb35972c8f20017b','{\"language\":\"ru-ru\",\"currency\":\"RUB\"}','2020-08-09 07:10:50'),('4825d9dd0a9e98d040fde3865c','{\"language\":\"ru-ru\",\"currency\":\"RUB\"}','2020-03-25 14:24:15'),('4839dc71fd76ffa41c582decc9','{\"language\":\"ru-ru\",\"currency\":\"RUB\"}','2020-02-19 02:40:37'),('483e55104b0525e7e6c84d455a','{\"language\":\"ru-ru\",\"currency\":\"RUB\"}','2020-07-11 10:23:28'),('4855bb49a34e6c03d87d6f052b','{\"language\":\"ru-ru\",\"currency\":\"RUB\"}','2020-09-20 15:54:54'),('4855dca7f5cfcaa52a77f7e57a','{\"language\":\"ru-ru\",\"currency\":\"RUB\"}','2020-09-24 10:32:49'),('4866264f232381532f7fc24548','{\"language\":\"ru-ru\",\"currency\":\"RUB\"}','2020-04-16 16:00:02'),('48684a1c48be289e654eed5638','{\"language\":\"ru-ru\",\"currency\":\"RUB\"}','2020-03-05 10:31:22'),('4868fcc74df63d6e62effe251c','{\"language\":\"ru-ru\",\"currency\":\"RUB\"}','2020-02-20 05:19:05'),('487601744e310e157d58d9c621','{\"language\":\"ru-ru\",\"currency\":\"RUB\"}','2020-08-22 10:57:54'),('487e52fd91f41e1a4135041fc1','{\"language\":\"ru-ru\",\"currency\":\"RUB\"}','2020-07-30 01:50:44'),('488e31ab7e947220a7e2fededb','{\"language\":\"ru-ru\",\"currency\":\"RUB\",\"redirect\":\"https:\\/\\/umolab.ru\\/shop\\/index.php?route=account\\/password\"}','2020-08-13 10:43:36'),('489f838014d399d235df2e4a05','{\"language\":\"ru-ru\",\"currency\":\"RUB\"}','2020-05-15 11:18:07'),('48a799cf0edd6c2c6d307bbbc2','{\"language\":\"ru-ru\",\"currency\":\"RUB\"}','2020-09-20 13:13:40'),('48a7ab37473cc3f5165d2a8c4f','{\"language\":\"ru-ru\",\"currency\":\"RUB\"}','2020-07-15 05:38:21'),('48b77c80d5d441efa51d46a192','{\"language\":\"ru-ru\",\"currency\":\"RUB\"}','2020-09-18 06:19:08'),('48b819b573fe59022e26960607','{\"language\":\"ru-ru\",\"currency\":\"RUB\"}','2020-09-16 06:27:55'),('48ba3745801ff46eda90199298','{\"language\":\"ru-ru\",\"currency\":\"RUB\"}','2020-09-20 23:33:11'),('48bba8685f553611cd53bf9ca1','{\"language\":\"ru-ru\",\"currency\":\"RUB\"}','2020-03-02 01:45:37'),('48be507412e57f2a3f431b454e','{\"language\":\"ru-ru\",\"currency\":\"RUB\"}','2020-09-16 06:24:01'),('48c83e72215100c69a2c01a0ef','{\"language\":\"ru-ru\",\"currency\":\"RUB\"}','2020-06-06 19:00:01'),('48f0413a7cad510c09389877ca','{\"language\":\"ru-ru\",\"currency\":\"RUB\"}','2020-07-30 01:50:46'),('48f14662a6e5a529673fda7549','{\"language\":\"ru-ru\",\"currency\":\"RUB\",\"vouchers\":[]}','2020-05-26 06:34:38'),('48f81ef161e6057034f1b00b14','{\"language\":\"ru-ru\",\"currency\":\"RUB\"}','2020-09-18 14:38:52'),('49038dc40036d8ff597a62d072','{\"language\":\"ru-ru\",\"currency\":\"RUB\"}','2020-04-12 15:42:13'),('491a8a5197c367071cd1870019','{\"language\":\"ru-ru\",\"currency\":\"RUB\"}','2020-09-20 09:07:31'),('49327e03c00f48bb92903c010f','{\"language\":\"ru-ru\",\"currency\":\"RUB\"}','2020-07-18 05:11:24'),('4946254d9562ecdb6487ad3d47','{\"language\":\"ru-ru\",\"currency\":\"RUB\"}','2020-02-20 14:47:06'),('494bfc332204ee2ca542e78242','{\"language\":\"ru-ru\",\"currency\":\"RUB\"}','2020-02-20 05:12:00'),('4957b16370eb9f784bdc25a904','{\"language\":\"ru-ru\",\"currency\":\"RUB\"}','2020-09-22 21:18:29'),('495a7424efcc934722533087dc','{\"language\":\"ru-ru\",\"currency\":\"RUB\"}','2020-09-07 00:34:36'),('4965676d2158b6460f19281451','{\"language\":\"ru-ru\",\"currency\":\"RUB\",\"redirect\":\"https:\\/\\/umolab.ru\\/shop\\/index.php?route=account\\/account\"}','2020-03-12 07:26:46'),('4966264e92f4545970b62a4299','{\"language\":\"ru-ru\",\"currency\":\"RUB\"}','2020-04-04 07:42:22'),('4983f4a7ec08a035dcde7d5ce6','{\"language\":\"ru-ru\",\"currency\":\"RUB\"}','2020-07-02 03:20:27'),('498552188440b142cf9fea024e','{\"language\":\"ru-ru\",\"currency\":\"RUB\",\"redirect\":\"https:\\/\\/umolab.ru\\/shop\\/index.php?route=account\\/newsletter\"}','2020-03-12 07:26:40'),('499603a29e6e368b1ddab52a19','{\"language\":\"ru-ru\",\"currency\":\"RUB\"}','2020-09-20 23:32:59'),('499b623c597460c1f9df24ed2c','{\"language\":\"en-gb\",\"currency\":\"RUB\"}','2020-07-09 11:01:58'),('49a8f43f4849e42ef5cbd17910','{\"language\":\"ru-ru\",\"currency\":\"RUB\"}','2020-02-20 16:02:50'),('49b653104421d86f5957386c65','{\"language\":\"ru-ru\",\"currency\":\"RUB\"}','2020-02-19 02:52:49'),('49c19dfe9d771c9650d1ad103c','{\"language\":\"ru-ru\",\"currency\":\"RUB\"}','2020-02-20 05:13:18'),('49cdbade1f32284e2560a79ecc','{\"language\":\"ru-ru\",\"currency\":\"RUB\"}','2020-02-22 11:11:32'),('49cfaa467900d3eca7aadc913e','{\"language\":\"ru-ru\",\"currency\":\"RUB\"}','2020-02-20 05:22:23'),('49d6685d85b5698ef99862a5f0','{\"language\":\"ru-ru\",\"currency\":\"RUB\"}','2020-09-20 10:54:19'),('49eea4e3b9863eb14c16168425','{\"language\":\"ru-ru\",\"currency\":\"RUB\"}','2020-09-13 01:30:37'),('49f94a43b5e112a974942637cb','{\"language\":\"ru-ru\",\"currency\":\"RUB\"}','2020-02-19 02:35:22'),('4a3b3ec2981b3497c5e802dd15','{\"language\":\"ru-ru\",\"currency\":\"RUB\"}','2020-09-17 23:27:13'),('4a4451c3b811e44d56136986ed','{\"language\":\"ru-ru\",\"currency\":\"RUB\"}','2020-02-20 05:18:13'),('4a5315a479306842e2995fae7e','{\"language\":\"ru-ru\",\"currency\":\"RUB\"}','2020-02-19 02:37:36'),('4a53a4c56d4145ec70c6a09e13','{\"language\":\"ru-ru\",\"currency\":\"RUB\"}','2020-09-02 22:19:04'),('4a596d33dc5956416da9bb15b7','{\"language\":\"ru-ru\",\"currency\":\"RUB\"}','2020-09-20 00:17:23'),('4a7e02f1ef9f5404a1f689a228','{\"language\":\"ru-ru\",\"currency\":\"RUB\"}','2020-05-05 10:11:33'),('4a9949e20e123a0c6398e28af6','{\"language\":\"ru-ru\",\"currency\":\"RUB\",\"compare\":[]}','2020-06-20 23:13:22'),('4aa82a27b31b45823dbb9566a0','{\"language\":\"ru-ru\",\"currency\":\"RUB\"}','2020-09-18 08:31:40'),('4ac7f9d08c88f7336def07af9e','{\"language\":\"ru-ru\",\"currency\":\"RUB\"}','2020-03-07 05:07:02'),('4ad0e77b0c1b952514c98525d2','{\"language\":\"ru-ru\",\"currency\":\"RUB\"}','2020-04-15 22:53:10'),('4afd79675a653462b7840e4222','{\"language\":\"ru-ru\",\"currency\":\"RUB\"}','2020-02-27 02:50:12'),('4b14bca684c769dba2af8726b4','{\"language\":\"ru-ru\",\"currency\":\"RUB\"}','2020-02-21 00:06:12'),('4b3cb625895156803c2744ba55','{\"language\":\"ru-ru\",\"currency\":\"RUB\"}','2020-02-19 02:36:23'),('4b3e09b4f6728d2bd05c96f3aa','{\"language\":\"ru-ru\",\"currency\":\"RUB\"}','2020-02-21 15:55:04'),('4b5381a92f4f5d705d55ea0e6d','{\"language\":\"ru-ru\",\"currency\":\"RUB\"}','2020-08-03 22:51:58'),('4b6b16a6bf572824edb8341c45','{\"language\":\"ru-ru\",\"currency\":\"RUB\"}','2020-09-24 05:29:53'),('4b81189b443116f0b9ae93cc4f','{\"language\":\"ru-ru\",\"currency\":\"RUB\"}','2020-08-27 13:58:50'),('4bb7f292e6bb90657075f560a4','{\"language\":\"ru-ru\",\"currency\":\"RUB\"}','2020-05-25 18:13:12'),('4bd49b7b4d4e51f2dd90a92a82','{\"language\":\"ru-ru\",\"currency\":\"RUB\"}','2020-02-20 05:11:27'),('4be8fc6b8a84fbeddf2d424c5c','{\"language\":\"ru-ru\",\"currency\":\"RUB\"}','2020-09-22 16:21:10'),('4bea24ec9168126cf0bb0a2731','{\"language\":\"ru-ru\",\"currency\":\"RUB\"}','2020-02-20 05:08:00'),('4bef3ec29730aeaf79cdbd866d','{\"language\":\"ru-ru\",\"currency\":\"RUB\"}','2020-09-20 08:01:15'),('4bf43728d12464c5de79a43c0d','{\"language\":\"ru-ru\",\"currency\":\"RUB\"}','2020-08-29 18:23:42'),('4c09cfa1c4ba1f7df674ef64c6','{\"language\":\"ru-ru\",\"currency\":\"RUB\"}','2020-09-23 09:27:25'),('4c1317dc73564f62337de38aa9','{\"language\":\"ru-ru\",\"currency\":\"RUB\"}','2020-07-18 05:10:53'),('4c146f9a60ea030a3934debfb5','{\"language\":\"ru-ru\",\"currency\":\"RUB\"}','2020-09-12 21:19:36'),('4c1783d256bbd720dd5545eca7','{\"language\":\"en-gb\",\"currency\":\"RUB\"}','2020-07-09 11:02:48'),('4c277a9364676853bc2f656c48','{\"language\":\"ru-ru\",\"currency\":\"RUB\"}','2020-05-27 18:23:35'),('4c45d850a5a17a48fbc22da35c','{\"language\":\"ru-ru\",\"currency\":\"RUB\"}','2020-02-20 10:26:20'),('4c55dd0816a5dc616d0c965fc4','{\"language\":\"ru-ru\",\"currency\":\"RUB\"}','2020-07-22 02:09:28'),('4c5783a8fc81ed8f89b393f8d6','{\"language\":\"ru-ru\",\"currency\":\"RUB\",\"redirect\":\"https:\\/\\/umolab.ru\\/shop\\/index.php?route=account\\/address\"}','2020-07-15 05:38:53'),('4c5851bb0d8dc5752e69f356a9','{\"language\":\"ru-ru\",\"currency\":\"RUB\"}','2020-03-05 09:19:22'),('4c66747a881ac3fe3a435d8a2c','{\"language\":\"ru-ru\",\"currency\":\"RUB\"}','2020-09-22 19:53:17'),('4c7f11a0984a15b79ed159b220','{\"language\":\"ru-ru\",\"currency\":\"RUB\"}','2020-03-05 03:08:39'),('4cae9f1279606e2f606a9358af','{\"language\":\"ru-ru\",\"currency\":\"RUB\"}','2020-09-29 12:25:32'),('4cc808311b2ba1791c78635e9c','{\"language\":\"ru-ru\",\"currency\":\"RUB\"}','2020-03-21 15:16:25'),('4ce8bdc63031060009e7ba261f','{\"language\":\"ru-ru\",\"currency\":\"RUB\"}','2020-02-20 05:18:20'),('4cefb91478940931ae9e3720fc','{\"language\":\"ru-ru\",\"currency\":\"RUB\"}','2020-02-19 02:52:50'),('4cf0052aa17390290d21911509','{\"language\":\"ru-ru\",\"currency\":\"RUB\"}','2020-04-02 21:43:31'),('4cf1fb788308333e3ae5f153b2','{\"language\":\"ru-ru\",\"currency\":\"RUB\"}','2020-08-10 02:01:59'),('4d01a8f141013aefded8672526','{\"language\":\"ru-ru\",\"currency\":\"RUB\"}','2020-09-16 06:27:47'),('4d20e91e971c4d8b7858da3ac0','{\"language\":\"ru-ru\",\"currency\":\"RUB\"}','2020-02-19 02:37:16'),('4d2697e3c97f64f85865cf21d2','{\"language\":\"ru-ru\",\"currency\":\"RUB\"}','2020-02-20 10:21:35'),('4d447b6dc0b908019a68248114','{\"language\":\"ru-ru\",\"currency\":\"RUB\"}','2020-09-22 17:41:54'),('4d5a8686bd0b7255a9e47d432f','{\"language\":\"ru-ru\",\"currency\":\"RUB\"}','2020-06-23 20:38:02'),('4d6aba6ad2b505cf4c0d1f32d4','{\"language\":\"ru-ru\",\"currency\":\"RUB\"}','2020-02-19 02:38:51'),('4d6b126374057965e2c8641264','{\"language\":\"ru-ru\",\"currency\":\"RUB\"}','2020-09-15 00:43:56'),('4d7cb04aa32671dca4494eb0e9','{\"language\":\"ru-ru\",\"currency\":\"RUB\"}','2020-02-20 05:19:42'),('4d8d0b05bf7f291113a17fe94c','{\"language\":\"ru-ru\",\"currency\":\"RUB\"}','2020-09-20 23:33:42'),('4d9144ffc3fb01c6b2211fb839','{\"language\":\"ru-ru\",\"currency\":\"RUB\",\"redirect\":\"https:\\/\\/umolab.ru\\/shop\\/index.php?route=account\\/password\"}','2020-08-30 16:24:02'),('4d93f3dd5f926802977db0e53a','{\"language\":\"ru-ru\",\"currency\":\"RUB\"}','2020-02-20 05:05:32'),('4db04c52495a9fad5951bc41bd','{\"language\":\"ru-ru\",\"currency\":\"RUB\"}','2020-07-30 01:50:46'),('4db51254da18414dc7d576b521','{\"language\":\"ru-ru\",\"currency\":\"RUB\"}','2020-09-19 00:46:35'),('4dbbae9ac29b8c01300e3db75b','{\"language\":\"ru-ru\",\"currency\":\"RUB\"}','2020-02-20 09:15:46'),('4dc0856afc8e3d4c464157812d','{\"language\":\"ru-ru\",\"currency\":\"RUB\"}','2020-09-18 15:56:36'),('4dd9fb975d58df0dabe75393eb','{\"language\":\"ru-ru\",\"currency\":\"RUB\"}','2020-02-19 02:48:12'),('4de2420ee639dfc3f7a726bd98','{\"language\":\"ru-ru\",\"currency\":\"RUB\"}','2020-09-20 11:29:31'),('4dff05c2b5712bed39cce2c8a9','{\"language\":\"ru-ru\",\"currency\":\"RUB\"}','2020-09-23 05:49:41'),('4e0773a9a0a9c01a4ca49f9b12','{\"language\":\"ru-ru\",\"currency\":\"RUB\"}','2020-02-21 14:13:55'),('4e10f369a0e6cf3c7133eed062','{\"language\":\"ru-ru\",\"currency\":\"RUB\"}','2020-08-31 00:56:27'),('4e121b9e1dfa734dc902a12a34','{\"language\":\"ru-ru\",\"currency\":\"RUB\"}','2020-06-30 13:11:06'),('4e163185b5e5556c73b16611fd','{\"language\":\"ru-ru\",\"currency\":\"RUB\"}','2020-02-20 12:53:30'),('4e3ae38016e3778218f1c67bc9','{\"language\":\"ru-ru\",\"currency\":\"RUB\"}','2020-09-21 20:13:17'),('4e3f3c980cd940f246ab69feeb','{\"language\":\"ru-ru\",\"currency\":\"RUB\"}','2020-02-22 11:15:17'),('4e4efb740cf27437c23f030e3f','{\"language\":\"ru-ru\",\"currency\":\"RUB\"}','2020-02-20 05:17:14'),('4e541d0973e460d9bd190e67d1','{\"language\":\"ru-ru\",\"currency\":\"RUB\"}','2020-03-24 15:09:00'),('4e55dd40ba387aeab2c70d745b','{\"language\":\"ru-ru\",\"currency\":\"RUB\"}','2020-02-21 15:41:59'),('4e57efc31ced146d149109e2af','{\"language\":\"ru-ru\",\"currency\":\"RUB\"}','2020-02-20 13:21:08'),('4e66e4f63178da043962624be1','{\"language\":\"ru-ru\",\"currency\":\"RUB\"}','2020-09-18 16:06:41'),('4e88b410d800693b07e1b10334','{\"language\":\"ru-ru\",\"currency\":\"RUB\"}','2020-02-26 00:24:05'),('4e88c507d26f99ba6c5bcdddb0','{\"language\":\"ru-ru\",\"currency\":\"RUB\"}','2020-05-15 11:18:53'),('4e8abd2dd0be5d270c2e683aa3','{\"language\":\"ru-ru\",\"currency\":\"RUB\"}','2020-02-20 05:22:38'),('4e8df16bd58d39f9be1dc0669b','{\"language\":\"ru-ru\",\"currency\":\"RUB\"}','2020-03-04 13:18:20'),('4e8fd23b3a4efaa73adff86211','{\"language\":\"ru-ru\",\"currency\":\"RUB\"}','2020-07-03 15:11:14'),('4e9218343f457e9ee1caf01d9c','{\"language\":\"ru-ru\",\"currency\":\"RUB\"}','2020-02-19 02:36:16'),('4e937466bdf161c655ad21459a','{\"language\":\"ru-ru\",\"currency\":\"RUB\"}','2020-02-20 18:44:52'),('4e9567f8cdb19c2ee3a87a0155','{\"language\":\"ru-ru\",\"currency\":\"RUB\"}','2020-09-16 06:24:48'),('4e9c300bb123c5e06391ef7290','{\"language\":\"ru-ru\",\"currency\":\"RUB\"}','2020-02-19 02:46:53'),('4e9dbd492dd696206b72aa2bd5','{\"language\":\"ru-ru\",\"currency\":\"RUB\"}','2020-07-15 05:39:03'),('4e9e0fed550324243e7f670f3e','{\"language\":\"ru-ru\",\"currency\":\"RUB\"}','2020-03-04 06:59:07'),('4eb7e3f572bfdc87ffc290021c','{\"language\":\"ru-ru\",\"currency\":\"RUB\",\"vouchers\":[]}','2020-09-17 17:50:24'),('4eba61e8ca4e3fd5b2b30dbfd7','{\"language\":\"ru-ru\",\"currency\":\"RUB\"}','2020-02-29 22:04:06'),('4ee03792837b02216c7f160f01','{\"language\":\"ru-ru\",\"currency\":\"RUB\"}','2020-09-24 17:23:04'),('4eee57a58a693fcadcbeff73cf','{\"language\":\"ru-ru\",\"currency\":\"RUB\"}','2020-02-20 13:21:55'),('4f0cb465e83af082731d3f69ce','{\"language\":\"ru-ru\",\"currency\":\"RUB\"}','2020-07-18 01:54:44'),('4f10e66fa5b9db7b76f166703b','{\"language\":\"ru-ru\",\"currency\":\"RUB\"}','2020-09-01 18:54:08'),('4f186000ba123b737dac9f60d0','{\"language\":\"ru-ru\",\"currency\":\"RUB\"}','2020-09-20 16:41:56'),('4f273d630a8c260615cf9ab563','{\"language\":\"ru-ru\",\"currency\":\"RUB\"}','2020-03-22 03:08:33'),('4f2b8596a28eb05757bd9690c1','{\"language\":\"ru-ru\",\"currency\":\"RUB\"}','2020-02-19 02:40:58'),('4f2e73adb89f4845541b0472ad','{\"language\":\"ru-ru\",\"currency\":\"RUB\"}','2020-09-20 23:19:32'),('4f48522a9948247f9843e2849a','{\"language\":\"ru-ru\",\"currency\":\"RUB\"}','2020-02-20 05:04:47'),('4f5c3f73cf39407e419f21b05e','{\"language\":\"ru-ru\",\"currency\":\"RUB\"}','2020-02-19 02:51:57'),('4f5c9980f223e07c94ff757df2','{\"language\":\"ru-ru\",\"currency\":\"RUB\"}','2020-02-20 10:31:31'),('4f6cd658df38e895490aa99c5c','{\"language\":\"ru-ru\",\"currency\":\"RUB\"}','2020-02-19 02:58:14'),('4f7293b900fa117e390cc0e7cc','{\"language\":\"ru-ru\",\"currency\":\"RUB\"}','2020-09-16 06:32:01'),('4f7618488ccfd1c1d5c3f7e982','{\"language\":\"ru-ru\",\"currency\":\"RUB\",\"redirect\":\"https:\\/\\/umolab.ru\\/shop\\/index.php?route=account\\/wishlist\"}','2020-04-15 09:59:24'),('4f9d2745c50dad8354a7af8148','{\"language\":\"ru-ru\",\"currency\":\"RUB\"}','2020-09-14 23:23:46'),('4fa03bd37538aa5646851cc65d','{\"language\":\"ru-ru\",\"currency\":\"RUB\"}','2020-07-29 09:38:13'),('4fa9aea2eb3506f2d659a2ab27','{\"language\":\"ru-ru\",\"currency\":\"RUB\"}','2020-09-12 08:23:45'),('4faf8654691636e3ebfd7552e2','{\"language\":\"ru-ru\",\"currency\":\"RUB\"}','2020-07-18 05:04:37'),('4fc80b8f681e1247478c866722','{\"language\":\"ru-ru\",\"currency\":\"RUB\"}','2020-02-19 02:40:50'),('4fd0b2c8b03aee5c911fa0e84a','{\"language\":\"ru-ru\",\"currency\":\"RUB\"}','2020-02-19 02:40:45'),('4fdb47a0ae0ae28bf7325c1cb4','{\"language\":\"ru-ru\",\"currency\":\"RUB\"}','2020-02-20 10:42:33'),('4fdcd059f972612746467f045c','{\"language\":\"ru-ru\",\"currency\":\"RUB\"}','2020-09-17 17:42:53'),('4fe824687f70303140c52e1c6b','{\"language\":\"ru-ru\",\"currency\":\"RUB\"}','2020-04-06 08:42:41'),('4fff0732e4a5879671d0a47382','{\"language\":\"en-gb\",\"currency\":\"RUB\"}','2020-07-20 03:12:13'),('500bb8f9a1ef07414cc365ef9c','{\"language\":\"ru-ru\",\"currency\":\"RUB\"}','2020-09-17 22:25:47'),('501237af40de7969735c378121','{\"language\":\"ru-ru\",\"currency\":\"RUB\"}','2020-09-03 04:05:45'),('501ebc5ef69bd58e6b0fbea600','{\"language\":\"en-gb\",\"currency\":\"RUB\"}','2020-03-07 09:47:45'),('502d3a8f34bf38d7efc9f7adba','{\"language\":\"ru-ru\",\"currency\":\"RUB\"}','2020-02-20 10:41:58'),('502f78c8e12a5ae3d229408565','{\"language\":\"ru-ru\",\"currency\":\"RUB\"}','2020-09-22 05:27:41'),('50306445abcaf70691ca7f5189','{\"language\":\"ru-ru\",\"currency\":\"RUB\"}','2020-02-21 14:19:55'),('503b724c66a3b9c82e332c7ed3','{\"language\":\"ru-ru\",\"currency\":\"RUB\"}','2020-02-19 02:49:03'),('503d6f7439f1132f64bffb93af','{\"language\":\"ru-ru\",\"currency\":\"RUB\"}','2020-02-20 21:25:24'),('5040ab0a0ce314274c51884f7e','{\"language\":\"ru-ru\",\"currency\":\"RUB\"}','2020-08-13 16:43:27'),('5043f19313183ffef5d29665ab','{\"language\":\"ru-ru\",\"currency\":\"RUB\"}','2020-08-01 11:55:32'),('5058821802a5dc2d8ce1321122','{\"language\":\"ru-ru\",\"currency\":\"RUB\"}','2020-02-19 02:48:11'),('506c92d30f9ebac9b2a71b82d4','{\"language\":\"en-gb\",\"currency\":\"RUB\"}','2020-07-09 11:02:28'),('506f49f952766a9aa912e23374','{\"language\":\"ru-ru\",\"currency\":\"RUB\",\"redirect\":\"https:\\/\\/umolab.ru\\/shop\\/index.php?route=account\\/download\"}','2020-08-29 09:00:30'),('507fd9a36fc02b0d06213a4a6a','{\"language\":\"ru-ru\",\"currency\":\"RUB\",\"redirect\":\"https:\\/\\/umolab.ru\\/shop\\/index.php?route=account\\/reward\"}','2020-07-15 05:38:53'),('5082db7c70c9dd0b11ddd38f10','{\"language\":\"ru-ru\",\"currency\":\"RUB\"}','2020-07-18 09:15:32'),('508380fad84602805a0f48ad1d','{\"language\":\"ru-ru\",\"currency\":\"RUB\"}','2020-07-08 18:06:42'),('50928d73e6858b115cba347d0d','{\"language\":\"ru-ru\",\"currency\":\"RUB\"}','2020-06-16 07:19:50'),('5094e9a1e8858477561dcad267','{\"language\":\"ru-ru\",\"currency\":\"RUB\"}','2020-02-19 02:40:49'),('50988256ae7aad264330dfdd14','{\"language\":\"ru-ru\",\"currency\":\"RUB\"}','2020-02-20 12:06:10'),('50ac97048c76478ff986d3d4b7','{\"language\":\"ru-ru\",\"currency\":\"RUB\"}','2020-04-15 10:02:46'),('50c35c774788b6aa3308e07a7f','{\"language\":\"ru-ru\",\"currency\":\"RUB\"}','2020-10-01 12:37:42'),('50cd758aec3b6ff3e67c8d9512','{\"language\":\"ru-ru\",\"currency\":\"RUB\"}','2020-09-25 14:32:27'),('50debc3b996da6c74c8212ff9d','{\"language\":\"ru-ru\",\"currency\":\"RUB\"}','2020-02-20 05:12:43'),('50e1562ccd04f4db4cc6d0c950','{\"language\":\"ru-ru\",\"currency\":\"RUB\"}','2020-09-08 09:57:23'),('50e2e477efad31fc32094b16fb','{\"language\":\"ru-ru\",\"currency\":\"RUB\"}','2020-02-20 09:34:42'),('50eefaa8f54a8a7694a1902706','{\"language\":\"ru-ru\",\"currency\":\"RUB\"}','2020-07-24 12:13:50'),('510db33cd37033a9bc136f4fd6','{\"language\":\"ru-ru\",\"currency\":\"RUB\"}','2020-09-20 05:10:51'),('511eff24260e6bab2d1cbb66a4','{\"language\":\"en-gb\",\"currency\":\"RUB\"}','2020-07-09 11:02:50'),('512a9e7a7d7826fb8f7a3153f7','{\"language\":\"ru-ru\",\"currency\":\"RUB\"}','2020-09-24 09:26:33'),('514d60d691084be6c03331e6a3','{\"language\":\"ru-ru\",\"currency\":\"RUB\"}','2020-08-05 11:15:57'),('515bfa5ee6233419405a808334','{\"language\":\"ru-ru\",\"currency\":\"RUB\"}','2020-09-21 07:10:21'),('5166519567691ca7221ad17d2a','{\"language\":\"ru-ru\",\"currency\":\"RUB\"}','2020-09-19 23:36:27'),('5171c6d9a8fede38efa9d120a3','{\"language\":\"ru-ru\",\"currency\":\"RUB\"}','2020-02-21 14:08:26'),('5176d2eebd1f1714c19f566dac','{\"language\":\"ru-ru\",\"currency\":\"RUB\"}','2020-09-18 07:06:28'),('519e776f0a98ba37525b1f1162','{\"language\":\"ru-ru\",\"currency\":\"RUB\"}','2020-02-20 05:15:45'),('51a162e8588674a0b315530734','{\"language\":\"ru-ru\",\"currency\":\"RUB\"}','2020-02-19 02:51:06'),('51a3e84aa544d3bc662a5af372','{\"language\":\"ru-ru\",\"currency\":\"RUB\"}','2020-04-01 16:11:32'),('51b4f5d90332654e87d6ef58e6','{\"language\":\"ru-ru\",\"currency\":\"RUB\"}','2020-02-20 05:06:30'),('51ccb45b247a739d8f9405d840','{\"language\":\"ru-ru\",\"currency\":\"RUB\"}','2020-02-20 14:37:38'),('51dde9a79ec517606bca3c195e','{\"language\":\"ru-ru\",\"currency\":\"RUB\"}','2020-08-04 10:05:44'),('51f9719dc5ceeed781717fe525','{\"language\":\"ru-ru\",\"currency\":\"RUB\"}','2020-02-20 05:05:37'),('521a0cbe820dd4d0cf2218ad77','{\"language\":\"ru-ru\",\"currency\":\"RUB\"}','2020-09-21 14:18:52'),('524867044c8f15884f7db5bffb','{\"language\":\"ru-ru\",\"currency\":\"RUB\"}','2020-03-12 01:11:33'),('52592a125d4a794496b68ff33b','{\"language\":\"ru-ru\",\"currency\":\"RUB\",\"vouchers\":[]}','2020-09-02 22:20:24'),('526d439644c642559dc83ac415','{\"language\":\"ru-ru\",\"currency\":\"RUB\"}','2020-02-19 02:50:01'),('5277ff7f970b52b11849635001','{\"language\":\"ru-ru\",\"currency\":\"RUB\"}','2020-09-23 01:40:26'),('527b9b8ac8bc95e5effeaa64d6','{\"language\":\"ru-ru\",\"currency\":\"RUB\"}','2020-05-22 18:48:18'),('5287d2f65ba06c63cf908c064d','{\"language\":\"ru-ru\",\"currency\":\"RUB\"}','2020-02-22 11:05:06'),('5291b8629f2f2fd41b9ca85951','{\"language\":\"ru-ru\",\"currency\":\"RUB\"}','2020-09-23 11:21:01'),('52cbb10752b28e4b2cf3ad9f82','{\"language\":\"ru-ru\",\"currency\":\"RUB\"}','2020-07-23 05:17:56'),('52e322964c2c1414745504abe4','{\"language\":\"ru-ru\",\"currency\":\"RUB\"}','2020-09-24 19:13:48'),('52e4c5e7d3cd303c14115fdf1f','{\"language\":\"ru-ru\",\"currency\":\"RUB\"}','2020-10-01 04:23:38'),('52e6749c7ff43eba3ec5728738','{\"language\":\"ru-ru\",\"currency\":\"RUB\"}','2020-07-12 02:07:11'),('52e89d92c068ebeca5e754d781','{\"language\":\"ru-ru\",\"currency\":\"RUB\"}','2020-03-24 18:36:10'),('530098985a7de2a474b5004f66','{\"language\":\"ru-ru\",\"currency\":\"RUB\"}','2020-09-20 17:29:16'),('531f78c2062bdad967759d00a1','{\"language\":\"ru-ru\",\"currency\":\"RUB\"}','2020-09-02 21:26:39'),('53286335bf1f446fb672550d08','{\"language\":\"ru-ru\",\"currency\":\"RUB\"}','2020-02-19 02:40:22'),('532cdb0acc0023ba5bab2d7031','{\"language\":\"ru-ru\",\"currency\":\"RUB\"}','2020-02-20 05:12:56'),('5341a9e16503836adc37af478b','{\"language\":\"ru-ru\",\"currency\":\"RUB\"}','2020-07-04 06:39:06'),('534415e9f0896b2210cea1ddee','{\"language\":\"ru-ru\",\"currency\":\"RUB\"}','2020-03-12 07:28:18'),('5344efb56000d3a054aa35373b','{\"language\":\"ru-ru\",\"currency\":\"RUB\"}','2020-09-18 09:19:00'),('535b2d851088fe95ea35cf02d8','{\"language\":\"ru-ru\",\"currency\":\"RUB\"}','2020-09-24 01:14:17'),('536b45db97c71c4ae559e56418','{\"language\":\"en-gb\",\"currency\":\"RUB\"}','2020-06-01 17:20:46'),('537548556f5f75885270b46029','{\"language\":\"ru-ru\",\"currency\":\"RUB\"}','2020-09-13 15:07:18'),('53827da55a7cc011418db55eb3','{\"language\":\"ru-ru\",\"currency\":\"RUB\"}','2020-02-20 05:09:24'),('538dd6574abf77a1f14b1bc21e','{\"language\":\"ru-ru\",\"currency\":\"RUB\"}','2020-03-30 09:18:03'),('53c7b28f68a0523142aacb6c8f','{\"language\":\"ru-ru\",\"currency\":\"RUB\"}','2020-06-07 17:06:02'),('53d2fde4309ebf57a4839e9b9f','{\"language\":\"ru-ru\",\"currency\":\"RUB\"}','2020-02-19 02:49:39'),('53d357d54fe84dedce52ba9f77','{\"language\":\"ru-ru\",\"currency\":\"RUB\"}','2020-02-07 14:59:01'),('53e03d3b3adb99b5e16709f27c','{\"language\":\"ru-ru\",\"currency\":\"RUB\"}','2020-09-23 18:43:09'),('53f35ccb710909fc54559c60b5','{\"language\":\"ru-ru\",\"currency\":\"RUB\"}','2020-02-19 02:50:35'),('54048a3e1286ef3668dcc8c1a1','{\"language\":\"ru-ru\",\"currency\":\"RUB\"}','2020-09-30 08:11:29'),('5404fff692d845a97be756f6fa','{\"language\":\"ru-ru\",\"currency\":\"RUB\"}','2020-09-24 05:20:25'),('540aa77d382dacbfe3944d0889','{\"language\":\"ru-ru\",\"currency\":\"RUB\"}','2020-03-03 14:44:13'),('541532615c15d7fa54b3934c2e','{\"language\":\"ru-ru\",\"currency\":\"RUB\"}','2020-07-11 07:59:01'),('5420a740077c88ec1417b6047a','{\"language\":\"ru-ru\",\"currency\":\"RUB\"}','2020-06-21 02:46:59'),('544a59062075fb2ea5e03ec76c','{\"language\":\"ru-ru\",\"currency\":\"RUB\"}','2020-02-19 02:52:49'),('5456d48da2801092e4784f4bb2','{\"language\":\"ru-ru\",\"currency\":\"RUB\"}','2020-09-22 08:41:09'),('545ecd7796d72a848de1ba8a42','{\"language\":\"ru-ru\",\"currency\":\"RUB\"}','2020-09-21 07:06:51'),('5464d618edbe2499b8d8a3b8b4','{\"language\":\"ru-ru\",\"currency\":\"RUB\"}','2020-09-11 19:03:43'),('547627809b490149ddb6c12452','{\"language\":\"ru-ru\",\"currency\":\"RUB\"}','2020-08-02 19:08:10'),('547af03fdc740c0241eb3ec668','{\"language\":\"ru-ru\",\"currency\":\"RUB\"}','2020-05-04 23:56:29'),('548ba7b58981a5819120e99d27','{\"language\":\"ru-ru\",\"currency\":\"RUB\"}','2020-02-20 05:07:38'),('5492128882a73daa4e2fdeb71c','{\"language\":\"ru-ru\",\"currency\":\"RUB\"}','2020-06-14 19:58:31'),('549e3a293d6c1a2ea1f935503f','{\"language\":\"ru-ru\",\"currency\":\"RUB\"}','2020-02-19 02:50:54'),('54b5979e09e41a2383f96bd9e1','{\"language\":\"ru-ru\",\"currency\":\"RUB\"}','2020-07-24 02:08:39'),('54c4ceccac2d3b9c45251e0fc9','{\"language\":\"ru-ru\",\"currency\":\"RUB\"}','2020-04-12 10:41:59'),('54db3e07c9382bb9b394595b78','{\"language\":\"ru-ru\",\"currency\":\"RUB\"}','2020-02-19 02:37:42'),('54fbeabfba0453d150a79b790e','{\"language\":\"ru-ru\",\"currency\":\"RUB\"}','2020-04-22 08:17:02'),('550ccec665763cb147de4ff287','{\"language\":\"ru-ru\",\"currency\":\"RUB\"}','2020-02-20 05:15:04'),('552756e00c6fbeda97547d63a4','{\"language\":\"ru-ru\",\"currency\":\"RUB\"}','2020-03-05 13:01:36'),('5528a007cf1a83ab3537033736','{\"language\":\"ru-ru\",\"currency\":\"RUB\"}','2020-02-20 05:20:45'),('5529ce4b423c271fc8103184a3','{\"language\":\"ru-ru\",\"currency\":\"RUB\"}','2020-07-19 20:59:12'),('5552753cb37da14899f4b8b016','{\"language\":\"ru-ru\",\"currency\":\"RUB\"}','2020-02-19 02:49:41'),('555ffd165ae58b85b8d431eecc','{\"language\":\"ru-ru\",\"currency\":\"RUB\"}','2020-02-20 07:31:39'),('5562d80c9884f1e57a3b471c9a','{\"language\":\"ru-ru\",\"currency\":\"RUB\"}','2020-05-23 01:53:54'),('5566691f22bd06a190cf6b2a07','{\"language\":\"ru-ru\",\"currency\":\"RUB\"}','2020-06-16 03:07:01'),('5585948ba0e8336d6a24e41e46','{\"language\":\"ru-ru\",\"currency\":\"RUB\"}','2020-09-03 14:13:15'),('5586b6a6f5e2b0644919e8a0f6','{\"language\":\"ru-ru\",\"currency\":\"RUB\"}','2020-02-20 15:34:26'),('558e634142c14b1887c891839b','{\"language\":\"ru-ru\",\"currency\":\"RUB\"}','2020-06-01 06:55:11'),('55a6fffdfe49721c8a275ca356','{\"language\":\"ru-ru\",\"currency\":\"RUB\"}','2020-09-02 13:31:18'),('55acfb796a6ed58019d0ff9710','{\"language\":\"ru-ru\",\"currency\":\"RUB\"}','2020-09-14 23:52:10'),('55bba6c57c5a3d1d03ac381d3d','{\"language\":\"ru-ru\",\"currency\":\"RUB\"}','2020-02-20 05:12:40'),('55c4f5c597e144cbd03356988a','{\"language\":\"en-gb\",\"currency\":\"RUB\"}','2020-07-09 11:02:32'),('55cd9f6951fe569250d1e6600e','{\"language\":\"ru-ru\",\"currency\":\"RUB\"}','2020-07-30 01:50:42'),('55ce11254d649426b87c94c56e','{\"language\":\"ru-ru\",\"currency\":\"RUB\"}','2020-09-21 05:09:48'),('55ceedfc098368dcab521f972d','{\"language\":\"ru-ru\",\"currency\":\"RUB\"}','2020-02-20 14:58:07'),('560913ad18b4393deeb3b270a2','{\"language\":\"ru-ru\",\"currency\":\"RUB\"}','2020-02-19 02:45:46'),('5609fd6bdd066908da6fb7f3b5','{\"language\":\"ru-ru\",\"currency\":\"RUB\"}','2020-07-18 05:04:15'),('560eb56ff94368eab47b35bca4','{\"language\":\"ru-ru\",\"currency\":\"RUB\"}','2020-09-20 16:32:28'),('5626d57bd304cb0e7071c6ee57','{\"language\":\"ru-ru\",\"currency\":\"RUB\"}','2020-02-19 02:38:15'),('56292b1ab5cc56d098a3690213','{\"language\":\"ru-ru\",\"currency\":\"RUB\"}','2020-02-19 02:52:52'),('565514ffc523aad7b2fdfbcaeb','{\"language\":\"ru-ru\",\"currency\":\"RUB\"}','2020-09-16 06:28:03'),('5658d45333394d4e36a0e04def','{\"language\":\"ru-ru\",\"currency\":\"RUB\"}','2020-09-14 16:33:45'),('565fa4c1636f84889467666f04','{\"language\":\"ru-ru\",\"currency\":\"RUB\"}','2020-02-29 16:00:04'),('56645e5397ce601ae40e74ea28','{\"language\":\"ru-ru\",\"currency\":\"RUB\"}','2020-03-12 07:26:58'),('566741f41a5ce6abb98e18687e','{\"language\":\"ru-ru\",\"currency\":\"RUB\"}','2020-09-18 13:34:36'),('5682c2d7567188735b05249782','{\"language\":\"ru-ru\",\"currency\":\"RUB\"}','2020-02-20 05:05:06'),('5683e8676817cf8d18a810cd64','{\"language\":\"ru-ru\",\"currency\":\"RUB\"}','2020-03-11 03:41:55'),('56900872cfd5afc78e14da1a4c','{\"language\":\"ru-ru\",\"currency\":\"RUB\",\"redirect\":\"https:\\/\\/umolab.ru\\/shop\\/index.php?route=account\\/address\"}','2020-05-23 16:57:46'),('569fb1c7515f13232886f103ba','{\"language\":\"ru-ru\",\"currency\":\"RUB\"}','2020-02-19 02:31:52'),('56abbf728b7c388208fdb4df60','{\"language\":\"ru-ru\",\"currency\":\"RUB\"}','2020-07-15 05:38:42'),('56ae5676534c06528f3b4230c3','{\"language\":\"ru-ru\",\"currency\":\"RUB\"}','2020-03-12 07:26:31'),('56c3aa5fd4572e78d2e9d7d4c7','{\"language\":\"ru-ru\",\"currency\":\"RUB\"}','2020-09-23 09:36:53'),('56cd3e2d85668fe85988f03c3a','{\"language\":\"ru-ru\",\"currency\":\"RUB\"}','2020-09-02 22:16:20'),('56da58187d69db57a26295b12f','{\"language\":\"ru-ru\",\"currency\":\"RUB\"}','2020-03-10 18:49:05'),('56e084dc730bb39faf1c3c72a5','{\"language\":\"ru-ru\",\"currency\":\"RUB\"}','2020-10-03 12:16:26'),('56eba1acf1be0c5b875df39150','{\"language\":\"ru-ru\",\"currency\":\"RUB\",\"redirect\":\"https:\\/\\/umolab.ru\\/shop\\/index.php?route=account\\/download\"}','2020-09-19 23:24:02'),('56f2958f0151f464277da5e70f','{\"language\":\"ru-ru\",\"currency\":\"RUB\"}','2020-04-15 10:00:42'),('571c9fe18d1ecb7215e4ca53fb','{\"language\":\"ru-ru\",\"currency\":\"RUB\"}','2020-09-23 07:52:45'),('57302f49c25d1d9032eba9e8ed','{\"language\":\"ru-ru\",\"currency\":\"RUB\"}','2020-02-20 05:10:54'),('573a1afa17ba3de50656204cd5','{\"language\":\"ru-ru\",\"currency\":\"RUB\"}','2020-09-17 15:14:58'),('57430efa3a375058606404facd','{\"language\":\"ru-ru\",\"currency\":\"RUB\"}','2020-04-03 07:31:40'),('57455394b3d68f50ce6fc2ea13','{\"language\":\"ru-ru\",\"currency\":\"RUB\"}','2020-09-21 20:55:58'),('57576fa0b503ab2412e680bd6e','{\"language\":\"ru-ru\",\"currency\":\"RUB\"}','2020-04-08 03:03:57'),('575c784d46fe02b5acdadeaee0','{\"language\":\"ru-ru\",\"currency\":\"RUB\"}','2020-09-16 04:06:04'),('57675a1e1389768b03d1d4569e','{\"language\":\"ru-ru\",\"currency\":\"RUB\"}','2020-09-21 20:57:46'),('5771118edb019491e1bee62f45','{\"language\":\"ru-ru\",\"currency\":\"RUB\"}','2020-09-23 00:37:32'),('578fc89cf5ba8264471643ea4c','{\"language\":\"ru-ru\",\"currency\":\"RUB\"}','2020-06-16 12:40:21'),('5795119590ea226d3d25509a94','{\"language\":\"ru-ru\",\"currency\":\"RUB\"}','2020-09-20 03:17:01'),('57a6c3ef6ca3c29f03f91d96f3','{\"language\":\"ru-ru\",\"currency\":\"RUB\"}','2020-09-19 04:26:19'),('57be722a5be36298b660d74f1f','{\"language\":\"ru-ru\",\"currency\":\"RUB\"}','2020-07-30 01:50:48'),('57c10980d0a30f29ce423a5781','{\"language\":\"ru-ru\",\"currency\":\"RUB\"}','2020-02-19 02:51:15'),('57e06defbce3a6fbba4614f8e8','{\"language\":\"ru-ru\",\"currency\":\"RUB\"}','2020-02-19 02:45:10'),('57e2868c9143bcc01410b3d5a7','{\"language\":\"ru-ru\",\"currency\":\"RUB\"}','2020-02-21 14:18:22'),('580bcfab29eba5cf40603927ee','{\"language\":\"ru-ru\",\"currency\":\"RUB\"}','2020-06-23 00:41:25'),('583d50b6a4c7080e62c4e7fbfe','{\"language\":\"ru-ru\",\"currency\":\"RUB\"}','2020-08-01 14:31:42'),('583e12972c4fdb962b807f6577','{\"language\":\"ru-ru\",\"currency\":\"RUB\"}','2020-06-14 05:50:36'),('584b4584d415dea46bdaeb81aa','{\"language\":\"ru-ru\",\"currency\":\"RUB\"}','2020-09-24 06:55:05'),('586e84cd9e668480af59ae71e9','{\"language\":\"ru-ru\",\"currency\":\"RUB\"}','2020-09-23 06:55:57'),('58755c4f9ee53f0adc51dbc7bc','{\"language\":\"ru-ru\",\"currency\":\"RUB\"}','2020-09-18 07:53:53'),('5886d134128df8b1bbd87ad217','{\"language\":\"ru-ru\",\"currency\":\"RUB\"}','2020-02-21 14:15:28'),('58980e9ddb805caba2e4ba1bdd','{\"language\":\"ru-ru\",\"currency\":\"RUB\"}','2020-09-18 15:09:19'),('58a51d9b6ba718438c88038358','{\"language\":\"ru-ru\",\"currency\":\"RUB\"}','2020-02-19 02:31:03'),('58cf3944db36d3dd59c2a83c4e','{\"language\":\"ru-ru\",\"currency\":\"RUB\"}','2020-09-21 02:00:28'),('58f0c10f9900d20a56f38a26a0','{\"language\":\"ru-ru\",\"currency\":\"RUB\"}','2020-09-04 08:07:59'),('58f57e3b0af6881d9408c57776','{\"language\":\"ru-ru\",\"currency\":\"RUB\"}','2020-09-20 18:45:00'),('58fa3cde70bfbc75822f35bee8','{\"language\":\"ru-ru\",\"currency\":\"RUB\",\"user_id\":\"1\",\"user_token\":\"XG9N1eqaoZxINnND1C5E6fNoWEKZ1RDx\"}','2020-02-12 03:33:40'),('58fc3898597a739ab10b75cb69','{\"language\":\"ru-ru\",\"currency\":\"RUB\"}','2020-02-19 02:52:02'),('591cc3d40ec5e0e9b72c9b6602','{\"language\":\"ru-ru\",\"currency\":\"RUB\"}','2020-08-03 09:10:09'),('59215bdd75b264869742232f25','{\"language\":\"en-gb\",\"currency\":\"RUB\"}','2020-07-11 12:59:16'),('5933e00bacc2a0fc89d1ff45ee','{\"language\":\"ru-ru\",\"currency\":\"RUB\"}','2020-07-01 13:46:47'),('5937b37ffbe3e4cb2f761fb40b','{\"language\":\"ru-ru\",\"currency\":\"RUB\"}','2020-02-22 11:05:17'),('594d33c9bbac83793ea1d42fc1','{\"language\":\"ru-ru\",\"currency\":\"RUB\"}','2020-04-09 22:46:53'),('59527e1c2a97c667a039333e8c','{\"language\":\"ru-ru\",\"currency\":\"RUB\"}','2020-02-19 02:46:08'),('595f6c7225569d4dd89794349c','{\"language\":\"ru-ru\",\"currency\":\"RUB\"}','2020-09-18 05:41:16'),('59609f09413af04e12a1697976','{\"language\":\"ru-ru\",\"currency\":\"RUB\"}','2020-04-07 14:57:42'),('59773713a0d5b0479187b1d28c','{\"language\":\"ru-ru\",\"currency\":\"RUB\"}','2020-02-20 05:10:34'),('59a0fdac2e1c53d67bf7c67ce3','{\"language\":\"ru-ru\",\"currency\":\"RUB\"}','2020-07-15 05:38:32'),('59a2315b88bae1357b953e63d2','{\"language\":\"ru-ru\",\"currency\":\"RUB\"}','2020-02-19 02:48:49'),('59a4902d927aacb6d502a357df','{\"language\":\"ru-ru\",\"currency\":\"RUB\"}','2020-02-19 02:38:41'),('59a7e44c420610c4b337af0815','{\"language\":\"ru-ru\",\"currency\":\"RUB\"}','2020-07-13 11:47:10'),('59bf94fd626780b50af46d3206','{\"language\":\"ru-ru\",\"currency\":\"RUB\"}','2020-02-19 02:40:52'),('59c744c9645327643db786edd3','{\"language\":\"ru-ru\",\"currency\":\"RUB\"}','2020-02-20 05:21:29'),('59da1ada1ad4057222e05a5a99','{\"language\":\"ru-ru\",\"currency\":\"RUB\"}','2020-02-21 14:15:10'),('59f7a85e78d60460febcae055d','{\"language\":\"ru-ru\",\"currency\":\"RUB\"}','2020-09-22 02:13:01'),('5a05876ce05bda6b85d8d22223','{\"language\":\"ru-ru\",\"currency\":\"RUB\"}','2020-09-14 23:00:51'),('5a109f92bd13a6c88102e28f5b','{\"language\":\"ru-ru\",\"currency\":\"RUB\"}','2020-02-20 05:07:04'),('5a15b1a75a04f8b9d3e7c1584a','{\"language\":\"ru-ru\",\"currency\":\"RUB\"}','2020-08-03 22:20:23'),('5a1ca932bd135bf1aaf610d215','{\"language\":\"ru-ru\",\"currency\":\"RUB\"}','2020-09-20 17:30:29'),('5a1cb7541a1fc436ecbd348231','{\"language\":\"ru-ru\",\"currency\":\"RUB\"}','2020-02-20 05:09:17'),('5a235298b6bce2922399e17792','{\"language\":\"ru-ru\",\"currency\":\"RUB\"}','2020-04-11 03:24:08'),('5a4710e799353d5538c05236b0','{\"language\":\"ru-ru\",\"currency\":\"RUB\"}','2020-09-21 02:09:56'),('5a547edc81cfb6ddefd2e49f00','{\"language\":\"ru-ru\",\"currency\":\"RUB\"}','2020-09-14 23:01:30'),('5a5bc36a62662f0440cd0e3ae2','{\"language\":\"ru-ru\",\"currency\":\"RUB\"}','2020-03-02 14:57:35'),('5a638e67f4c602835ef2c59d40','{\"language\":\"ru-ru\",\"currency\":\"RUB\"}','2020-09-19 14:48:35'),('5a668da30f6f2402a06fac85fb','{\"language\":\"ru-ru\",\"currency\":\"RUB\"}','2020-08-12 06:57:52'),('5a6b9eef970a2ef7cceeea5c8a','{\"language\":\"ru-ru\",\"currency\":\"RUB\"}','2020-02-21 14:16:24'),('5a9a343b9797dffee5e1c9a922','{\"language\":\"ru-ru\",\"currency\":\"RUB\"}','2020-09-16 06:27:16'),('5a9e888433671aec17211f7c0e','{\"language\":\"ru-ru\",\"currency\":\"RUB\"}','2020-09-24 10:51:45'),('5ae2e7c5ab68d71ef4480ad35f','{\"language\":\"ru-ru\",\"currency\":\"RUB\"}','2020-02-20 05:11:06'),('5afe89b286c3b67c3291e45b4d','{\"language\":\"ru-ru\",\"currency\":\"RUB\"}','2020-09-28 17:09:46'),('5b0cac839638529711ec9ceffa','{\"language\":\"ru-ru\",\"currency\":\"RUB\"}','2020-02-19 02:51:20'),('5b3a09b0851b2e1b13b55511ab','{\"language\":\"ru-ru\",\"currency\":\"RUB\"}','2020-02-19 02:52:18'),('5b5e3646928bcc3cd1400fdb1a','{\"language\":\"ru-ru\",\"currency\":\"RUB\"}','2020-03-05 22:36:57'),('5b81e489dc6c4bd8112625c15c','{\"language\":\"ru-ru\",\"currency\":\"RUB\"}','2020-07-15 05:38:53'),('5bba21e1528e98add9fbc718a5','{\"language\":\"ru-ru\",\"currency\":\"RUB\"}','2020-03-12 20:54:47'),('5bbd9dcae65691c699413d67f4','{\"language\":\"ru-ru\",\"currency\":\"RUB\"}','2020-05-12 04:02:37'),('5bf560d330bab507833f734c3b','{\"language\":\"ru-ru\",\"currency\":\"RUB\"}','2020-09-20 23:33:22'),('5bfb0c67db2994129c6b46f519','{\"language\":\"ru-ru\",\"currency\":\"RUB\"}','2020-02-20 13:12:59'),('5c1e11a8deb2a716d3214563a9','{\"language\":\"ru-ru\",\"currency\":\"RUB\"}','2020-08-04 08:04:02'),('5c22d9ebf57dcde213af51258e','{\"language\":\"ru-ru\",\"currency\":\"RUB\"}','2020-03-02 22:39:13'),('5c311e0c2f8cc4c0b203057b36','{\"language\":\"ru-ru\",\"currency\":\"RUB\"}','2020-09-24 19:00:55'),('5c33d9dddca2b40f5941976626','{\"language\":\"ru-ru\",\"currency\":\"RUB\"}','2020-02-23 05:21:50'),('5c341cbe82acbfaf740b3c8f99','{\"language\":\"ru-ru\",\"currency\":\"RUB\"}','2020-02-20 16:50:49'),('5c49448b343245b531da4e02c1','{\"language\":\"ru-ru\",\"currency\":\"RUB\",\"redirect\":\"https:\\/\\/umolab.ru\\/shop\\/index.php?route=account\\/account\"}','2020-10-01 04:53:11'),('5c4bc7ea9ab607011ebfcba507','{\"language\":\"ru-ru\",\"currency\":\"RUB\"}','2020-06-18 14:38:55'),('5c51402c3b7dff7968eba5db33','{\"language\":\"ru-ru\",\"currency\":\"RUB\"}','2020-07-15 05:39:10'),('5c51c08d934b4fdb69073148a5','{\"language\":\"ru-ru\",\"currency\":\"RUB\"}','2020-09-23 20:01:53'),('5c57af50dae73811e8f48b6b91','{\"language\":\"ru-ru\",\"currency\":\"RUB\"}','2020-09-24 20:01:08'),('5c59e875a69db60dc1cd0f7a2b','{\"language\":\"ru-ru\",\"currency\":\"RUB\"}','2020-02-19 02:44:32'),('5c5b409b148bcb8558ab16dcfc','{\"language\":\"ru-ru\",\"currency\":\"RUB\"}','2020-05-20 02:33:24'),('5c6497bbf72c326a1b22ed9dd4','{\"language\":\"ru-ru\",\"currency\":\"RUB\"}','2020-07-30 01:50:50'),('5c7671a833257a854655420c86','{\"language\":\"ru-ru\",\"currency\":\"RUB\"}','2020-09-22 17:50:13'),('5c79b51bd8719ba1abc3aa470c','{\"language\":\"ru-ru\",\"currency\":\"RUB\"}','2020-02-20 05:14:42'),('5c7c298eaa0e1dc4d6bda9d9ff','{\"language\":\"ru-ru\",\"currency\":\"RUB\"}','2020-02-19 02:38:59'),('5c831fb0b9db230e61a1de8b0b','{\"language\":\"ru-ru\",\"currency\":\"RUB\"}','2020-02-20 05:09:53'),('5c921f7464bdd626ff78094d22','{\"language\":\"ru-ru\",\"currency\":\"RUB\"}','2020-02-20 08:28:26'),('5cac79becc50543a148eabef3d','{\"language\":\"ru-ru\",\"currency\":\"RUB\"}','2020-06-07 18:28:26'),('5ccef03b648811bba4e8ca0509','{\"language\":\"ru-ru\",\"currency\":\"RUB\"}','2020-09-21 06:06:36'),('5cdab19633063f003606f2519e','{\"language\":\"ru-ru\",\"currency\":\"RUB\"}','2020-09-21 21:38:29'),('5ce992fd712a2bd4a6861c6390','{\"language\":\"ru-ru\",\"currency\":\"RUB\"}','2020-06-18 20:29:46'),('5cf74dde6a80ccc7b4c2253b85','{\"language\":\"ru-ru\",\"currency\":\"RUB\"}','2020-09-18 10:44:12'),('5cfbb3fc6d7b75d5189dcfbd58','{\"language\":\"ru-ru\",\"currency\":\"RUB\"}','2020-02-20 18:47:00'),('5d339797bde52267d0d5b2ca15','{\"language\":\"ru-ru\",\"currency\":\"RUB\"}','2020-09-23 00:56:13'),('5d44968f6bdfb0524b496b7a4c','{\"language\":\"ru-ru\",\"currency\":\"RUB\"}','2020-02-19 02:38:16'),('5d4e6c45b09c4de9ad6001b608','{\"language\":\"ru-ru\",\"currency\":\"RUB\"}','2020-09-17 17:39:21'),('5d68bded6cfcf3782975db6e52','{\"language\":\"ru-ru\",\"currency\":\"RUB\",\"vouchers\":[]}','2020-07-08 08:26:58'),('5d6ea1073c6872ec94f40312ee','{\"language\":\"ru-ru\",\"currency\":\"RUB\"}','2020-02-20 05:09:05'),('5d860176fe5b436928af8d5893','{\"language\":\"ru-ru\",\"currency\":\"RUB\"}','2020-03-06 22:38:24'),('5d8f51f6b36febd0d8bb9d3e09','{\"language\":\"ru-ru\",\"currency\":\"RUB\"}','2020-03-11 10:23:28'),('5d92e6bcd8ea956453184ecf6d','{\"language\":\"ru-ru\",\"currency\":\"RUB\"}','2020-07-30 01:50:43'),('5d9363be2c46cd03ae9b62fcba','{\"language\":\"ru-ru\",\"currency\":\"RUB\"}','2020-02-20 20:59:20'),('5d936f1ac002c48b9f9679e463','{\"language\":\"ru-ru\",\"currency\":\"RUB\"}','2020-02-20 05:11:41'),('5db6d004a3d8df26d98ff2ef25','{\"language\":\"ru-ru\",\"currency\":\"RUB\"}','2020-02-19 02:48:55'),('5db7dd274146a24e1de64e4c04','{\"language\":\"ru-ru\",\"currency\":\"RUB\"}','2020-02-19 02:51:33'),('5db85f6c69d92a6080f15e62d8','{\"language\":\"ru-ru\",\"currency\":\"RUB\",\"redirect\":\"https:\\/\\/umolab.ru\\/shop\\/index.php?route=account\\/password\"}','2020-05-23 21:20:55'),('5db97d5a46b677dda9afb648b2','{\"language\":\"ru-ru\",\"currency\":\"RUB\"}','2020-02-27 02:58:39'),('5dc1fa752438959182a058b0c2','{\"language\":\"ru-ru\",\"currency\":\"RUB\"}','2020-02-21 00:24:35'),('5dd550a034f0c830483f01d59a','{\"language\":\"ru-ru\",\"currency\":\"RUB\"}','2020-09-18 04:57:52'),('5dea173936a81bbaef733bf864','{\"language\":\"ru-ru\",\"currency\":\"RUB\"}','2020-07-09 22:19:49'),('5dece9e32d1a6d679ecdee2799','{\"language\":\"ru-ru\",\"currency\":\"RUB\"}','2020-06-22 04:35:11'),('5df22179a355c4349311128932','{\"language\":\"ru-ru\",\"currency\":\"RUB\"}','2020-05-15 11:19:22'),('5dff8c90c85300eee638937021','{\"language\":\"ru-ru\",\"currency\":\"RUB\"}','2020-02-19 02:40:19'),('5e06659e3b3da5a4e8e32c5e86','{\"language\":\"ru-ru\",\"currency\":\"RUB\"}','2020-02-20 05:11:28'),('5e10b97d3aa719109bdee2ea74','{\"language\":\"ru-ru\",\"currency\":\"RUB\"}','2020-02-19 02:45:27'),('5e1172134383fd177bae0d9c10','{\"language\":\"ru-ru\",\"currency\":\"RUB\"}','2020-09-18 12:47:16'),('5e1bd7f720a65f525bd66e9ff3','{\"language\":\"ru-ru\",\"currency\":\"RUB\"}','2020-07-30 01:50:45'),('5e3e11008b2e758bbb70df2ec9','{\"language\":\"ru-ru\",\"currency\":\"RUB\"}','2020-09-24 10:04:25'),('5e4879ed24ab581226d4a01636','{\"language\":\"ru-ru\",\"currency\":\"RUB\"}','2020-08-26 20:14:03'),('5e5aa2d212f7e05fe59a39cb33','{\"language\":\"ru-ru\",\"currency\":\"RUB\"}','2020-07-12 03:11:58'),('5e6e9b22974f66b8f7ce1df4de','{\"language\":\"ru-ru\",\"currency\":\"RUB\"}','2020-07-24 04:41:26'),('5e7104244e5034b9a0919278c0','{\"language\":\"ru-ru\",\"currency\":\"RUB\",\"compare\":[]}','2020-08-25 18:32:08'),('5e765515689317e24c7cde0eae','{\"language\":\"ru-ru\",\"currency\":\"RUB\"}','2020-09-16 06:27:24'),('5e7f3057615ff1934fd50721e6','{\"language\":\"ru-ru\",\"currency\":\"RUB\"}','2020-09-02 08:16:00'),('5e835ff0ec5c727bba21a0ba86','{\"language\":\"ru-ru\",\"currency\":\"RUB\",\"redirect\":\"https:\\/\\/umolab.ru\\/shop\\/index.php?route=account\\/edit\"}','2020-03-25 19:22:12'),('5eab935ad317c1090d902b5f0b','{\"language\":\"ru-ru\",\"currency\":\"RUB\"}','2020-07-22 21:53:59'),('5ec06feeb0c17140be2ddd40ff','{\"language\":\"ru-ru\",\"currency\":\"RUB\"}','2020-09-16 06:29:20'),('5ecb9772822e6c094ae1b7346d','{\"language\":\"ru-ru\",\"currency\":\"RUB\"}','2020-06-07 07:53:43'),('5edcc9759187de620699cbad24','{\"language\":\"ru-ru\",\"currency\":\"RUB\"}','2020-05-04 17:42:23'),('5eef31d955f1a6f136cde7bce1','{\"language\":\"ru-ru\",\"currency\":\"RUB\"}','2020-02-19 04:12:40'),('5ef4bffd439f9e275ef7a9658e','{\"language\":\"ru-ru\",\"currency\":\"RUB\"}','2020-03-29 06:03:33'),('5ef8efbd5c5c70e5919848cd8b','{\"language\":\"ru-ru\",\"currency\":\"RUB\"}','2020-02-20 21:34:11'),('5efe734335ea191982ee94ef31','{\"language\":\"ru-ru\",\"currency\":\"RUB\"}','2020-03-08 17:34:15'),('5f26403fe77406bb5475e254ce','{\"language\":\"ru-ru\",\"currency\":\"RUB\"}','2020-07-15 05:39:03'),('5f30d1db5046891ef3034e0ef6','{\"language\":\"ru-ru\",\"currency\":\"RUB\"}','2020-09-18 15:15:36'),('5f38d391967dce9a453d36edb4','{\"language\":\"ru-ru\",\"currency\":\"RUB\"}','2020-09-17 23:21:14'),('5f3c9ad360668a7f6eb83552f6','{\"language\":\"en-gb\",\"currency\":\"RUB\"}','2020-06-01 17:20:45'),('5f4116ec2f518ec00bcebb6c5b','{\"language\":\"ru-ru\",\"currency\":\"RUB\"}','2020-09-23 17:49:43'),('5f4187f6871c3a127471642fa5','{\"language\":\"ru-ru\",\"currency\":\"RUB\"}','2020-04-16 10:18:11'),('5f63e6772febd2c9dabde46e6e','{\"language\":\"ru-ru\",\"currency\":\"RUB\"}','2020-09-21 15:25:08'),('5f63f4ca6b40b665580cba5327','{\"language\":\"ru-ru\",\"currency\":\"RUB\"}','2020-07-15 05:38:53'),('5f66b74e8c5aa9b7903f6a2342','{\"language\":\"ru-ru\",\"currency\":\"RUB\"}','2020-02-21 16:03:34'),('5f877c87a5695f43dbdd421799','{\"language\":\"ru-ru\",\"currency\":\"RUB\"}','2020-02-19 02:50:47'),('5f9da32b7fe34f7930dfc2c61f','{\"language\":\"ru-ru\",\"currency\":\"RUB\"}','2020-02-20 05:11:51'),('5fb5725d1c043a7178bfe8c587','{\"language\":\"ru-ru\",\"currency\":\"RUB\"}','2020-09-22 05:03:25'),('5fbbb248ebc5d13c7c36bf970e','{\"language\":\"ru-ru\",\"currency\":\"RUB\"}','2020-05-03 10:44:28'),('5fd8ea160b82f5925cdbcbbcb9','{\"language\":\"ru-ru\",\"currency\":\"RUB\"}','2020-02-19 02:41:36'),('5fd927e3947cf3d171b1535c90','{\"language\":\"ru-ru\",\"currency\":\"RUB\"}','2020-02-19 02:31:30'),('5fdc252edf729a1e85ff435b26','{\"language\":\"ru-ru\",\"currency\":\"RUB\"}','2020-09-19 05:42:41'),('5ff5c265f204520658da4a1e79','{\"language\":\"ru-ru\",\"currency\":\"RUB\"}','2020-09-20 13:26:58'),('601220d161b9fdb84434b73b0e','{\"language\":\"ru-ru\",\"currency\":\"RUB\"}','2020-09-20 17:57:40'),('602ab1d630657d5601cbb3072e','{\"language\":\"ru-ru\",\"currency\":\"RUB\",\"redirect\":\"https:\\/\\/umolab.ru\\/shop\\/index.php?route=account\\/wishlist\"}','2020-07-30 01:50:42'),('6052582f8ca62adaa2b0e8a4a1','{\"language\":\"ru-ru\",\"currency\":\"RUB\"}','2020-09-08 00:51:52'),('606b8400047ca1d398f46bd6a9','{\"language\":\"ru-ru\",\"currency\":\"RUB\"}','2020-02-20 05:11:12'),('60719b1f12d949453a122f4e84','{\"language\":\"ru-ru\",\"currency\":\"RUB\"}','2020-02-20 05:05:20'),('6081940f29749babc40d33e95a','{\"language\":\"ru-ru\",\"currency\":\"RUB\"}','2020-09-23 12:17:49'),('60976a1ae1ee256bed5149898c','{\"language\":\"ru-ru\",\"currency\":\"RUB\"}','2020-02-03 10:00:13'),('60b3783215a152b693d9664352','{\"language\":\"ru-ru\",\"currency\":\"RUB\"}','2020-02-20 05:09:46'),('60d1fa2874d02049e16d777d0c','{\"language\":\"ru-ru\",\"currency\":\"RUB\",\"compare\":[]}','2020-02-19 02:32:03'),('60d717ea37e8e2324212736d66','{\"language\":\"ru-ru\",\"currency\":\"RUB\"}','2020-02-22 11:11:18'),('60e9aa5cc7bd6833570a3a551a','{\"language\":\"ru-ru\",\"currency\":\"RUB\"}','2020-02-19 02:36:32'),('60ec9e53c5932ba92eb39449a6','{\"language\":\"ru-ru\",\"currency\":\"RUB\"}','2020-02-22 11:11:25'),('61092cfe54bbc915e86c939a07','{\"language\":\"ru-ru\",\"currency\":\"RUB\"}','2020-03-13 16:49:28'),('610d179e4d371826055f2a5ff9','{\"language\":\"ru-ru\",\"currency\":\"RUB\"}','2020-09-24 18:52:22'),('610d3d7c5b8c25b505fafb5297','{\"language\":\"ru-ru\",\"currency\":\"RUB\"}','2020-04-25 07:58:44'),('6114e07e5d63418fc3f939dbab','{\"language\":\"ru-ru\",\"currency\":\"RUB\"}','2020-08-26 09:29:54'),('6123e54aa50f8bda0f36e009d6','{\"language\":\"ru-ru\",\"currency\":\"RUB\"}','2020-07-15 05:39:10'),('61263f9be18904021c0b22fe76','{\"language\":\"ru-ru\",\"currency\":\"RUB\"}','2020-09-06 12:37:09'),('61267029d3e527384c36ce3415','{\"language\":\"ru-ru\",\"currency\":\"RUB\"}','2020-02-20 05:07:00'),('61512390365394c25b3eed6f6f','{\"language\":\"ru-ru\",\"currency\":\"RUB\"}','2020-03-09 21:16:10'),('61539074969744effff5304d93','{\"language\":\"ru-ru\",\"currency\":\"RUB\"}','2020-04-19 00:10:19'),('6158b39bb86694fa222a1a0000','{\"language\":\"ru-ru\",\"currency\":\"RUB\"}','2020-02-20 16:40:42'),('615e4425427f4ad178cef9f025','{\"language\":\"ru-ru\",\"currency\":\"RUB\"}','2020-09-18 00:00:28'),('6182bb6f58f1d90e7a7ba9700c','{\"language\":\"ru-ru\",\"currency\":\"RUB\"}','2020-10-01 14:23:28'),('618788db9046b57ae602e98f90','{\"language\":\"ru-ru\",\"currency\":\"RUB\"}','2020-05-21 17:02:06'),('618ff404288f884e4ac089b4d3','{\"language\":\"ru-ru\",\"currency\":\"RUB\"}','2020-03-23 16:13:28'),('61918c06a167dfaa7aa9b0e474','{\"language\":\"ru-ru\",\"currency\":\"RUB\"}','2020-02-19 02:52:35'),('61921d919d7c4edfde04683232','{\"language\":\"ru-ru\",\"currency\":\"RUB\"}','2020-04-17 04:39:26'),('6197d6d2cc89f8231f4da93695','{\"language\":\"en-gb\",\"currency\":\"RUB\"}','2020-07-09 11:02:43'),('619e47454d06de20841ec9a677','{\"language\":\"ru-ru\",\"currency\":\"RUB\"}','2020-02-20 22:12:03'),('61ac2de2fe7f3adb11810a2ebd','{\"language\":\"ru-ru\",\"currency\":\"RUB\",\"redirect\":\"https:\\/\\/umolab.ru\\/shop\\/index.php?route=account\\/password\"}','2020-09-21 22:27:37'),('61af0c8511a0f73a0753fcff62','{\"language\":\"ru-ru\",\"currency\":\"RUB\"}','2020-02-20 05:18:06'),('61e967fd22d36e2be864c1cd4a','{\"language\":\"ru-ru\",\"currency\":\"RUB\"}','2020-02-20 05:12:42'),('61f2eabeb813f04b9afe9680ba','{\"language\":\"ru-ru\",\"currency\":\"RUB\"}','2020-04-07 23:19:45'),('620300ee222ef2b8116fb7af6b','{\"language\":\"ru-ru\",\"currency\":\"RUB\"}','2020-02-19 02:41:07'),('621cba88d7444f74d4bebf9c2f','{\"language\":\"ru-ru\",\"currency\":\"RUB\",\"redirect\":\"https:\\/\\/umolab.ru\\/shop\\/index.php?route=account\\/account\"}','2020-08-31 11:34:34'),('6226158d0631aef8e909c67715','{\"language\":\"ru-ru\",\"currency\":\"RUB\"}','2020-10-03 15:04:25'),('6239791979627e2cefeabb6202','{\"language\":\"ru-ru\",\"currency\":\"RUB\"}','2020-03-08 17:14:40'),('62472d45c1a6c5689b6115c805','{\"language\":\"ru-ru\",\"currency\":\"RUB\",\"vouchers\":[]}','2020-04-11 09:38:48'),('625c4d46a101af15c31e1513c1','{\"language\":\"ru-ru\",\"currency\":\"RUB\"}','2020-02-27 02:58:22'),('6279971b48cfb03762cd534bc1','{\"language\":\"ru-ru\",\"currency\":\"RUB\"}','2020-02-20 17:48:32'),('62b43fb56a84e673ccf75e531a','{\"language\":\"ru-ru\",\"currency\":\"RUB\"}','2020-10-01 23:57:01'),('62b9e5ab29c2a70bce961ddbe6','{\"language\":\"ru-ru\",\"currency\":\"RUB\"}','2020-09-24 13:38:47'),('62c2fc256a1cb17278be803471','{\"language\":\"ru-ru\",\"currency\":\"RUB\"}','2020-08-27 03:43:04'),('62cd1d01bb94b0bd9cdeefe7de','{\"language\":\"ru-ru\",\"currency\":\"RUB\"}','2020-09-22 13:06:13'),('62e2f1fbcf77d6db4cc2439605','{\"language\":\"ru-ru\",\"currency\":\"RUB\"}','2020-07-12 02:50:04'),('62ea10d48a743241aa631cb1d7','{\"language\":\"ru-ru\",\"currency\":\"RUB\"}','2020-02-19 02:47:14'),('62eca2dad051fe0a30919adcb8','{\"language\":\"ru-ru\",\"currency\":\"RUB\"}','2020-09-06 23:08:58'),('63086f8613208d04d208e0f031','{\"language\":\"ru-ru\",\"currency\":\"RUB\"}','2020-09-23 18:55:37'),('630a7f7d0fc41afa4e13b36d9a','{\"language\":\"ru-ru\",\"currency\":\"RUB\"}','2020-02-19 02:50:38'),('6326c579cc1a5ecc99192db831','{\"language\":\"ru-ru\",\"currency\":\"RUB\"}','2020-09-19 14:56:27'),('6328ada97321102f90f835fcc4','{\"language\":\"ru-ru\",\"currency\":\"RUB\"}','2020-02-20 05:08:33'),('6335a85be6af80c93d74394c12','{\"language\":\"ru-ru\",\"currency\":\"RUB\"}','2020-09-21 11:28:28'),('6345a950baff99e490c214eb8d','{\"language\":\"ru-ru\",\"currency\":\"RUB\"}','2020-08-10 05:27:50'),('638e4fc20796210f5c0dad90d9','{\"language\":\"ru-ru\",\"currency\":\"RUB\"}','2020-02-20 19:02:43'),('638fcdb63348292891c90e054f','{\"language\":\"ru-ru\",\"currency\":\"RUB\"}','2020-09-21 00:47:55'),('638ffcc364b1801670f8988904','{\"language\":\"ru-ru\",\"currency\":\"RUB\"}','2020-06-20 03:23:17'),('6398d504c44b36b6a3cc766a4c','{\"language\":\"ru-ru\",\"currency\":\"RUB\"}','2020-08-27 00:17:32'),('63a1f855bd265fa0cf13859dc2','{\"language\":\"ru-ru\",\"currency\":\"RUB\"}','2020-02-19 02:41:11'),('63a49fb324a5cab573d3f66bc4','{\"language\":\"ru-ru\",\"currency\":\"RUB\"}','2020-04-15 03:01:11'),('63a5cc1ccec6ac9da454c12f73','{\"language\":\"ru-ru\",\"currency\":\"RUB\"}','2020-09-21 23:51:02'),('63ad48f25bfb9161e3d145267b','{\"language\":\"ru-ru\",\"currency\":\"RUB\"}','2020-03-11 11:12:58'),('63d85e909634733143d7b7c36b','{\"language\":\"ru-ru\",\"currency\":\"RUB\"}','2020-02-19 02:49:53'),('63de54ff4a24843b18c4b8b2d1','{\"language\":\"ru-ru\",\"currency\":\"RUB\"}','2020-06-16 18:39:44'),('63ee6231041835485f1dce99ce','{\"language\":\"ru-ru\",\"currency\":\"RUB\"}','2020-08-16 00:32:22'),('63fe704b0dc93b2b18b4f1fdd3','{\"language\":\"ru-ru\",\"currency\":\"RUB\"}','2020-09-21 06:25:32'),('63ff21a6f02a3ef91725d32ccd','{\"language\":\"ru-ru\",\"currency\":\"RUB\"}','2020-05-02 19:42:59'),('643384f54629ba45d6562ab163','{\"language\":\"ru-ru\",\"currency\":\"RUB\"}','2020-08-24 18:27:22'),('643b9d1ea6edd45e61e9e12bf6','{\"language\":\"ru-ru\",\"currency\":\"RUB\"}','2020-09-17 17:41:42'),('6449acf77d93c1271aebdab274','{\"language\":\"ru-ru\",\"currency\":\"RUB\"}','2020-02-20 05:13:14'),('645e1a6f7b77bf9b4f972d9f61','{\"language\":\"ru-ru\",\"currency\":\"RUB\"}','2020-02-20 05:15:45'),('646b8d1ce113d4d66a58611856','{\"language\":\"ru-ru\",\"currency\":\"RUB\"}','2020-09-16 06:30:05'),('646dca36864bd88e453a4a8787','{\"language\":\"ru-ru\",\"currency\":\"RUB\"}','2020-02-20 16:59:38'),('647ea20b320df58a998f156578','{\"language\":\"ru-ru\",\"currency\":\"RUB\"}','2020-09-18 11:50:28'),('648c449874e2e43c2e6b695240','{\"language\":\"ru-ru\",\"currency\":\"RUB\"}','2020-09-18 04:25:32'),('64ad3c3bcf4bc84d457125d882','{\"language\":\"ru-ru\",\"currency\":\"RUB\"}','2020-07-03 10:15:34'),('64bb328acf08ee1484829d3680','{\"language\":\"ru-ru\",\"currency\":\"RUB\"}','2020-07-04 05:41:54'),('64ecf4abf1c883315319dd5a47','{\"language\":\"ru-ru\",\"currency\":\"RUB\"}','2020-02-19 02:40:43'),('64f393ffdfdc5d757d637a3943','{\"language\":\"ru-ru\",\"currency\":\"RUB\"}','2020-09-20 22:13:16'),('650f59ba6e8c8469ab1d02cc18','{\"language\":\"ru-ru\",\"currency\":\"RUB\"}','2020-07-21 23:58:20'),('6514ac8f7dc2ff813af26cc874','{\"language\":\"ru-ru\",\"currency\":\"RUB\"}','2020-03-02 09:23:29'),('652cfed5cb3f31db265097302c','{\"language\":\"ru-ru\",\"currency\":\"RUB\"}','2020-07-15 05:38:42'),('652d491d94d9c91eb7aa163e2a','{\"language\":\"ru-ru\",\"currency\":\"RUB\"}','2020-09-10 13:22:00'),('6548a5821e3ce9d555ebeebc36','{\"language\":\"ru-ru\",\"currency\":\"RUB\"}','2020-02-19 02:47:34'),('65589f9315323646a5075e1801','{\"language\":\"ru-ru\",\"currency\":\"RUB\"}','2020-04-19 00:01:22'),('655a60d4f134b18c7764fe51cc','{\"language\":\"ru-ru\",\"currency\":\"RUB\"}','2020-09-23 22:33:21'),('655c847d1ddca28b24e4c92568','{\"language\":\"ru-ru\",\"currency\":\"RUB\"}','2020-09-20 12:14:56'),('656d694c7ddc42d889803b29ed','{\"language\":\"ru-ru\",\"currency\":\"RUB\"}','2020-03-11 09:54:01'),('6597f6cf0a92816eaf291a3819','{\"language\":\"en-gb\",\"currency\":\"RUB\"}','2020-06-07 08:21:44'),('65b0cb9ad0fdb57292633bd791','{\"language\":\"ru-ru\",\"currency\":\"RUB\"}','2020-02-20 05:06:16'),('65beab287c0591a626e33d6e6b','{\"language\":\"ru-ru\",\"currency\":\"RUB\"}','2020-02-20 14:32:34'),('65c2826ff274ce20417223165b','{\"language\":\"ru-ru\",\"currency\":\"RUB\"}','2020-06-06 19:00:43'),('65cfac8c1477955a9943b3789b','{\"language\":\"ru-ru\",\"currency\":\"RUB\"}','2020-02-20 05:11:25'),('65e50a26d5372e3394f9fe579f','{\"language\":\"ru-ru\",\"currency\":\"RUB\"}','2020-08-23 21:15:27'),('65ebf64e5085e6da25c03727c3','{\"language\":\"ru-ru\",\"currency\":\"RUB\",\"vouchers\":[]}','2020-02-27 02:57:12'),('65ef2961d4c57e2708f1062eb7','{\"language\":\"ru-ru\",\"currency\":\"RUB\"}','2020-09-22 12:28:22'),('65fac3c3af9edc25a2a3263ec0','{\"language\":\"ru-ru\",\"currency\":\"RUB\"}','2020-08-27 09:11:50'),('66089444c0f32d04e4489eef9b','{\"language\":\"ru-ru\",\"currency\":\"RUB\"}','2020-03-04 09:00:53'),('66356f541ac0f71e179165d648','{\"language\":\"ru-ru\",\"currency\":\"RUB\"}','2020-02-19 02:47:44'),('665774a0ac4300c03c0bd20753','{\"language\":\"ru-ru\",\"currency\":\"RUB\"}','2020-02-22 11:13:50'),('66699fa9761a3fd5eeb842e384','{\"language\":\"ru-ru\",\"currency\":\"RUB\"}','2020-02-20 05:12:25'),('668317fc65fcd1b13b2165e761','{\"language\":\"ru-ru\",\"currency\":\"RUB\"}','2020-03-08 17:24:29'),('668f0cb44fe6e491234e568524','{\"language\":\"ru-ru\",\"currency\":\"RUB\"}','2020-03-22 16:45:49'),('669097d90bc818b30b013ac045','{\"language\":\"ru-ru\",\"currency\":\"RUB\"}','2020-04-16 06:53:30'),('6698588b6b3b21e1279b42ff4f','{\"language\":\"ru-ru\",\"currency\":\"RUB\"}','2020-02-20 05:11:20'),('66adb990ada7edb735293692de','{\"language\":\"ru-ru\",\"currency\":\"RUB\"}','2020-03-10 02:21:04'),('66ae342b0753c320c568ef78aa','{\"language\":\"ru-ru\",\"currency\":\"RUB\"}','2020-02-20 05:09:04'),('66b46d7278bac9a702c19c6605','{\"language\":\"ru-ru\",\"currency\":\"RUB\",\"vouchers\":[]}','2020-02-26 20:54:37'),('6713414c9a3c1a91db2f9ebd5c','{\"language\":\"ru-ru\",\"currency\":\"RUB\"}','2020-02-20 05:07:17'),('671cb7d32737164583743bd2c8','{\"language\":\"ru-ru\",\"currency\":\"RUB\"}','2020-02-20 05:09:19'),('67232bed222251c9e2f4a20f14','{\"language\":\"ru-ru\",\"currency\":\"RUB\"}','2020-02-19 02:50:59'),('672a92d873574624e4cb33cabc','{\"language\":\"ru-ru\",\"currency\":\"RUB\"}','2020-09-21 06:53:56'),('674bf3a6e9527b06e2af61c00b','{\"language\":\"ru-ru\",\"currency\":\"RUB\"}','2020-09-19 14:49:14'),('675b4c9d742995caae9ad2bcec','{\"language\":\"ru-ru\",\"currency\":\"RUB\"}','2020-09-03 09:13:31'),('676d0984b9c15c20244dea3227','{\"language\":\"ru-ru\",\"currency\":\"RUB\"}','2020-02-20 05:21:17'),('67aba9eb0ed4ae2546f60b3ea2','{\"language\":\"ru-ru\",\"currency\":\"RUB\"}','2020-09-20 20:00:44'),('67bb8a089cc26616a881b52ee9','{\"language\":\"ru-ru\",\"currency\":\"RUB\"}','2020-04-05 22:33:45'),('67c2715409384e6929809264f4','{\"language\":\"ru-ru\",\"currency\":\"RUB\"}','2020-02-19 02:39:15'),('67d2d8151bb74b53be9533c9f1','{\"language\":\"ru-ru\",\"currency\":\"RUB\"}','2020-06-19 04:17:37'),('67eb704b0b4a1c742aa546f612','{\"language\":\"ru-ru\",\"currency\":\"RUB\"}','2020-02-20 05:07:57'),('67f45e0ce9738e150a0def5869','{\"language\":\"ru-ru\",\"currency\":\"RUB\"}','2020-02-21 16:16:40'),('67fb7786aa3576a7036fe232a2','{\"language\":\"ru-ru\",\"currency\":\"RUB\"}','2020-09-22 10:44:13'),('68031d9e2dc3e03fa414a17ac6','{\"language\":\"ru-ru\",\"currency\":\"RUB\"}','2020-06-08 09:28:28'),('68214f58556ae77cefa56f3961','{\"language\":\"ru-ru\",\"currency\":\"RUB\"}','2020-03-06 01:12:47'),('682d89fc83b958372dc84ce705','{\"language\":\"ru-ru\",\"currency\":\"RUB\"}','2020-09-23 02:40:21'),('6835c13dd774974753a8f133a1','{\"language\":\"ru-ru\",\"currency\":\"RUB\"}','2020-02-21 00:05:38'),('684329a265313e89cebc3158c2','{\"language\":\"ru-ru\",\"currency\":\"RUB\"}','2020-09-13 16:55:34'),('684a82b499749eda1c4dda4c7d','{\"language\":\"ru-ru\",\"currency\":\"RUB\"}','2020-02-20 05:10:54'),('68579e353d7fb355d7579c274a','{\"language\":\"ru-ru\",\"currency\":\"RUB\"}','2020-05-10 15:19:43'),('685972dd546191aef078fdc102','{\"language\":\"ru-ru\",\"currency\":\"RUB\"}','2020-03-07 02:46:03'),('68599c57798f51329e5b084fb1','{\"language\":\"ru-ru\",\"currency\":\"RUB\"}','2020-09-21 03:54:04'),('6886576c799182e41e339fd8db','{\"language\":\"ru-ru\",\"currency\":\"RUB\",\"compare\":[]}','2020-06-16 22:56:40'),('688ba4281d543ed07ddb68e724','{\"language\":\"ru-ru\",\"currency\":\"RUB\"}','2020-09-17 07:48:28'),('688e3370d835e6b4dcee2530e0','{\"language\":\"ru-ru\",\"currency\":\"RUB\"}','2020-07-24 04:40:57'),('68900760b0ade58e0a3cc26549','{\"language\":\"ru-ru\",\"currency\":\"RUB\"}','2020-02-20 18:35:10'),('6892294f4dfb6e91c46f1ecc38','{\"language\":\"ru-ru\",\"currency\":\"RUB\"}','2020-02-20 20:56:18'),('68ad7b4c0322bafffffe5a3f01','{\"language\":\"en-gb\",\"currency\":\"RUB\"}','2020-06-19 04:04:43'),('68c777227dd422b18f34226d28','{\"language\":\"ru-ru\",\"currency\":\"RUB\"}','2020-03-29 22:34:35'),('68ce9edd96964ad56af796e9a2','{\"language\":\"ru-ru\",\"currency\":\"RUB\"}','2020-02-20 05:04:41'),('68e322886502bd6ab9818edb48','{\"language\":\"ru-ru\",\"currency\":\"RUB\"}','2020-09-24 09:03:02'),('68e89757dcea8760f8ffbcbafb','{\"language\":\"ru-ru\",\"currency\":\"RUB\",\"redirect\":\"https:\\/\\/umolab.ru\\/shop\\/index.php?route=account\\/order\"}','2020-09-17 13:32:11'),('6903321a3f2be9356fac66068e','{\"language\":\"ru-ru\",\"currency\":\"RUB\"}','2020-06-18 20:29:32'),('69036d74ad497119f71081d43c','{\"language\":\"ru-ru\",\"currency\":\"RUB\"}','2020-09-24 02:55:24'),('6913e3651f19022bfb369e2b1f','{\"language\":\"ru-ru\",\"currency\":\"RUB\"}','2020-02-20 05:06:58'),('6917d21564279175924278792e','{\"language\":\"ru-ru\",\"currency\":\"RUB\"}','2020-02-19 02:48:02'),('6920acc734a805743d22a161b1','{\"language\":\"ru-ru\",\"currency\":\"RUB\"}','2020-02-20 05:18:31'),('6923881e3d545e00d1ec546ab3','{\"language\":\"ru-ru\",\"currency\":\"RUB\"}','2020-09-24 19:04:20'),('693f902a63f7641b1c94bde7e4','{\"language\":\"ru-ru\",\"currency\":\"RUB\"}','2020-09-18 23:26:25'),('6946be5aca60966af7966fe555','{\"language\":\"ru-ru\",\"currency\":\"RUB\"}','2020-02-27 02:58:56'),('694796e2ea2c09d7c738d8b48b','{\"language\":\"ru-ru\",\"currency\":\"RUB\"}','2020-03-19 06:50:19'),('695a72a8975fc7c4a7ba01e82d','{\"language\":\"ru-ru\",\"currency\":\"RUB\"}','2020-05-22 01:03:00'),('69638300227e5a7c2f00927319','{\"language\":\"ru-ru\",\"currency\":\"RUB\"}','2020-08-18 06:51:59'),('696d3ba9b93196995b3c6bd85f','{\"language\":\"ru-ru\",\"currency\":\"RUB\"}','2020-09-23 18:43:39'),('696f4b809fa3f7b57b8c1b3b71','{\"language\":\"ru-ru\",\"currency\":\"RUB\"}','2020-05-11 19:09:09'),('697b250f8b6d4efa5d20d1da11','{\"language\":\"ru-ru\",\"currency\":\"RUB\"}','2020-04-23 16:31:42'),('697cc7b0e36c31a55a8ec36cfe','{\"language\":\"ru-ru\",\"currency\":\"RUB\"}','2020-07-20 20:00:12'),('697f2eed48c2832474b7538b64','{\"language\":\"ru-ru\",\"currency\":\"RUB\"}','2020-06-14 19:58:59'),('6987ed92ee8b90fbb84c5030c6','{\"language\":\"ru-ru\",\"currency\":\"RUB\"}','2020-07-15 05:39:03'),('698d767825bcfd6b67658b8796','{\"language\":\"ru-ru\",\"currency\":\"RUB\"}','2020-04-15 10:04:01'),('699928d756db9148337be5ac06','{\"language\":\"ru-ru\",\"currency\":\"RUB\"}','2020-09-19 20:30:11'),('69ad328e41ea9422e27b9c7f0a','{\"language\":\"ru-ru\",\"currency\":\"RUB\"}','2020-02-20 22:40:27'),('69c3eaf6fe1fded33f8c1bd86b','{\"language\":\"ru-ru\",\"currency\":\"RUB\"}','2020-03-19 17:38:50'),('69df12125ccf8a0f2328c06cac','{\"language\":\"ru-ru\",\"currency\":\"RUB\"}','2020-09-22 00:00:29'),('69eccc52c0817a59c2efa062d2','{\"language\":\"ru-ru\",\"currency\":\"RUB\"}','2020-09-19 08:16:17'),('69f08a03f5d91a6144c2b59217','{\"language\":\"ru-ru\",\"currency\":\"RUB\"}','2020-02-20 05:11:37'),('69f90773fe8c4d6786b42cb3c6','{\"language\":\"ru-ru\",\"currency\":\"RUB\"}','2020-02-19 02:35:50'),('69fc7aa05b961a88f38db88ced','{\"language\":\"ru-ru\",\"currency\":\"RUB\"}','2020-09-16 02:44:21'),('6a22917c6463f4ecc2152ebe65','{\"language\":\"ru-ru\",\"currency\":\"RUB\"}','2020-02-19 02:50:05'),('6a2ddec4404b97ad849c1e5d76','{\"language\":\"ru-ru\",\"currency\":\"RUB\"}','2020-02-19 02:52:09'),('6a50baf92f6d5da01da8bfd16c','{\"language\":\"ru-ru\",\"currency\":\"RUB\"}','2020-07-20 09:35:25'),('6a7f03014df38d030ec4363e33','{\"language\":\"ru-ru\",\"currency\":\"RUB\"}','2020-09-20 08:20:11'),('6a9281fd88c2e8449a7a2b07e0','{\"language\":\"ru-ru\",\"currency\":\"RUB\"}','2020-04-29 12:41:05'),('6a9dc9e8aeccbeebab5a879059','{\"language\":\"ru-ru\",\"currency\":\"RUB\"}','2020-02-20 05:22:14'),('6aa02c5ecfbda26e987dca97ad','{\"language\":\"ru-ru\",\"currency\":\"RUB\"}','2020-09-19 18:05:38'),('6aa25006759ef81be429c0f1d3','{\"language\":\"ru-ru\",\"currency\":\"RUB\"}','2020-09-24 18:49:04'),('6aada583eccadd818b3930032c','{\"language\":\"ru-ru\",\"currency\":\"RUB\"}','2020-02-19 02:47:28'),('6ab3952c237cf9eb463e7e8cb8','{\"language\":\"ru-ru\",\"currency\":\"RUB\"}','2020-02-20 05:09:55'),('6ab440a0a95c1be72e808cfef7','{\"language\":\"ru-ru\",\"currency\":\"RUB\"}','2020-02-21 14:12:06'),('6ab60c53838cb0eef1c2336ba7','{\"language\":\"ru-ru\",\"currency\":\"RUB\"}','2020-08-06 12:09:33'),('6ab6b35d051524f7a9c3ae05af','{\"language\":\"en-gb\",\"currency\":\"RUB\"}','2020-07-11 12:59:15'),('6ab8eb98630f99dfc5ee7814ec','{\"language\":\"ru-ru\",\"currency\":\"RUB\"}','2020-09-27 10:53:37'),('6acd9560400c15cb15565456e5','{\"language\":\"ru-ru\",\"currency\":\"RUB\"}','2020-02-22 11:09:37'),('6ad76bcd8b1cb7b46da69becd7','{\"language\":\"ru-ru\",\"currency\":\"RUB\"}','2020-04-04 09:43:03'),('6adb196a570f5f072c2607792e','{\"language\":\"ru-ru\",\"currency\":\"RUB\"}','2020-09-03 05:23:38'),('6adc8acbab6c98e434b8c39b5a','{\"language\":\"ru-ru\",\"currency\":\"RUB\"}','2020-02-22 11:23:16'),('6ae7ffbdd9120f090305e9955a','{\"language\":\"ru-ru\",\"currency\":\"RUB\"}','2020-10-03 00:51:51'),('6b001b1376f21d647c4f5a504a','{\"language\":\"ru-ru\",\"currency\":\"RUB\"}','2020-08-03 05:41:34'),('6b0208adc4cb7ac5c4b65cb155','{\"language\":\"ru-ru\",\"currency\":\"RUB\"}','2020-07-15 05:38:42'),('6b08806fc578d47e091d52518b','{\"language\":\"ru-ru\",\"currency\":\"RUB\"}','2020-02-20 05:19:38'),('6b17fea3848f5df9e2aa86fc8e','{\"language\":\"ru-ru\",\"currency\":\"RUB\"}','2020-03-11 12:24:36'),('6b440eb6b29b076b4edb5725da','{\"language\":\"ru-ru\",\"currency\":\"RUB\"}','2020-05-29 06:26:48'),('6b4dcdc36d1e726a66690bdb41','{\"language\":\"ru-ru\",\"currency\":\"RUB\"}','2020-09-20 16:22:59'),('6b515c6699c989896e6a300d48','{\"language\":\"ru-ru\",\"currency\":\"RUB\"}','2020-04-15 10:01:59'),('6b5ee37c81390040aaa440e36f','{\"language\":\"ru-ru\",\"currency\":\"RUB\"}','2020-08-11 04:06:56'),('6b65a6d8df4882cd10012c4ae8','{\"language\":\"ru-ru\",\"currency\":\"RUB\"}','2020-09-18 15:17:39'),('6b85e3a7eff59ffc35707723f2','{\"language\":\"ru-ru\",\"currency\":\"RUB\"}','2020-09-22 20:31:09'),('6b8655312efa9a2142a4498cb3','{\"language\":\"ru-ru\",\"currency\":\"RUB\"}','2020-02-20 05:12:07'),('6ba925144ccafcbff6fb57f6f6','{\"language\":\"ru-ru\",\"currency\":\"RUB\"}','2020-02-21 01:40:18'),('6bc86a734bf93037ae0c29d647','{\"language\":\"ru-ru\",\"currency\":\"RUB\"}','2020-08-29 13:43:46'),('6bd06bd00bcf2906500101cabf','{\"language\":\"ru-ru\",\"currency\":\"RUB\"}','2020-02-19 02:32:06'),('6bd85033032f03e9fd3d4a2b29','{\"language\":\"ru-ru\",\"currency\":\"RUB\"}','2020-09-19 14:53:45'),('6be2532302fc45c87cc9835eac','{\"language\":\"ru-ru\",\"currency\":\"RUB\"}','2020-09-22 14:59:49'),('6be88e545705af374fcea0fd27','{\"language\":\"ru-ru\",\"currency\":\"RUB\"}','2020-09-24 07:42:25'),('6bea423dd1669934ba8c40e668','{\"language\":\"ru-ru\",\"currency\":\"RUB\"}','2020-09-17 22:44:44'),('6bf0c5319ef5ff003aefa5d736','{\"language\":\"ru-ru\",\"currency\":\"RUB\"}','2020-02-19 02:36:06'),('6bf55fad1833c123e316b2ad71','{\"language\":\"ru-ru\",\"currency\":\"RUB\"}','2020-02-20 13:59:46'),('6bf8a061611d81506c7de32e11','{\"language\":\"ru-ru\",\"currency\":\"RUB\"}','2020-09-23 05:59:09'),('6c0335927b6fd5ce66ad6bafeb','{\"language\":\"ru-ru\",\"currency\":\"RUB\"}','2020-09-19 14:51:03'),('6c04d6c21e28c2c661b2266a09','{\"language\":\"ru-ru\",\"currency\":\"RUB\"}','2020-06-15 13:40:56'),('6c17d4d95499b8f3f13d09ab39','{\"language\":\"ru-ru\",\"currency\":\"RUB\"}','2020-02-19 02:32:13'),('6c200626d7eb49118faf444bb1','{\"language\":\"ru-ru\",\"currency\":\"RUB\"}','2020-09-19 18:37:04'),('6c29235ad625de01687e537f03','{\"language\":\"ru-ru\",\"currency\":\"RUB\"}','2020-03-09 12:25:48'),('6c2f7616231d283c6599bd3dd6','{\"language\":\"ru-ru\",\"currency\":\"RUB\"}','2020-02-19 02:32:53'),('6c401ef02acb6945dcaa7a82e1','{\"language\":\"ru-ru\",\"currency\":\"RUB\"}','2020-04-20 18:31:41'),('6c4e15d3d3992c5db6d16fb165','{\"language\":\"ru-ru\",\"currency\":\"RUB\"}','2020-06-04 01:48:19'),('6c533ab9ce962341d961ac3ae2','{\"language\":\"ru-ru\",\"currency\":\"RUB\"}','2020-09-26 16:52:00'),('6c552b98820d66d1722d3239d2','{\"language\":\"ru-ru\",\"currency\":\"RUB\"}','2020-02-19 02:51:40'),('6c6bb4a8eeeeeabfdbe5fde259','{\"language\":\"ru-ru\",\"currency\":\"RUB\"}','2020-02-19 02:41:41'),('6c70f79ea15562860310e1ecaa','{\"language\":\"ru-ru\",\"currency\":\"RUB\"}','2020-09-02 05:07:24'),('6c71ee9c177900db78f249f942','{\"language\":\"ru-ru\",\"currency\":\"RUB\"}','2020-02-20 20:37:22'),('6c76ae371b3b1d65b6c607dfc6','{\"language\":\"ru-ru\",\"currency\":\"RUB\"}','2020-04-12 08:13:58'),('6cab3d9e9638b96a059bad3697','{\"language\":\"ru-ru\",\"currency\":\"RUB\"}','2020-02-20 05:13:29'),('6cbd163b5af419e61c44a937be','{\"language\":\"ru-ru\",\"currency\":\"RUB\"}','2020-03-16 23:42:45'),('6cd22d8b55d236211548ff9628','{\"language\":\"ru-ru\",\"currency\":\"RUB\"}','2020-09-07 17:37:11'),('6cd8277dfe6941a20185effd24','{\"language\":\"ru-ru\",\"currency\":\"RUB\"}','2020-09-02 23:03:39'),('6cf139a7db7169a6a1a12c01cf','{\"language\":\"ru-ru\",\"currency\":\"RUB\"}','2020-09-09 00:01:19'),('6cf5a53f4c917c23a0ee113134','{\"language\":\"ru-ru\",\"currency\":\"RUB\"}','2020-02-20 05:28:34'),('6cf5cf1fa546c11620714ecf3a','{\"language\":\"ru-ru\",\"currency\":\"RUB\"}','2020-02-20 05:08:57'),('6cf7ffcd3fc6b7895c59cead8a','{\"language\":\"ru-ru\",\"currency\":\"RUB\",\"compare\":[]}','2020-09-16 20:05:19'),('6d0f96656779ab2d0958f5970d','{\"language\":\"ru-ru\",\"currency\":\"RUB\"}','2020-03-05 14:24:05'),('6d11a1dc122421ae00cbdac351','{\"language\":\"ru-ru\",\"currency\":\"RUB\"}','2020-02-19 02:44:49'),('6d1eb7ba994511a95107ac7744','{\"language\":\"ru-ru\",\"currency\":\"RUB\"}','2020-09-15 11:48:47'),('6d20a7d8f483ca06b35fd61fd5','{\"language\":\"ru-ru\",\"currency\":\"RUB\"}','2020-02-20 05:10:14'),('6d2d161a5faad632f54f115c1e','{\"language\":\"ru-ru\",\"currency\":\"RUB\"}','2020-07-24 04:40:52'),('6d2d39800aa7c58a1ac9a32220','{\"language\":\"ru-ru\",\"currency\":\"RUB\"}','2020-08-24 13:04:15'),('6d356989152edf3f879ae1a3a6','{\"language\":\"ru-ru\",\"currency\":\"RUB\"}','2020-09-18 12:52:13'),('6d51d90076180bffa292be21bb','{\"language\":\"ru-ru\",\"currency\":\"RUB\"}','2020-02-21 14:15:48'),('6d5258566099fe499f6d468e90','{\"language\":\"ru-ru\",\"currency\":\"RUB\"}','2020-08-08 22:14:15'),('6d5ecff0975b55466c35a19b10','{\"language\":\"ru-ru\",\"currency\":\"RUB\"}','2020-09-21 04:12:08'),('6d72c17e1ee8d4e8334b71b9de','{\"language\":\"ru-ru\",\"currency\":\"RUB\"}','2020-07-18 05:07:38'),('6d791528389c1dd710aee80661','{\"language\":\"ru-ru\",\"currency\":\"RUB\"}','2020-02-19 02:45:18'),('6d959204e98e66302a40167bdc','{\"language\":\"ru-ru\",\"currency\":\"RUB\"}','2020-09-12 08:37:39'),('6d9c9b170d26112cf50a4311f8','{\"language\":\"ru-ru\",\"currency\":\"RUB\"}','2020-09-20 13:14:53'),('6dd1ab7c453da13183f4d4333b','{\"language\":\"ru-ru\",\"currency\":\"RUB\"}','2020-09-12 05:22:25'),('6ddc75194cf2a2e5c1664a529e','{\"language\":\"ru-ru\",\"currency\":\"RUB\"}','2020-02-22 11:07:20'),('6de04a01ca1c009901d1849364','{\"language\":\"ru-ru\",\"currency\":\"RUB\"}','2020-07-24 04:41:24'),('6de82c845fd54df4c9e9d7776f','{\"language\":\"ru-ru\",\"currency\":\"RUB\",\"redirect\":\"https:\\/\\/umolab.ru\\/shop\\/index.php?route=account\\/download\"}','2020-02-28 20:57:59'),('6decbf6ee460985f831bc3c201','{\"language\":\"ru-ru\",\"currency\":\"RUB\"}','2020-02-20 05:11:44'),('6e01da8c15807b2f83d04931ca','{\"language\":\"ru-ru\",\"currency\":\"RUB\"}','2020-09-09 06:36:03'),('6e03b02481cf117c954c1fc3b3','{\"language\":\"ru-ru\",\"currency\":\"RUB\"}','2020-02-21 17:07:04'),('6e07726e4a225ca23028b602c4','{\"language\":\"ru-ru\",\"currency\":\"RUB\"}','2020-03-10 12:28:59'),('6e0ba65e846c8a6aaf2887487e','{\"language\":\"ru-ru\",\"currency\":\"RUB\"}','2020-02-20 10:19:20'),('6e1485bc1964d46a04b7b11eb4','{\"language\":\"ru-ru\",\"currency\":\"RUB\"}','2020-08-28 13:59:01'),('6e2576dd0fcbbca61224279172','{\"language\":\"ru-ru\",\"currency\":\"RUB\"}','2020-07-15 05:38:32'),('6e3733669c18b301f7f316c3c3','{\"language\":\"ru-ru\",\"currency\":\"RUB\"}','2020-02-22 11:18:12'),('6e440aadfdb89b0738f8b21c43','{\"language\":\"ru-ru\",\"currency\":\"RUB\"}','2020-04-23 13:29:55'),('6e5331e3d1050e431612b9b37c','{\"language\":\"ru-ru\",\"currency\":\"RUB\"}','2020-02-19 02:50:25'),('6e5e54d25d454c2b361243cc6f','{\"language\":\"ru-ru\",\"currency\":\"RUB\"}','2020-09-21 18:25:00'),('6e6f353b638fbf41c9d9c3e406','{\"language\":\"ru-ru\",\"currency\":\"RUB\"}','2020-02-20 05:08:58'),('6e715b765ba25846809ab62682','{\"language\":\"ru-ru\",\"currency\":\"RUB\"}','2020-02-20 21:02:38'),('6e7bc0ff2a9b0511aa899215be','{\"language\":\"ru-ru\",\"currency\":\"RUB\"}','2020-02-22 11:41:11'),('6e7f221c426cd9ca486da00f3d','{\"language\":\"ru-ru\",\"currency\":\"RUB\"}','2020-02-19 02:50:11'),('6e84599125317a55a6b5a77299','{\"language\":\"ru-ru\",\"currency\":\"RUB\"}','2020-09-19 17:30:19'),('6e89509faff6c6be544ac48c0f','{\"language\":\"ru-ru\",\"currency\":\"RUB\"}','2020-09-22 04:44:29'),('6edf5fdde9b96606aa9cf43dc4','{\"language\":\"ru-ru\",\"currency\":\"RUB\"}','2020-09-30 10:21:54'),('6ee14224fb001343af4357ae72','{\"language\":\"ru-ru\",\"currency\":\"RUB\"}','2020-09-02 09:29:46'),('6ee55550ca2ef204defd98b8ad','{\"language\":\"en-gb\",\"currency\":\"RUB\"}','2020-05-18 21:25:52'),('6f09454bd3d65c7551dd9353c5','{\"language\":\"ru-ru\",\"currency\":\"RUB\"}','2020-02-21 14:20:55'),('6f1c6d4605b064acf490a703b9','{\"language\":\"ru-ru\",\"currency\":\"RUB\"}','2020-09-18 11:22:04'),('6f2b803bf59a2e3d4c3d952da8','{\"language\":\"ru-ru\",\"currency\":\"RUB\"}','2020-09-06 20:00:45'),('6f50486fcb78bc2fd0c7164079','{\"language\":\"ru-ru\",\"currency\":\"RUB\"}','2020-09-22 14:12:29'),('6f50fb347887e5a5bbc2a3624f','{\"language\":\"ru-ru\",\"currency\":\"RUB\"}','2020-09-18 10:06:20'),('6f603bdcfc3b656b4caf08da53','{\"language\":\"ru-ru\",\"currency\":\"RUB\"}','2020-03-03 00:02:51'),('6f74b936846d608545345c4fd7','{\"language\":\"en-gb\",\"currency\":\"RUB\"}','2020-04-14 16:04:20'),('6f919a89be1c02567fe1c4765b','{\"language\":\"ru-ru\",\"currency\":\"RUB\"}','2020-02-29 17:05:50'),('6f963d40335cc90d8337ba0f86','{\"language\":\"ru-ru\",\"currency\":\"RUB\",\"redirect\":\"https:\\/\\/umolab.ru\\/shop\\/index.php?route=account\\/newsletter\"}','2020-07-30 01:50:50'),('6fb045d0a284a22724ce3a446d','{\"language\":\"ru-ru\",\"currency\":\"RUB\"}','2020-09-12 05:43:40'),('6fcd8206aaf4d823a981af39d3','{\"user_id\":\"1\",\"user_token\":\"o8hQR14PRSF65ItIjB3gE5EhU6Y0Cpl0\",\"language\":\"ru-ru\",\"currency\":\"RUB\",\"customer_id\":\"1\",\"shipping_address\":{\"address_id\":\"1\",\"firstname\":\"\\u041c\\u0430\\u043a\\u0441\\u0438\\u043c\",\"lastname\":\"\\u041f\\u044f\\u0442\\u043a\\u043e\\u0432\",\"company\":\"\",\"address_1\":\"\\u0443\\u043b 50 \\u043b\\u0435\\u0442 \\u0433\\u043e\\u0440\\u043e\\u0434\\u0430\",\"address_2\":\"\\u0443\\u043b 50 \\u043b\\u0435\\u0442 \\u0433\\u043e\\u0440\\u043e\\u0434\\u0430\",\"postcode\":\"652723\",\"city\":\"\\u041a\\u0438\\u0441\\u0435\\u043b\\u0435\\u0432\\u0441\\u043a\",\"zone_id\":\"2747\",\"zone\":\"\\u041a\\u0435\\u043c\\u0435\\u0440\\u043e\\u0432\\u0441\\u043a\\u0430\\u044f \\u043e\\u0431\\u043b\\u0430\\u0441\\u0442\\u044c\",\"zone_code\":\"KEM\",\"country_id\":\"176\",\"country\":\"\\u0420\\u043e\\u0441\\u0441\\u0438\\u0439\\u0441\\u043a\\u0430\\u044f \\u0424\\u0435\\u0434\\u0435\\u0440\\u0430\\u0446\\u0438\\u044f\",\"iso_code_2\":\"RU\",\"iso_code_3\":\"RUS\",\"address_format\":\"\",\"custom_field\":null},\"payment_address\":{\"address_id\":\"1\",\"firstname\":\"\\u041c\\u0430\\u043a\\u0441\\u0438\\u043c\",\"lastname\":\"\\u041f\\u044f\\u0442\\u043a\\u043e\\u0432\",\"company\":\"\",\"address_1\":\"\\u0443\\u043b 50 \\u043b\\u0435\\u0442 \\u0433\\u043e\\u0440\\u043e\\u0434\\u0430\",\"address_2\":\"\\u0443\\u043b 50 \\u043b\\u0435\\u0442 \\u0433\\u043e\\u0440\\u043e\\u0434\\u0430\",\"postcode\":\"652723\",\"city\":\"\\u041a\\u0438\\u0441\\u0435\\u043b\\u0435\\u0432\\u0441\\u043a\",\"zone_id\":\"2747\",\"zone\":\"\\u041a\\u0435\\u043c\\u0435\\u0440\\u043e\\u0432\\u0441\\u043a\\u0430\\u044f \\u043e\\u0431\\u043b\\u0430\\u0441\\u0442\\u044c\",\"zone_code\":\"KEM\",\"country_id\":\"176\",\"country\":\"\\u0420\\u043e\\u0441\\u0441\\u0438\\u0439\\u0441\\u043a\\u0430\\u044f \\u0424\\u0435\\u0434\\u0435\\u0440\\u0430\\u0446\\u0438\\u044f\",\"iso_code_2\":\"RU\",\"iso_code_3\":\"RUS\",\"address_format\":\"\",\"custom_field\":null},\"gcapcha\":true,\"last_order_id\":19}','2020-09-17 09:29:15'),('6fdbabb02c0be4d24129f44d66','{\"language\":\"ru-ru\",\"currency\":\"RUB\"}','2020-09-23 21:55:29'),('6fef830ddc6b8d3a6d99334230','{\"language\":\"ru-ru\",\"currency\":\"RUB\"}','2020-02-20 05:18:51'),('6ff20e116ed69c72a2854ebcbc','{\"language\":\"ru-ru\",\"currency\":\"RUB\"}','2020-07-18 05:05:57'),('6ff6d19b70e42c9632a0277036','{\"language\":\"ru-ru\",\"currency\":\"RUB\"}','2020-09-21 03:06:44'),('700f3f6a42510eb1f5e58178d6','{\"language\":\"ru-ru\",\"currency\":\"RUB\"}','2020-06-16 03:35:42'),('701079b130e07f93acb172ce28','{\"language\":\"ru-ru\",\"currency\":\"RUB\"}','2020-05-24 14:43:10'),('702682558183af2f66b6f246e0','{\"language\":\"ru-ru\",\"currency\":\"RUB\"}','2020-02-26 07:31:31'),('70272796e92669c0273596911a','{\"language\":\"ru-ru\",\"currency\":\"RUB\"}','2020-03-21 23:08:18'),('703f8cdd62aa549cdb6d9bd9a8','{\"language\":\"ru-ru\",\"currency\":\"RUB\"}','2020-02-20 05:14:08'),('706955ce59154b6e71fc547e20','{\"language\":\"ru-ru\",\"currency\":\"RUB\"}','2020-02-20 05:11:53'),('706af235489dd9277bc9035a44','{\"language\":\"ru-ru\",\"currency\":\"RUB\"}','2020-02-21 14:58:17'),('707a0ff9a1128cd23c5ca71070','{\"language\":\"ru-ru\",\"currency\":\"RUB\"}','2020-09-17 21:10:04'),('70a2e878be97f7fa4458c028bb','{\"language\":\"ru-ru\",\"currency\":\"RUB\"}','2020-08-25 23:21:23'),('70a49627097f4884d8a6270302','{\"language\":\"ru-ru\",\"currency\":\"RUB\"}','2020-02-19 02:36:56'),('70b0fd8939b1cbf919aed575ee','{\"language\":\"ru-ru\",\"currency\":\"RUB\"}','2020-02-19 02:41:05'),('70b125bc2087b8d1453e878d3e','{\"language\":\"ru-ru\",\"currency\":\"RUB\"}','2020-02-20 05:17:05'),('70b1d0909eaf3e3cb7825112fc','{\"language\":\"ru-ru\",\"currency\":\"RUB\"}','2020-08-06 23:15:53'),('70c2a9646949fe5a746c12c406','{\"language\":\"ru-ru\",\"currency\":\"RUB\"}','2020-09-23 03:56:05'),('70ce6fdb388c2a623d141ab332','{\"language\":\"ru-ru\",\"currency\":\"RUB\"}','2020-09-16 08:49:04'),('70d08823afa84df9e29e5fdcc5','{\"language\":\"ru-ru\",\"currency\":\"RUB\"}','2020-09-04 04:26:02'),('70d82bbde2bd5bb5fdd348eb61','{\"language\":\"ru-ru\",\"currency\":\"RUB\"}','2020-02-20 05:06:13'),('70e36b17e1f715897be60bd029','{\"language\":\"ru-ru\",\"currency\":\"RUB\"}','2020-05-16 23:37:26'),('711f9925b4a3dd2091f68cb42a','{\"language\":\"ru-ru\",\"currency\":\"RUB\"}','2020-03-07 06:01:28'),('711f9bf222dc27d4cfe1297e0e','{\"language\":\"ru-ru\",\"currency\":\"RUB\"}','2020-03-05 13:23:51'),('712e6e301419c9417afbb17071','{\"language\":\"ru-ru\",\"currency\":\"RUB\"}','2020-02-21 14:11:23'),('714aeff07cf74db9f1599e88e3','{\"language\":\"ru-ru\",\"currency\":\"RUB\"}','2020-02-19 02:41:56'),('716eb1dc30c9a110d9554f2e8d','{\"language\":\"ru-ru\",\"currency\":\"RUB\",\"compare\":[]}','2020-09-02 14:25:15'),('7170b8ef8f452d423aa1c28d4a','{\"language\":\"ru-ru\",\"currency\":\"RUB\"}','2020-09-21 22:16:21'),('718458a6737b21e9a7e2d99526','{\"language\":\"ru-ru\",\"currency\":\"RUB\"}','2020-03-09 23:53:12'),('7188b83f321b6deeed30625e00','{\"language\":\"ru-ru\",\"currency\":\"RUB\"}','2020-02-21 15:05:53'),('7195961433fee952cac90cc6b3','{\"language\":\"ru-ru\",\"currency\":\"RUB\"}','2020-08-09 00:32:43'),('71972eac0f0034f27cde4634ff','{\"language\":\"ru-ru\",\"currency\":\"RUB\"}','2020-04-28 04:10:35'),('719cbf8f5a0ff0140972857fc9','{\"language\":\"ru-ru\",\"currency\":\"RUB\"}','2020-09-12 07:18:24'),('71a82e2cf2a35b640af6422839','{\"language\":\"ru-ru\",\"currency\":\"RUB\"}','2020-09-18 20:56:54'),('71ae941f908a082534f966cb0d','{\"language\":\"ru-ru\",\"currency\":\"RUB\"}','2020-02-21 14:10:48'),('71d92411348a4c365b6cac0599','{\"language\":\"ru-ru\",\"currency\":\"RUB\"}','2020-09-05 22:44:19'),('71f79e7c12769135697be0b35d','{\"language\":\"ru-ru\",\"currency\":\"RUB\",\"compare\":[]}','2020-04-24 01:33:10'),('721675ca69d3262fd7fdd6bc2f','{\"language\":\"ru-ru\",\"currency\":\"RUB\"}','2020-09-20 18:10:56'),('7216ef099fb66e0edf752cd6d6','{\"language\":\"ru-ru\",\"currency\":\"RUB\"}','2020-09-24 03:37:20'),('721ee2fc3e873795f4c5d76c11','{\"language\":\"ru-ru\",\"currency\":\"RUB\"}','2020-02-20 22:06:06'),('7229a8ea1f068bf81df962cafd','{\"language\":\"ru-ru\",\"currency\":\"RUB\"}','2020-02-19 02:38:27'),('72312353e96bc173363b1b015a','{\"language\":\"ru-ru\",\"currency\":\"RUB\",\"redirect\":\"https:\\/\\/umolab.ru\\/shop\\/index.php?route=account\\/account\"}','2020-04-15 10:01:04'),('72453975db8be4857367a973ad','{\"language\":\"ru-ru\",\"currency\":\"RUB\"}','2020-02-19 02:48:35'),('724798cb237c7a6be46012b6a1','{\"language\":\"en-gb\",\"currency\":\"RUB\"}','2020-08-22 16:12:11'),('725dd62d01cb5c80bd28c45329','{\"language\":\"ru-ru\",\"currency\":\"RUB\"}','2020-07-19 00:38:38'),('726749370ddd80f9ece67c1fda','{\"language\":\"ru-ru\",\"currency\":\"RUB\"}','2020-02-19 02:34:33'),('72713d3ebb8766e5ed098d59eb','{\"language\":\"ru-ru\",\"currency\":\"RUB\"}','2020-02-19 02:51:52'),('7271ed7b62617940ae3be399e8','{\"language\":\"ru-ru\",\"currency\":\"RUB\"}','2020-02-20 05:22:42'),('7287b17b257c2e8e70806f488b','{\"language\":\"ru-ru\",\"currency\":\"RUB\"}','2020-02-19 02:39:20'),('7287e43ecc9bae50d743337160','{\"language\":\"ru-ru\",\"currency\":\"RUB\"}','2020-09-18 06:09:40'),('728abd3cc71539cee1fac970c6','{\"language\":\"ru-ru\",\"currency\":\"RUB\"}','2020-09-23 09:17:57'),('7294d5b0bb6b161a7de44bc17d','{\"language\":\"ru-ru\",\"currency\":\"RUB\"}','2020-09-23 18:35:52'),('72a036c2f17a015e642de98d59','{\"language\":\"ru-ru\",\"currency\":\"RUB\"}','2020-09-22 07:53:28'),('72a65cb90f9a7da346b69d37dd','{\"language\":\"ru-ru\",\"currency\":\"RUB\"}','2020-02-21 14:14:34'),('72aa3ac64b5367562df245a9ce','{\"language\":\"ru-ru\",\"currency\":\"RUB\",\"vouchers\":[]}','2020-05-15 11:19:40'),('72e9091b5c0d0d4038fa096884','{\"language\":\"ru-ru\",\"currency\":\"RUB\"}','2020-02-20 05:19:56'),('730aa4f90511b65b6fce8c1639','{\"language\":\"ru-ru\",\"currency\":\"RUB\",\"vouchers\":[]}','2020-09-18 17:33:53'),('7335ecb46949ad88cb8cd98ebc','{\"language\":\"ru-ru\",\"currency\":\"RUB\"}','2020-02-22 23:41:16'),('73377de5b6fcb1f66b636f39ca','{\"language\":\"ru-ru\",\"currency\":\"RUB\"}','2020-09-19 23:11:07'),('7339b8118e3f47f92e824c6187','{\"language\":\"ru-ru\",\"currency\":\"RUB\"}','2020-10-01 04:53:11'),('733de6a8fb57e87d9e356bbca3','{\"language\":\"ru-ru\",\"currency\":\"RUB\"}','2020-09-20 12:26:19'),('735f4cb3187c1943a43d98ca98','{\"language\":\"ru-ru\",\"currency\":\"RUB\"}','2020-09-14 23:15:12'),('7378dcfa7a62956b571fbfb53e','{\"language\":\"ru-ru\",\"currency\":\"RUB\"}','2020-08-30 15:19:48'),('73793a458a1ce2d3fbf448b628','{\"language\":\"ru-ru\",\"currency\":\"RUB\"}','2020-03-05 00:23:43'),('737defcea1fc621cfc51ab3ec3','{\"language\":\"ru-ru\",\"currency\":\"RUB\"}','2020-09-20 22:22:44'),('738dde3aa1cc16ba466f9a60c7','{\"language\":\"ru-ru\",\"currency\":\"RUB\"}','2020-09-18 05:31:47'),('7394349ee995688d2aab699d13','{\"api_id\":\"1\",\"language\":\"ru-ru\",\"currency\":\"RUB\"}','2020-09-02 08:04:45'),('739987a1d389aefd3696f7f267','{\"language\":\"ru-ru\",\"currency\":\"RUB\"}','2020-09-07 20:33:51'),('73a110617cb1967c0745babe3d','{\"language\":\"ru-ru\",\"currency\":\"RUB\"}','2020-02-21 14:28:40'),('73b766e3991d452ff9338d9c82','{\"language\":\"ru-ru\",\"currency\":\"RUB\"}','2020-02-20 05:14:23'),('73ef9a2a9123bc8456fecfad1e','{\"language\":\"ru-ru\",\"currency\":\"RUB\"}','2020-07-03 03:45:13'),('740a40130032124d904a884cbf','{\"language\":\"ru-ru\",\"currency\":\"RUB\"}','2020-09-24 18:54:00'),('740b80d19642d8b03ef43e07a4','{\"language\":\"ru-ru\",\"currency\":\"RUB\"}','2020-02-20 14:01:01'),('740df887b513896a39c3110dcb','{\"language\":\"ru-ru\",\"currency\":\"RUB\"}','2020-09-16 06:19:15'),('740e042969c6092f5afcc66b2c','{\"language\":\"ru-ru\",\"currency\":\"RUB\"}','2020-02-19 02:40:02'),('7445ddd36eeb1f4daa26d99df4','{\"language\":\"ru-ru\",\"currency\":\"RUB\"}','2020-02-22 11:13:18'),('744f0f722df2309fb1a85e8960','{\"language\":\"ru-ru\",\"currency\":\"RUB\"}','2020-10-02 23:31:36'),('74505fdb058f07ca8283edce4b','{\"language\":\"ru-ru\",\"currency\":\"RUB\"}','2020-03-29 05:00:02'),('74552cfe37e2154b941aa7d151','{\"language\":\"ru-ru\",\"currency\":\"RUB\"}','2020-09-22 06:41:39'),('746b5eef843028ed711ba7d9a1','{\"language\":\"ru-ru\",\"currency\":\"RUB\"}','2020-09-30 01:57:34'),('747ac5ef32c7997d921f75689b','{\"language\":\"ru-ru\",\"currency\":\"RUB\"}','2020-10-01 03:53:39'),('748bd0e62013bb3e18e673e328','{\"language\":\"ru-ru\",\"currency\":\"RUB\"}','2020-02-19 02:50:17'),('74b521e1969899200a6b957072','{\"language\":\"ru-ru\",\"currency\":\"RUB\"}','2020-02-19 02:38:22'),('74d96e61ac94d9e94994a7a7c2','{\"language\":\"ru-ru\",\"currency\":\"RUB\"}','2020-02-20 05:20:56'),('74d9b85fc4b16eec737558bb34','{\"language\":\"ru-ru\",\"currency\":\"RUB\"}','2020-07-18 05:11:50'),('74e02ed96ac29e8ff55f85b8e4','{\"language\":\"ru-ru\",\"currency\":\"RUB\"}','2020-09-23 10:22:11'),('74e6746058cad7f1017f39e242','{\"language\":\"ru-ru\",\"currency\":\"RUB\"}','2020-02-19 02:45:50'),('74e84df114be734a79406da003','{\"language\":\"ru-ru\",\"currency\":\"RUB\"}','2020-09-28 17:09:44'),('7516203c14b5a7ca08c5ca1137','{\"language\":\"ru-ru\",\"currency\":\"RUB\"}','2020-02-19 02:48:36'),('752ea07b8101483e6f3c519984','{\"language\":\"ru-ru\",\"currency\":\"RUB\"}','2020-08-04 00:58:49'),('7532d44a254505398b28100a97','{\"language\":\"ru-ru\",\"currency\":\"RUB\"}','2020-09-24 02:11:05'),('757ff6118dc9ff9928e81bf770','{\"language\":\"ru-ru\",\"currency\":\"RUB\"}','2020-06-16 23:24:11'),('758457416c7e803a683ee6c7ce','{\"language\":\"ru-ru\",\"currency\":\"RUB\"}','2020-08-26 23:45:46'),('75895754ac303a919e621a0d5f','{\"language\":\"ru-ru\",\"currency\":\"RUB\"}','2020-02-20 05:05:56'),('75956351f1147be65a60cbf9af','{\"language\":\"ru-ru\",\"currency\":\"RUB\"}','2020-03-04 23:10:58'),('75a6bdd6f6342ce8e0f3593ab2','{\"language\":\"ru-ru\",\"currency\":\"RUB\"}','2020-02-20 12:29:57'),('75af18846adaafe9a91bb8c766','{\"language\":\"ru-ru\",\"currency\":\"RUB\"}','2020-05-12 19:19:52'),('75b0ecfc44074c56e6db541572','{\"language\":\"ru-ru\",\"currency\":\"RUB\"}','2020-09-03 13:56:32'),('75bf35057c65cc0bb6ef297e76','{\"language\":\"ru-ru\",\"currency\":\"RUB\"}','2020-08-29 11:41:55'),('75c74dfcfc34b88e2346ca0edb','{\"language\":\"ru-ru\",\"currency\":\"RUB\"}','2020-09-18 03:38:12'),('76267430387f173b67fbe82838','{\"language\":\"ru-ru\",\"currency\":\"RUB\"}','2020-10-01 03:53:39'),('762eb1f05e9378609257b19471','{\"language\":\"ru-ru\",\"currency\":\"RUB\"}','2020-07-01 00:38:12'),('763016c00ae129c59da28ca5cd','{\"language\":\"ru-ru\",\"currency\":\"RUB\"}','2020-02-20 17:37:30'),('7637d86efa87c215fed3b0ceff','{\"language\":\"ru-ru\",\"currency\":\"RUB\"}','2020-06-29 16:55:10'),('763d28c1676591cd23afda58fe','{\"language\":\"ru-ru\",\"currency\":\"RUB\",\"redirect\":\"https:\\/\\/umolab.ru\\/shop\\/index.php?route=account\\/wishlist\"}','2020-06-18 20:29:43'),('763f7623f55af9328ec372f9de','{\"language\":\"ru-ru\",\"currency\":\"RUB\"}','2020-09-05 03:09:56'),('764b30aa8979b7edc3084efc08','{\"language\":\"ru-ru\",\"currency\":\"RUB\"}','2020-09-20 13:13:52'),('76526d965e05727abc2c4ecbff','{\"language\":\"ru-ru\",\"currency\":\"RUB\"}','2020-02-20 22:51:12'),('765cc2292d012fb78416dd9256','{\"language\":\"ru-ru\",\"currency\":\"RUB\"}','2020-02-19 02:49:38'),('766159063268f7bb4083960179','{\"language\":\"ru-ru\",\"currency\":\"RUB\"}','2020-02-20 16:50:10'),('76656de963f3c1ff8c10ca0bf7','{\"language\":\"ru-ru\",\"currency\":\"RUB\"}','2020-02-20 05:17:29'),('7672625f187190600160e87581','{\"language\":\"ru-ru\",\"currency\":\"RUB\"}','2020-09-16 06:29:43'),('76902e135c7c6a5ed246f46f93','{\"language\":\"ru-ru\",\"currency\":\"RUB\"}','2020-02-19 02:32:07'),('76b1fe8329ba64bda9d07ab8f3','{\"language\":\"ru-ru\",\"currency\":\"RUB\"}','2020-08-28 13:59:03'),('76c09d0cb9dafb703cc85aa82f','{\"language\":\"ru-ru\",\"currency\":\"RUB\"}','2020-02-19 02:31:43'),('76ce4dc12ce6e3a2021a1e676c','{\"language\":\"ru-ru\",\"currency\":\"RUB\"}','2020-09-23 17:27:21'),('76f16810603fb2fd30e383c393','{\"language\":\"ru-ru\",\"currency\":\"RUB\"}','2020-09-18 03:19:16'),('76f16872d374b88591ae11884e','{\"language\":\"ru-ru\",\"currency\":\"RUB\"}','2020-08-06 05:37:13'),('76fc9f4b123bce13b6fe4571cd','{\"language\":\"ru-ru\",\"currency\":\"RUB\"}','2020-10-01 03:23:53'),('7717ce0b8beaf346d57ca65efc','{\"language\":\"ru-ru\",\"currency\":\"RUB\"}','2020-09-18 02:16:06'),('7722c3c3fa3bf36da0821e133c','{\"language\":\"ru-ru\",\"currency\":\"RUB\",\"redirect\":\"https:\\/\\/umolab.ru\\/shop\\/index.php?route=account\\/wishlist\"}','2020-10-01 04:23:38'),('7723eedfdd6f282649633b53a3','{\"language\":\"ru-ru\",\"currency\":\"RUB\"}','2020-02-20 08:47:22'),('77273b72e1e33a7f03268b4289','{\"language\":\"ru-ru\",\"currency\":\"RUB\"}','2020-07-18 22:31:58'),('77338f43dec34bc7706ba5970c','{\"language\":\"ru-ru\",\"currency\":\"RUB\"}','2020-03-10 08:50:20'),('774e0ab54714762a5d6b341c23','{\"language\":\"ru-ru\",\"currency\":\"RUB\"}','2020-09-18 17:27:27'),('776518867129e683babf120b9a','{\"language\":\"ru-ru\",\"currency\":\"RUB\"}','2020-03-05 05:57:27'),('7765e1f743957d9bbd99ee07e0','{\"language\":\"ru-ru\",\"currency\":\"RUB\"}','2020-04-24 18:49:33'),('77705e37089bb7b14595f42bc4','{\"language\":\"ru-ru\",\"currency\":\"RUB\"}','2020-02-19 02:44:59'),('7781f6fdfd9faecddf373e440d','{\"language\":\"ru-ru\",\"currency\":\"RUB\"}','2020-09-18 09:00:04'),('7794bb459059b734b70dac4670','{\"language\":\"ru-ru\",\"currency\":\"RUB\"}','2020-08-30 17:13:15'),('779ca6558e687813344b125ef1','{\"language\":\"ru-ru\",\"currency\":\"RUB\",\"redirect\":\"https:\\/\\/umolab.ru\\/shop\\/index.php?route=account\\/wishlist\"}','2020-03-15 04:31:06'),('77a90ac288013afd4fcf1fa0db','{\"language\":\"ru-ru\",\"currency\":\"RUB\"}','2020-09-20 17:10:20'),('77add940e0a8062225c706a214','{\"language\":\"ru-ru\",\"currency\":\"RUB\"}','2020-07-30 01:50:41'),('77d57d9a0ff25b2ff1245561df','{\"language\":\"ru-ru\",\"currency\":\"RUB\"}','2020-09-17 15:54:38'),('77dbb5e314893a77f7f7209aeb','{\"language\":\"ru-ru\",\"currency\":\"RUB\"}','2020-07-15 05:38:43'),('77e1441ccaaf48a2214bb80c84','{\"language\":\"ru-ru\",\"currency\":\"RUB\"}','2020-09-24 00:49:50'),('77f05c6d515edc9c919fa69c13','{\"language\":\"ru-ru\",\"currency\":\"RUB\"}','2020-02-19 02:37:09'),('7818ee7ceb4b8fee9c91b48aab','{\"language\":\"ru-ru\",\"currency\":\"RUB\"}','2020-02-21 14:09:45'),('782a732c47ceaf13044fb3c37b','{\"language\":\"ru-ru\",\"currency\":\"RUB\"}','2020-02-20 05:12:31'),('78380156a8590b3950722ab369','{\"language\":\"ru-ru\",\"currency\":\"RUB\"}','2020-03-21 06:55:20'),('783d63b7886f2bb53249f5b3bc','{\"language\":\"ru-ru\",\"currency\":\"RUB\"}','2020-09-24 04:33:05'),('78408fc5a125a43e12a60e4f65','{\"language\":\"ru-ru\",\"currency\":\"RUB\"}','2020-09-22 05:12:53'),('784512136def66557ef9ba3dd3','{\"language\":\"ru-ru\",\"currency\":\"RUB\"}','2020-07-15 05:39:10'),('785083991c5c695805a37bc131','{\"language\":\"ru-ru\",\"currency\":\"RUB\"}','2020-09-20 18:35:32'),('7851a9766dcea2229eaa7bf1d0','{\"language\":\"ru-ru\",\"currency\":\"RUB\"}','2020-05-21 07:42:40'),('785e2201cb5a2d836144bc1988','{\"language\":\"ru-ru\",\"currency\":\"RUB\",\"vouchers\":[]}','2020-07-30 01:50:49'),('786e5a272df22b559cedb6af1e','{\"language\":\"ru-ru\",\"currency\":\"RUB\"}','2020-08-26 10:09:29'),('786f2a7f71f3a3de461f526d4d','{\"language\":\"ru-ru\",\"currency\":\"RUB\"}','2020-09-03 16:05:19'),('78706f5ae7f70c6e80f05f4e0b','{\"language\":\"ru-ru\",\"currency\":\"RUB\"}','2020-02-21 14:43:14'),('789bdb1dc4077260c403fedab4','{\"language\":\"ru-ru\",\"currency\":\"RUB\"}','2020-02-19 05:00:31'),('78a42c6a42a5353a62a5737ca5','{\"language\":\"ru-ru\",\"currency\":\"RUB\"}','2020-02-20 23:49:34'),('78a66b1fc36091e762bf699a15','{\"language\":\"ru-ru\",\"currency\":\"RUB\"}','2020-04-03 09:43:31'),('78b6cb0ead7d262e79af0709f0','{\"language\":\"ru-ru\",\"currency\":\"RUB\"}','2020-09-23 08:49:33'),('78cebb3a2234535332d262c1e7','{\"language\":\"ru-ru\",\"currency\":\"RUB\"}','2020-07-31 17:22:22'),('78e711a2233d74748a3e586720','{\"language\":\"ru-ru\",\"currency\":\"RUB\"}','2020-07-23 23:58:52'),('78ed60093b2a5cae8ced553499','{\"language\":\"ru-ru\",\"currency\":\"RUB\"}','2020-06-23 12:45:48'),('78f8479ba80858cfcf42d83992','{\"language\":\"ru-ru\",\"currency\":\"RUB\"}','2020-08-25 13:09:46'),('790571392ce49977d6703bab7c','{\"language\":\"ru-ru\",\"currency\":\"RUB\",\"vouchers\":[]}','2020-09-19 18:08:55'),('791d04753ff06afb336f8a3ec2','{\"language\":\"ru-ru\",\"currency\":\"RUB\",\"vouchers\":[]}','2020-07-31 19:57:06'),('792a196ea60811100f4cbfeed8','{\"language\":\"ru-ru\",\"currency\":\"RUB\"}','2020-10-01 02:54:29'),('7937f09cb4b0d38b05c423ac34','{\"language\":\"ru-ru\",\"currency\":\"RUB\"}','2020-09-20 23:32:13'),('793e5e8cebb9b1adf2595290fc','{\"language\":\"ru-ru\",\"currency\":\"RUB\"}','2020-09-18 15:12:04'),('7953a3186a5e0901e72afa5eb9','{\"language\":\"ru-ru\",\"currency\":\"RUB\"}','2020-04-06 22:03:04'),('79683604248bb3105d34a3d062','{\"language\":\"ru-ru\",\"currency\":\"RUB\"}','2020-09-12 05:18:31'),('799354b23364bc4078d6577166','{\"language\":\"ru-ru\",\"currency\":\"RUB\"}','2020-03-10 10:04:29'),('79999387427497a75b8654f4bc','{\"language\":\"ru-ru\",\"currency\":\"RUB\"}','2020-09-18 15:37:40'),('79ae4d8fbafbba80ad5527fee2','{\"language\":\"ru-ru\",\"currency\":\"RUB\"}','2020-02-19 02:49:52'),('79b5a49389d8f9a1ab20af3051','{\"language\":\"ru-ru\",\"currency\":\"RUB\"}','2020-02-19 02:49:47'),('79d9f1defc58c253eebcfd259a','{\"language\":\"ru-ru\",\"currency\":\"RUB\"}','2020-02-20 05:09:13'),('79dd31aeef52b2654717e09251','{\"language\":\"en-gb\",\"currency\":\"RUB\"}','2020-02-07 14:59:21'),('79e95afed199740396f70a5394','{\"language\":\"ru-ru\",\"currency\":\"RUB\"}','2020-02-22 11:22:24'),('7a05dd3d0e6941acb30bc4c4d3','{\"language\":\"ru-ru\",\"currency\":\"RUB\"}','2020-02-19 02:50:49'),('7a08131669eb87264695ea2960','{\"language\":\"ru-ru\",\"currency\":\"RUB\"}','2020-02-20 11:47:14'),('7a0a5651ba426a57490c9f69af','{\"language\":\"ru-ru\",\"currency\":\"RUB\"}','2020-06-16 18:28:37'),('7a1926474f15017a687e0560c9','{\"language\":\"ru-ru\",\"currency\":\"RUB\"}','2020-09-16 06:24:33'),('7a24b1ffba6192303cc6b7096f','{\"language\":\"ru-ru\",\"currency\":\"RUB\"}','2020-09-17 21:29:00'),('7a26f0e12d667daa4f06e508ec','{\"language\":\"ru-ru\",\"currency\":\"RUB\"}','2020-02-20 05:13:12'),('7a3452cd82ab1e281857f14f0a','{\"language\":\"ru-ru\",\"currency\":\"RUB\"}','2020-02-20 05:10:22'),('7a40631cb2da218b68b4df5532','{\"language\":\"ru-ru\",\"currency\":\"RUB\"}','2020-07-11 17:18:59'),('7a528dc7940672360d532afa1b','{\"language\":\"ru-ru\",\"currency\":\"RUB\"}','2020-02-21 14:08:46'),('7a575013974d38e85e743f6b7f','{\"language\":\"ru-ru\",\"currency\":\"RUB\"}','2020-04-15 10:00:33'),('7a57597c6534837f805100f3a1','{\"language\":\"ru-ru\",\"currency\":\"RUB\"}','2020-10-03 20:24:39'),('7a5bd1ce8d229704c5a59c2965','{\"language\":\"ru-ru\",\"currency\":\"RUB\"}','2020-02-20 05:04:58'),('7a6726de8c9da9f0eeeeda61c5','{\"language\":\"ru-ru\",\"currency\":\"RUB\"}','2020-02-20 21:01:13'),('7a704fadd3f5c6513e4b451ffa','{\"language\":\"ru-ru\",\"currency\":\"RUB\"}','2020-07-02 10:48:14'),('7a75dd4d6621898b82fc484710','{\"language\":\"ru-ru\",\"currency\":\"RUB\"}','2020-08-29 14:09:06'),('7a76fe75d5ea20343f63d732f0','{\"language\":\"ru-ru\",\"currency\":\"RUB\"}','2020-02-22 11:10:23'),('7a9a338d98cd102f9181ac8c20','{\"language\":\"ru-ru\",\"currency\":\"RUB\"}','2020-08-26 23:03:54'),('7aa97362e64d9fbf9cde0cc35d','{\"language\":\"ru-ru\",\"currency\":\"RUB\"}','2020-07-06 01:55:15'),('7ab22c0cce2c134c825ffe31b1','{\"language\":\"ru-ru\",\"currency\":\"RUB\"}','2020-02-19 02:48:27'),('7acbac8fae420ad7696abe9dea','{\"language\":\"ru-ru\",\"currency\":\"RUB\"}','2020-02-19 02:41:28'),('7acf535fdf270b9b180e09b74a','{\"language\":\"ru-ru\",\"currency\":\"RUB\"}','2020-06-19 15:01:07'),('7ae495ed8a392b86dd35a66bf5','{\"language\":\"ru-ru\",\"currency\":\"RUB\"}','2020-06-21 08:20:37'),('7afb8546bd91198995ab492b82','{\"language\":\"ru-ru\",\"currency\":\"RUB\"}','2020-09-03 11:43:22'),('7b13f0fe353e153e58cbaee949','{\"language\":\"ru-ru\",\"currency\":\"RUB\"}','2020-02-21 00:23:50'),('7b1d898b2e37b85817759cff67','{\"language\":\"ru-ru\",\"currency\":\"RUB\"}','2020-09-16 06:31:29'),('7b43cc27ec21bb30f0f967e950','{\"language\":\"ru-ru\",\"currency\":\"RUB\"}','2020-02-19 02:39:08'),('7b4c6ed54e5f7345cf136cd3f5','{\"language\":\"ru-ru\",\"currency\":\"RUB\"}','2020-02-19 02:48:06'),('7b6eed19d979ed4b4cd6373171','{\"language\":\"ru-ru\",\"currency\":\"RUB\"}','2020-08-11 20:52:36'),('7b753d13f04a512e268bd134fa','{\"language\":\"ru-ru\",\"currency\":\"RUB\"}','2020-09-20 10:42:11'),('7b772c121449d674bf6733eb39','{\"language\":\"ru-ru\",\"currency\":\"RUB\",\"vouchers\":[]}','2020-03-12 07:26:33'),('7b81c2273c906978f3d8ee6b68','{\"language\":\"ru-ru\",\"currency\":\"RUB\"}','2020-08-30 12:39:36'),('7b895d3354d50e1c3b2ae4dd36','{\"language\":\"ru-ru\",\"currency\":\"RUB\"}','2020-09-24 05:58:17'),('7b8ab31d5762995065510eb175','{\"language\":\"ru-ru\",\"currency\":\"RUB\"}','2020-02-20 05:11:19'),('7b8cc9cd5e9b7c8d163b41a567','{\"language\":\"ru-ru\",\"currency\":\"RUB\"}','2020-09-24 08:20:17'),('7ba258eb50d6ada0c25e86e1e3','{\"language\":\"ru-ru\",\"currency\":\"RUB\",\"redirect\":\"https:\\/\\/umolab.ru\\/shop\\/index.php?route=account\\/newsletter\"}','2020-06-18 20:29:24'),('7ba5fda1a36e33db0155be0ff5','{\"language\":\"ru-ru\",\"currency\":\"RUB\"}','2020-02-20 06:34:50'),('7ba6626dd5384af79d374f678e','{\"language\":\"ru-ru\",\"currency\":\"RUB\"}','2020-02-19 02:32:40'),('7ba96943694cc4846d81d42c7c','{\"language\":\"ru-ru\",\"currency\":\"RUB\"}','2020-09-18 09:40:05'),('7bb780bba58397763a6e667a30','{\"language\":\"ru-ru\",\"currency\":\"RUB\"}','2020-02-21 15:04:40'),('7bc1b538ae8b78378e1dd21f4b','{\"language\":\"ru-ru\",\"currency\":\"RUB\"}','2020-02-19 02:51:41'),('7bc66da9b5b6e42e5f146adc5f','{\"language\":\"ru-ru\",\"currency\":\"RUB\"}','2020-02-22 11:13:30'),('7bcfacb495e108f3c1aef7d0f8','{\"language\":\"ru-ru\",\"currency\":\"RUB\"}','2020-02-21 15:33:28'),('7bd6185f2835def396fbf2d6d2','{\"language\":\"ru-ru\",\"currency\":\"RUB\"}','2020-09-19 21:06:27'),('7c01eea54e957f33ae3da465ea','{\"language\":\"ru-ru\",\"currency\":\"RUB\"}','2020-07-21 21:59:07'),('7c2658a703011f62dc51cf7244','{\"language\":\"ru-ru\",\"currency\":\"RUB\"}','2020-08-28 02:26:23'),('7c3f23696497491d1cc4355bb5','{\"language\":\"ru-ru\",\"currency\":\"RUB\"}','2020-09-22 23:04:12'),('7c539c7e42dcabfabf09b73227','{\"language\":\"ru-ru\",\"currency\":\"RUB\",\"vouchers\":[]}','2020-08-25 03:07:47'),('7c5c90c113ebe24b81ff42fb52','{\"language\":\"ru-ru\",\"currency\":\"RUB\"}','2020-09-18 12:51:09'),('7c5f5b07db1f22eb6855f7d3b7','{\"language\":\"ru-ru\",\"currency\":\"RUB\"}','2020-09-20 04:04:35'),('7c6453a3156c3edbc3e765022b','{\"language\":\"ru-ru\",\"currency\":\"RUB\"}','2020-09-16 06:31:53'),('7c65e043c95f9fbc0dbc2a4585','{\"language\":\"ru-ru\",\"currency\":\"RUB\"}','2020-08-30 01:18:09'),('7c68e663d6e3dd95174825dad7','{\"language\":\"ru-ru\",\"currency\":\"RUB\"}','2020-04-17 09:26:37'),('7c6b32194ff38800d9f3165a10','{\"language\":\"ru-ru\",\"currency\":\"RUB\"}','2020-09-20 17:27:42'),('7c848113ac5467fa09de9e48e0','{\"language\":\"ru-ru\",\"currency\":\"RUB\"}','2020-02-21 01:11:55'),('7c8aeee04057f91fdb06caadc1','{\"language\":\"ru-ru\",\"currency\":\"RUB\"}','2020-03-19 14:24:50'),('7c9c616b26476f00c7e20bcebf','{\"language\":\"ru-ru\",\"currency\":\"RUB\"}','2020-09-21 20:55:24'),('7cb417482ae5bac0e1bbffaf0b','{\"language\":\"ru-ru\",\"currency\":\"RUB\"}','2020-07-18 09:15:36'),('7cba4603edc3880f44d3850b66','{\"language\":\"ru-ru\",\"currency\":\"RUB\"}','2020-03-09 07:18:31'),('7cd91e5813644dc88fad510a17','{\"language\":\"ru-ru\",\"currency\":\"RUB\"}','2020-09-22 09:10:44'),('7ce0baecef488d1ecca337d34e','{\"language\":\"ru-ru\",\"currency\":\"RUB\"}','2020-02-20 13:02:58'),('7cf068a679b7c44bcafdbedbf4','{\"language\":\"ru-ru\",\"currency\":\"RUB\"}','2020-09-20 06:07:39'),('7d1096dca52271b1c33b16394b','{\"language\":\"ru-ru\",\"currency\":\"RUB\"}','2020-03-05 19:58:49'),('7d1ba86aa9b46a453d48ec10f7','{\"language\":\"ru-ru\",\"currency\":\"RUB\"}','2020-07-18 05:06:46'),('7d267f2503fa66312d0669fbd1','{\"language\":\"ru-ru\",\"currency\":\"RUB\"}','2020-09-12 10:18:45'),('7d332dfac3e4c525296612447d','{\"language\":\"ru-ru\",\"currency\":\"RUB\"}','2020-03-06 07:53:28'),('7d3aaf8378e459a2d87137f2a6','{\"language\":\"ru-ru\",\"currency\":\"RUB\"}','2020-02-19 02:36:20'),('7d3cb6cdfbac39f52792eff0a3','{\"language\":\"ru-ru\",\"currency\":\"RUB\"}','2020-09-16 06:20:37'),('7d3ec15c91d20539ba7f9fa612','{\"language\":\"ru-ru\",\"currency\":\"RUB\"}','2020-02-20 05:20:19'),('7d5ccf19aa6c456418d701abe7','{\"language\":\"ru-ru\",\"currency\":\"RUB\"}','2020-02-20 05:12:51'),('7d6bd44ba912e84983e507a1a4','{\"language\":\"ru-ru\",\"currency\":\"RUB\",\"redirect\":\"https:\\/\\/umolab.ru\\/shop\\/index.php?route=account\\/password\"}','2020-07-15 05:39:03'),('7d6d795780e756b73735787bd7','{\"language\":\"ru-ru\",\"currency\":\"RUB\"}','2020-02-19 02:41:07'),('7d70ba6a2fbaeb30acf73a417c','{\"language\":\"ru-ru\",\"currency\":\"RUB\",\"vouchers\":[]}','2020-08-29 08:19:57'),('7d829dd31b0e451d10d82c0a41','{\"language\":\"ru-ru\",\"currency\":\"RUB\"}','2020-09-02 12:03:43'),('7d86821ba213392314765e6017','{\"language\":\"ru-ru\",\"currency\":\"RUB\"}','2020-09-23 22:02:28'),('7da96b82d9b0ba454689794875','{\"language\":\"ru-ru\",\"currency\":\"RUB\"}','2020-07-18 05:10:44'),('7dad51a6c7d7beb76fddd6d696','{\"language\":\"ru-ru\",\"currency\":\"RUB\"}','2020-10-02 02:40:11'),('7daef392a6490d032e008b8aee','{\"language\":\"ru-ru\",\"currency\":\"RUB\"}','2020-09-18 01:54:04'),('7db8941d82efc6adea1e21b9e4','{\"language\":\"ru-ru\",\"currency\":\"RUB\"}','2020-09-23 09:05:26'),('7dbd05215563146725690efc7f','{\"language\":\"ru-ru\",\"currency\":\"RUB\"}','2020-02-29 02:30:56'),('7ddb630c79556067653c9ece52','{\"language\":\"ru-ru\",\"currency\":\"RUB\"}','2020-02-18 08:33:28'),('7e023fa6d8531d9986da77939e','{\"language\":\"ru-ru\",\"currency\":\"RUB\"}','2020-09-30 14:25:54'),('7e0d04c940a95782764d17271e','{\"language\":\"ru-ru\",\"currency\":\"RUB\"}','2020-09-18 14:03:00'),('7e10d8fe6e166c8cbe7e253249','{\"language\":\"ru-ru\",\"currency\":\"RUB\"}','2020-02-20 05:13:21'),('7e367858bbb0baea96a1801548','{\"language\":\"ru-ru\",\"currency\":\"RUB\"}','2020-09-20 23:33:01'),('7e44d6b60df8d218280350a299','{\"language\":\"ru-ru\",\"currency\":\"RUB\"}','2020-02-22 11:23:49'),('7e503d762c7804f6f3ab1ee6de','{\"language\":\"ru-ru\",\"currency\":\"RUB\"}','2020-07-18 05:09:58'),('7e67c9065d9423f7c75f512c83','{\"language\":\"ru-ru\",\"currency\":\"RUB\"}','2020-03-03 17:41:44'),('7e771a6ff9d7597ed4cb65bd4e','{\"language\":\"ru-ru\",\"currency\":\"RUB\"}','2020-07-15 05:38:21'),('7e7a3d64c3d60d14fc0d06c1b1','{\"language\":\"ru-ru\",\"currency\":\"RUB\"}','2020-02-21 14:57:28'),('7e80786c3e207e5f694b2ebc65','{\"language\":\"ru-ru\",\"currency\":\"RUB\"}','2020-09-02 13:32:22'),('7e9fc8dc354798c3c9b4f11877','{\"language\":\"ru-ru\",\"currency\":\"RUB\"}','2020-06-01 00:13:06'),('7ea2860f6e0ba0fb2bd0d3959f','{\"language\":\"ru-ru\",\"currency\":\"RUB\"}','2020-09-22 21:43:23'),('7eaeea57d820062c000e7bf588','{\"language\":\"ru-ru\",\"currency\":\"RUB\"}','2020-08-01 18:16:11'),('7ec05f1b801433cda51b5c24d1','{\"language\":\"ru-ru\",\"currency\":\"RUB\"}','2020-02-20 05:07:35'),('7ed88ac42165f527c70b88032a','{\"language\":\"ru-ru\",\"currency\":\"RUB\"}','2020-07-12 23:08:36'),('7ee3d713228c4749bab2f8d983','{\"language\":\"ru-ru\",\"currency\":\"RUB\"}','2020-06-08 13:00:49'),('7f0600cc88d874a5b4e9fcb7f9','{\"language\":\"ru-ru\",\"currency\":\"RUB\"}','2020-09-25 17:47:06'),('7f0740c75f6709f90828ea1389','{\"language\":\"ru-ru\",\"currency\":\"RUB\"}','2020-02-20 05:12:09'),('7f0f567fb3f66cbedb26cc262a','{\"language\":\"ru-ru\",\"currency\":\"RUB\"}','2020-09-17 18:00:44'),('7f20d59693403dfeb6fd4bef0b','{\"language\":\"ru-ru\",\"currency\":\"RUB\"}','2020-02-19 02:50:37'),('7f2290b5989c7734386e1b67ae','{\"language\":\"ru-ru\",\"currency\":\"RUB\"}','2020-02-19 02:30:44'),('7f28bedb99dafb820ce1736ff4','{\"language\":\"ru-ru\",\"currency\":\"RUB\",\"redirect\":\"https:\\/\\/umolab.ru\\/shop\\/index.php?route=account\\/download\"}','2020-07-15 05:38:53'),('7f389318c1b29d5e4cf4358460','{\"language\":\"ru-ru\",\"currency\":\"RUB\"}','2020-09-22 21:56:21'),('7f5062e9b99f0b93b32e1aa1a3','{\"language\":\"ru-ru\",\"currency\":\"RUB\"}','2020-02-19 02:35:38'),('7f50d6d271741f9c0147b656dc','{\"language\":\"ru-ru\",\"currency\":\"RUB\"}','2020-09-12 14:34:19'),('7f57e888104e1cd8256ad66305','{\"language\":\"ru-ru\",\"currency\":\"RUB\"}','2020-02-20 05:12:15'),('7f64ce1d15f485382bb3daf5ba','{\"language\":\"ru-ru\",\"currency\":\"RUB\"}','2020-02-20 12:45:10'),('7f7ae615f0920fbf1caa0046b7','{\"language\":\"ru-ru\",\"currency\":\"RUB\"}','2020-09-17 23:51:00'),('7f8f59a2f3126c13c59f58a260','{\"language\":\"ru-ru\",\"currency\":\"RUB\"}','2020-06-15 01:19:33'),('7f915999cb04defd8b62e361bc','{\"language\":\"ru-ru\",\"currency\":\"RUB\"}','2020-09-17 13:42:32'),('7fad85990a09527f54911b3164','{\"language\":\"ru-ru\",\"currency\":\"RUB\"}','2020-02-19 02:50:57'),('7fba55864cf303d4868aad5b8c','{\"language\":\"ru-ru\",\"currency\":\"RUB\"}','2020-03-08 18:37:09'),('7fd822b22b63bfeda7b8a22efa','{\"language\":\"ru-ru\",\"currency\":\"RUB\"}','2020-02-21 14:12:33'),('7ff09379613cc05d93d2549c0d','{\"language\":\"ru-ru\",\"currency\":\"RUB\"}','2020-10-01 02:54:29'),('803487616a35c2d0380f44ef6d','{\"language\":\"ru-ru\",\"currency\":\"RUB\"}','2020-02-19 02:38:54'),('803eebc7928ead84e1e9faed8b','{\"language\":\"ru-ru\",\"currency\":\"RUB\"}','2020-08-02 16:01:21'),('803f1dc79e3fcb640870efb895','{\"language\":\"ru-ru\",\"currency\":\"RUB\"}','2020-09-24 07:58:57'),('804178c1179b8534e932717052','{\"language\":\"ru-ru\",\"currency\":\"RUB\"}','2020-02-20 05:07:20'),('804c1568799c61bd8f5333e879','{\"language\":\"ru-ru\",\"currency\":\"RUB\"}','2020-02-20 05:11:39'),('80555c5e0fa61c84a4694f2ac7','{\"language\":\"ru-ru\",\"currency\":\"RUB\"}','2020-03-14 16:21:47'),('805c39be68eedd0ea5ef7554f2','{\"language\":\"ru-ru\",\"currency\":\"RUB\"}','2020-02-21 14:08:36'),('805f8f3eb55a62b9a669108d95','{\"language\":\"ru-ru\",\"currency\":\"RUB\"}','2020-02-20 20:57:10'),('80673a10488a9d6a07d1df9e28','{\"language\":\"ru-ru\",\"currency\":\"RUB\"}','2020-09-02 12:32:49'),('806f7da2e878850a9927c613fd','{\"language\":\"ru-ru\",\"currency\":\"RUB\"}','2020-09-24 04:42:33'),('807a90b7a43498c66d158c4d4a','{\"language\":\"ru-ru\",\"currency\":\"RUB\",\"redirect\":\"https:\\/\\/umolab.ru\\/shop\\/index.php?route=account\\/wishlist\"}','2020-05-15 11:20:30'),('808a461da52f311a50d4461027','{\"language\":\"ru-ru\",\"currency\":\"RUB\",\"redirect\":\"https:\\/\\/umolab.ru\\/shop\\/index.php?route=account\\/wishlist\"}','2020-09-17 18:07:37'),('808f959dac367c76be2f4e302b','{\"language\":\"ru-ru\",\"currency\":\"RUB\"}','2020-09-17 05:41:10'),('80a3fb52108f6416a43f5e2365','{\"language\":\"ru-ru\",\"currency\":\"RUB\",\"redirect\":\"https:\\/\\/umolab.ru\\/shop\\/index.php?route=account\\/newsletter\"}','2020-10-01 03:23:53'),('80aa15a9f2b32b256a4a8c6534','{\"language\":\"ru-ru\",\"currency\":\"RUB\",\"redirect\":\"https:\\/\\/umolab.ru\\/shop\\/index.php?route=account\\/reward\"}','2020-03-01 07:02:21'),('80ab06db43b27285b8aabc90c7','{\"language\":\"ru-ru\",\"currency\":\"RUB\"}','2020-04-13 11:56:27'),('80b14541b13fc8dbfe304df972','{\"language\":\"ru-ru\",\"currency\":\"RUB\"}','2020-07-11 08:27:33'),('80b4f9034d81d804d3532049b6','{\"language\":\"ru-ru\",\"currency\":\"RUB\"}','2020-09-23 02:11:57'),('80c90e1c738b66828aaadebe52','{\"language\":\"ru-ru\",\"currency\":\"RUB\"}','2020-05-08 10:14:05'),('80d2b6b5ac68806793d4ab7e15','{\"language\":\"ru-ru\",\"currency\":\"RUB\"}','2020-02-20 05:21:36'),('80d2e6edb18f44b75182b29886','{\"language\":\"ru-ru\",\"currency\":\"RUB\"}','2020-02-19 02:41:46'),('80d378a37ebd2487085bb85cdc','{\"language\":\"ru-ru\",\"currency\":\"RUB\"}','2020-09-13 18:46:47'),('80e4087f43c0dba73ed7b4ed2c','{\"language\":\"ru-ru\",\"currency\":\"RUB\"}','2020-03-23 02:30:45'),('80e978fbe3603a08016378008b','{\"language\":\"ru-ru\",\"currency\":\"RUB\"}','2020-09-24 17:28:27'),('80ebf3102ea368d74451093163','{\"language\":\"ru-ru\",\"currency\":\"RUB\"}','2020-03-04 04:10:02'),('810522d6235fef8ffc2547066e','{\"language\":\"ru-ru\",\"currency\":\"RUB\"}','2020-06-12 07:26:43'),('810fc684940da0df4f20620bd2','{\"language\":\"ru-ru\",\"currency\":\"RUB\",\"redirect\":\"https:\\/\\/umolab.ru\\/shop\\/index.php?route=account\\/newsletter\"}','2020-10-02 23:19:06'),('8114e4d776b95362812dc1d4a5','{\"language\":\"ru-ru\",\"currency\":\"RUB\"}','2020-02-21 14:10:03'),('811a210e18be4ce11fc7af92e3','{\"language\":\"ru-ru\",\"currency\":\"RUB\"}','2020-02-20 05:19:19'),('811f3087ab907629ac9f4dea80','{\"language\":\"ru-ru\",\"currency\":\"RUB\"}','2020-03-29 13:03:17'),('8121981311904845832c633bf6','{\"language\":\"ru-ru\",\"currency\":\"RUB\"}','2020-02-20 11:09:22'),('81241436704cdc1199658af280','{\"language\":\"ru-ru\",\"currency\":\"RUB\"}','2020-06-18 20:29:29'),('812c3f276d53a0463ce4fbd39a','{\"language\":\"ru-ru\",\"currency\":\"RUB\"}','2020-02-21 14:09:20'),('813754fdf74e9a6607ec5c2fa6','{\"language\":\"ru-ru\",\"currency\":\"RUB\"}','2020-09-20 23:33:19'),('813fcde5b4bf72bd9b3d431c6f','{\"language\":\"ru-ru\",\"currency\":\"RUB\"}','2020-05-24 18:03:23'),('815026ce25d93761aea4de3b64','{\"language\":\"ru-ru\",\"currency\":\"RUB\"}','2020-03-15 04:31:39'),('8150326aef3a440c37d693e47c','{\"language\":\"ru-ru\",\"currency\":\"RUB\"}','2020-02-20 22:02:17'),('8156d91872a2ccaab942094a5d','{\"language\":\"ru-ru\",\"currency\":\"RUB\"}','2020-09-22 04:07:13'),('81633719c7d1c9b66162e6def4','{\"language\":\"ru-ru\",\"currency\":\"RUB\"}','2020-02-19 02:31:49'),('816493c8ad04c4206a21c8f762','{\"language\":\"ru-ru\",\"currency\":\"RUB\"}','2020-02-20 05:11:23'),('816cd56cd9de12b3794e2ab7a5','{\"language\":\"ru-ru\",\"currency\":\"RUB\"}','2020-09-23 18:44:08'),('818676389c78f6573860257959','{\"language\":\"ru-ru\",\"currency\":\"RUB\"}','2020-06-02 12:29:02'),('81894fd1f1ed90e1c13bdf0fff','{\"language\":\"ru-ru\",\"currency\":\"RUB\"}','2020-04-07 01:18:19'),('819be7a997d4d9bfa5d7445f01','{\"language\":\"ru-ru\",\"currency\":\"RUB\"}','2020-02-20 15:11:35'),('819c159203d1454c796f066daf','{\"language\":\"ru-ru\",\"currency\":\"RUB\"}','2020-02-20 05:20:40'),('81c45f8ab7016e1ce3a9a7c694','{\"language\":\"ru-ru\",\"currency\":\"RUB\"}','2020-02-21 14:17:43'),('81ce7cc325bd03428732199fc5','{\"language\":\"ru-ru\",\"currency\":\"RUB\"}','2020-07-18 05:08:43'),('81e04259cc48879fe1f5064228','{\"language\":\"ru-ru\",\"currency\":\"RUB\"}','2020-09-20 23:33:12'),('81e19ec6d2ef68db12fc9ebd6f','{\"language\":\"ru-ru\",\"currency\":\"RUB\"}','2020-02-19 02:46:57'),('81ea75c566381a773e9f59e437','{\"language\":\"ru-ru\",\"currency\":\"RUB\"}','2020-02-20 12:27:01'),('81ee3bf7178a57a4c4aa6d3a60','{\"language\":\"ru-ru\",\"currency\":\"RUB\"}','2020-09-24 18:55:58'),('81fb9573e13ff63ee28a0cb807','{\"language\":\"ru-ru\",\"currency\":\"RUB\"}','2020-09-04 04:34:46'),('8202f6eb5a82492a5d840f1845','{\"language\":\"ru-ru\",\"currency\":\"RUB\"}','2020-09-21 11:47:24'),('82051f7d1949b763181eed22d8','{\"language\":\"ru-ru\",\"currency\":\"RUB\"}','2020-03-12 07:26:54'),('8218c59c3c9991c5ff49a9b8ee','{\"language\":\"ru-ru\",\"currency\":\"RUB\"}','2020-09-29 14:35:52'),('82243976b7bf8a115ecec0685b','{\"language\":\"ru-ru\",\"currency\":\"RUB\"}','2020-02-22 18:28:16'),('8243460617b4a19c23b2cf21c9','{\"language\":\"en-gb\",\"currency\":\"RUB\"}','2020-07-09 11:02:22'),('8248a63a0a67b4118e7e026497','{\"language\":\"ru-ru\",\"currency\":\"RUB\"}','2020-02-20 05:22:21'),('825080971e73832898873a3141','{\"language\":\"ru-ru\",\"currency\":\"RUB\"}','2020-02-19 02:39:06'),('8269479dd51b2e2bb317c363d3','{\"language\":\"ru-ru\",\"currency\":\"RUB\"}','2020-02-20 05:10:13'),('826c29f65e1bbb905407ac7f71','{\"language\":\"ru-ru\",\"currency\":\"RUB\"}','2020-02-20 18:15:49'),('82828b2dcc316884e887b7006c','{\"language\":\"ru-ru\",\"currency\":\"RUB\"}','2020-05-21 02:26:03'),('829c8ac4c9608655767f9181e1','{\"language\":\"ru-ru\",\"currency\":\"RUB\"}','2020-09-20 02:37:01'),('82ae485740c5086e6cafc0c415','{\"language\":\"ru-ru\",\"currency\":\"RUB\"}','2020-02-19 02:51:28'),('82b5308f6cccd1a6647940aea3','{\"language\":\"ru-ru\",\"currency\":\"RUB\"}','2020-03-08 03:32:16'),('82e765e53fb1181b58c0ecba3d','{\"language\":\"ru-ru\",\"currency\":\"RUB\"}','2020-03-14 18:01:19'),('82ea74a1206b7233dfcd86ff03','{\"language\":\"ru-ru\",\"currency\":\"RUB\"}','2020-09-22 16:46:48'),('832ec22e0af9821b4fba615cc1','{\"language\":\"ru-ru\",\"currency\":\"RUB\"}','2020-03-07 08:39:58'),('83488bd756389f6dec450e6a74','{\"language\":\"ru-ru\",\"currency\":\"RUB\"}','2020-03-01 04:23:24'),('83540607ef30b842cd1a7a20da','{\"language\":\"ru-ru\",\"currency\":\"RUB\"}','2020-09-20 13:17:49'),('836f261703bc8b1ff26727b279','{\"language\":\"ru-ru\",\"currency\":\"RUB\"}','2020-03-03 16:25:56'),('837922f731c97b3f80e908268c','{\"language\":\"ru-ru\",\"currency\":\"RUB\"}','2020-02-20 05:06:05'),('8388a2aa46c8957ae29da89d70','{\"language\":\"ru-ru\",\"currency\":\"RUB\"}','2020-04-08 06:28:03'),('83928e5da0764ddb6ad86a478a','{\"language\":\"ru-ru\",\"currency\":\"RUB\"}','2020-07-24 04:41:22'),('83ab0d259c652c1c133850d009','{\"language\":\"ru-ru\",\"currency\":\"RUB\"}','2020-09-15 01:17:22'),('83aed1e92e3dc805f9c06e5358','{\"language\":\"ru-ru\",\"currency\":\"RUB\"}','2020-09-17 23:03:39'),('83c78b5dcfc4291e22ad89c5c5','{\"language\":\"ru-ru\",\"currency\":\"RUB\"}','2020-06-18 14:40:14'),('83d007aecc882f9b41e261d3e2','{\"language\":\"ru-ru\",\"currency\":\"RUB\",\"redirect\":\"https:\\/\\/umolab.ru\\/shop\\/index.php?route=account\\/address\"}','2020-02-29 15:05:35'),('83f10502141328c343754beed7','{\"language\":\"ru-ru\",\"currency\":\"RUB\"}','2020-02-19 02:35:13'),('83f4e1af2379407a7f47350303','{\"language\":\"ru-ru\",\"currency\":\"RUB\"}','2020-09-22 21:44:33'),('83f8666d2260a747f79d468733','{\"language\":\"ru-ru\",\"currency\":\"RUB\",\"compare\":[]}','2020-05-23 12:29:28'),('83f986b14e5fc4a70eb369f232','{\"language\":\"ru-ru\",\"currency\":\"RUB\",\"redirect\":\"https:\\/\\/umolab.ru\\/shop\\/index.php?route=account\\/order\"}','2020-08-17 14:37:40'),('842dcc57dc213731df6b3a6b86','{\"language\":\"ru-ru\",\"currency\":\"RUB\"}','2020-02-19 02:31:57'),('843c93cc8e004ecb817f108d93','{\"language\":\"ru-ru\",\"currency\":\"RUB\"}','2020-02-20 05:08:21'),('843eeeb44388e98ceeddff14fe','{\"language\":\"ru-ru\",\"currency\":\"RUB\"}','2020-09-01 11:49:17'),('844abb5561fdd39e9cb87158e6','{\"language\":\"ru-ru\",\"currency\":\"RUB\"}','2020-02-19 02:39:22'),('84568083c4ca9430217ffe306a','{\"language\":\"ru-ru\",\"currency\":\"RUB\"}','2020-02-19 02:35:00'),('846032f80d081e0828ef871619','{\"language\":\"ru-ru\",\"currency\":\"RUB\"}','2020-02-20 05:09:28'),('846103fc906ac377ec9339845e','{\"language\":\"ru-ru\",\"currency\":\"RUB\"}','2020-05-20 04:43:51'),('8477c9928adbac8af93b8e02b2','{\"language\":\"ru-ru\",\"currency\":\"RUB\"}','2020-08-06 16:12:25'),('8481b7be867e92330e9a605078','{\"language\":\"ru-ru\",\"currency\":\"RUB\"}','2020-02-20 11:18:50'),('84aab6be00da26b801d26f47c4','{\"language\":\"ru-ru\",\"currency\":\"RUB\",\"vouchers\":[]}','2020-05-03 10:49:45'),('84b4c4fad34f61eaaf13eaa0a7','{\"language\":\"ru-ru\",\"currency\":\"RUB\"}','2020-02-20 05:13:05'),('84b64cf772f9784691b765b2ab','{\"language\":\"ru-ru\",\"currency\":\"RUB\"}','2020-02-19 02:43:47'),('84db19e014b19c2512fe54b06b','{\"language\":\"ru-ru\",\"currency\":\"RUB\"}','2020-10-02 21:58:48'),('84e8580f3181b8ff3b3489d6b1','{\"language\":\"ru-ru\",\"currency\":\"RUB\",\"redirect\":\"https:\\/\\/umolab.ru\\/shop\\/index.php?route=account\\/edit\"}','2020-03-10 17:38:05'),('84edb924aad4abaadbcb74eaf5','{\"language\":\"ru-ru\",\"currency\":\"RUB\"}','2020-02-20 05:21:58'),('84f257cc95fd71036529407a9f','{\"language\":\"ru-ru\",\"currency\":\"RUB\"}','2020-03-15 04:30:22'),('84f83540a2eca525a83c55f62c','{\"language\":\"ru-ru\",\"currency\":\"RUB\"}','2020-06-21 15:10:27'),('85124b157fa1870fd1671209e8','{\"language\":\"ru-ru\",\"currency\":\"RUB\"}','2020-02-20 05:12:02'),('852d0c594a0c7af547258bee14','{\"language\":\"ru-ru\",\"currency\":\"RUB\"}','2020-02-20 20:58:46'),('85559f23f24c11f807ba8c7838','{\"language\":\"ru-ru\",\"currency\":\"RUB\"}','2020-09-13 09:28:07'),('8563586fbd9881f7e75ed939ff','{\"language\":\"ru-ru\",\"currency\":\"RUB\"}','2020-09-22 21:43:27'),('8569cf89a1338a3af283e538a8','{\"language\":\"ru-ru\",\"currency\":\"RUB\"}','2020-02-20 05:12:11'),('856ba0395c8ac10b64a6c83ca0','{\"language\":\"ru-ru\",\"currency\":\"RUB\"}','2020-07-18 05:06:16'),('8576ef6e2a15873aceb815d125','{\"language\":\"ru-ru\",\"currency\":\"RUB\"}','2020-02-21 14:09:51'),('85855ead52d2bb60cd8d3c66ad','{\"language\":\"ru-ru\",\"currency\":\"RUB\"}','2020-09-24 09:17:05'),('858ca258ee92f572f850611f58','{\"language\":\"ru-ru\",\"currency\":\"RUB\"}','2020-02-20 05:11:07'),('8590e5c3b2a30548db4a87eb10','{\"language\":\"ru-ru\",\"currency\":\"RUB\"}','2020-02-19 02:47:31'),('8594ed19ae5b88c7d4d7c8e64b','{\"language\":\"ru-ru\",\"currency\":\"RUB\"}','2020-09-17 18:48:04'),('8595d770845c08d661d3a0ad74','{\"language\":\"ru-ru\",\"currency\":\"RUB\"}','2020-02-20 05:10:52'),('8599e4e8c3a76496cb7640ed31','{\"language\":\"ru-ru\",\"currency\":\"RUB\",\"redirect\":\"https:\\/\\/umolab.ru\\/shop\\/index.php?route=account\\/edit\"}','2020-09-21 00:15:47'),('859a68e7a5bce925b9acb68a76','{\"language\":\"ru-ru\",\"currency\":\"RUB\",\"redirect\":\"https:\\/\\/umolab.ru\\/shop\\/index.php?route=account\\/order\"}','2020-09-14 04:51:12'),('85a7d91faf6faf3d62fa86c7da','{\"language\":\"ru-ru\",\"currency\":\"RUB\"}','2020-09-16 06:32:42'),('85b06b19f88282de23fab1d333','{\"language\":\"ru-ru\",\"currency\":\"RUB\"}','2020-03-08 21:11:51'),('85b137fe7804903031261e9b81','{\"language\":\"ru-ru\",\"currency\":\"RUB\"}','2020-09-06 05:01:24'),('85e279683abb9a1d6d0c7a157e','{\"language\":\"ru-ru\",\"currency\":\"RUB\"}','2020-07-11 09:08:21'),('85f232bc460a0ec2f4fe18fd81','{\"language\":\"ru-ru\",\"currency\":\"RUB\"}','2020-03-09 09:57:19'),('86042fd404fc7983b3f95e8f10','{\"language\":\"ru-ru\",\"currency\":\"RUB\"}','2020-07-30 01:50:41'),('862b8974170c087f223d571157','{\"language\":\"ru-ru\",\"currency\":\"RUB\"}','2020-02-20 13:31:22'),('863de2671cb923d0df4182acab','{\"language\":\"ru-ru\",\"currency\":\"RUB\"}','2020-02-21 14:09:54'),('863f35e9c3b0b4e239a10d2866','{\"language\":\"ru-ru\",\"currency\":\"RUB\"}','2020-02-19 02:34:43'),('8649d682d6ed9d20ded534f853','{\"language\":\"ru-ru\",\"currency\":\"RUB\"}','2020-04-13 00:27:44'),('864b08447196537dd067120002','{\"language\":\"ru-ru\",\"currency\":\"RUB\"}','2020-09-23 01:40:24'),('86563f1ed5e9c9d13df20fa6e7','{\"language\":\"ru-ru\",\"currency\":\"RUB\"}','2020-09-19 14:50:09'),('866f9c238f39cd5db53c4aa31b','{\"language\":\"ru-ru\",\"currency\":\"RUB\"}','2020-06-22 08:09:38'),('867767d1fe0695af06247e9ff9','{\"language\":\"ru-ru\",\"currency\":\"RUB\"}','2020-02-20 05:07:28'),('8678bfb46c8be758a8528e748d','{\"language\":\"ru-ru\",\"currency\":\"RUB\"}','2020-02-19 02:40:40'),('868449f076b4a314f3a2128997','{\"language\":\"ru-ru\",\"currency\":\"RUB\"}','2020-02-20 05:11:12'),('8687583dcdafb18a5bb912f6cb','{\"language\":\"ru-ru\",\"currency\":\"RUB\"}','2020-03-11 06:12:12'),('8687a9c0fd26ba164eed3a1fec','{\"language\":\"ru-ru\",\"currency\":\"RUB\"}','2020-02-20 19:59:30'),('8696ff509a17fe258e1de0ee8e','{\"language\":\"ru-ru\",\"currency\":\"RUB\"}','2020-02-20 12:31:54'),('86983b0177dbf625084c99770c','{\"language\":\"ru-ru\",\"currency\":\"RUB\"}','2020-02-20 13:22:49'),('869e2f97bcfbb2dc6587bf42da','{\"language\":\"ru-ru\",\"currency\":\"RUB\"}','2020-02-19 02:50:23'),('86a0182d4c3a3ef50016c2f927','{\"language\":\"ru-ru\",\"currency\":\"RUB\"}','2020-07-15 19:19:30'),('86c155bbdea33825947ebdb31e','{\"language\":\"ru-ru\",\"currency\":\"RUB\"}','2020-03-09 18:48:54'),('86c4a79b0d2c4be2fcdb51cae8','{\"language\":\"ru-ru\",\"currency\":\"RUB\"}','2020-02-19 02:49:01'),('86d4d19f79044a4bcfa22b4996','{\"language\":\"ru-ru\",\"currency\":\"RUB\",\"vouchers\":[]}','2020-06-18 20:29:28'),('8702e2ac221be4c118e90f8898','{\"language\":\"ru-ru\",\"currency\":\"RUB\"}','2020-09-22 17:25:49'),('8703f01055ef1d63b85c9b7119','{\"language\":\"ru-ru\",\"currency\":\"RUB\"}','2020-09-01 12:53:37'),('871bea7980f71f9693242c1e8d','{\"language\":\"ru-ru\",\"currency\":\"RUB\"}','2020-09-24 09:54:57'),('873f45ee36850a2b6790bf9652','{\"language\":\"ru-ru\",\"currency\":\"RUB\"}','2020-09-20 15:16:44'),('873f6791216b0fbddef318577a','{\"language\":\"ru-ru\",\"currency\":\"RUB\"}','2020-02-20 08:20:02'),('874574ad4ebf8f3425050eadc5','{\"language\":\"ru-ru\",\"currency\":\"RUB\"}','2020-02-19 02:40:51'),('875db1d4abba4ed216346dbe23','{\"language\":\"ru-ru\",\"currency\":\"RUB\"}','2020-09-07 18:54:50'),('87688d1b582f08d1738f145d01','{\"language\":\"ru-ru\",\"currency\":\"RUB\"}','2020-02-20 10:22:40'),('8772f4dfc71016edae41c55b5e','{\"language\":\"ru-ru\",\"currency\":\"RUB\"}','2020-09-14 22:20:59'),('878f4d5536b9a100952188e942','{\"language\":\"ru-ru\",\"currency\":\"RUB\",\"redirect\":\"https:\\/\\/umolab.ru\\/shop\\/index.php?route=account\\/order\"}','2020-03-15 04:27:41'),('87b065fb295d8622f940548eb2','{\"language\":\"ru-ru\",\"currency\":\"RUB\"}','2020-09-24 00:55:21'),('87b0d6b55bf814265ddd50ed3f','{\"language\":\"ru-ru\",\"currency\":\"RUB\"}','2020-02-20 08:02:35'),('87c83281bf729f3cb4699752e8','{\"language\":\"ru-ru\",\"currency\":\"RUB\"}','2020-09-22 01:35:19'),('87cec2d01e276f605bbb07384d','{\"language\":\"ru-ru\",\"currency\":\"RUB\"}','2020-09-07 22:39:28'),('87eb39760143fac97b10bfa53a','{\"language\":\"ru-ru\",\"currency\":\"RUB\"}','2020-04-13 11:06:49'),('87ec66f788f0f0b529a184c1a8','{\"language\":\"ru-ru\",\"currency\":\"RUB\"}','2020-02-21 14:16:47'),('880d7e63cec15067d03eedb489','{\"language\":\"ru-ru\",\"currency\":\"RUB\"}','2020-02-19 02:51:48'),('8819eadce1565e5a28f1c43003','{\"language\":\"ru-ru\",\"currency\":\"RUB\"}','2020-09-25 14:26:43'),('881df1c21e4379eba3056e69d9','{\"language\":\"ru-ru\",\"currency\":\"RUB\"}','2020-02-19 02:41:15'),('883f1adb3e7a9cd4bb0bb3d637','{\"language\":\"ru-ru\",\"currency\":\"RUB\"}','2020-02-19 02:34:17'),('88419bf3a361ba9bf6da2b25fd','{\"language\":\"ru-ru\",\"currency\":\"RUB\"}','2020-02-19 02:39:27'),('88451d372764fd078bdd1eb94b','{\"language\":\"ru-ru\",\"currency\":\"RUB\"}','2020-02-28 20:58:03'),('886066dd6d52af61789e3a41c3','{\"language\":\"ru-ru\",\"currency\":\"RUB\"}','2020-02-19 02:49:36'),('88607817f9f0e15718d31d31b5','{\"language\":\"ru-ru\",\"currency\":\"RUB\"}','2020-07-30 01:50:38'),('886147ad91e4a1ecdc27e6ffd4','{\"language\":\"ru-ru\",\"currency\":\"RUB\"}','2020-09-16 06:32:17'),('88779c00db5e52b53960364054','{\"language\":\"ru-ru\",\"currency\":\"RUB\"}','2020-02-20 05:10:50'),('887ab093a60a414a2a2f6a1be2','{\"language\":\"ru-ru\",\"currency\":\"RUB\"}','2020-09-17 21:38:28'),('887c41c35d45ff543092985008','{\"language\":\"ru-ru\",\"currency\":\"RUB\"}','2020-09-16 06:30:13'),('889d79d76e493b328f7a5ffccb','{\"language\":\"ru-ru\",\"currency\":\"RUB\"}','2020-02-19 02:36:10'),('88b2d23a00fe82d1502fcf1ab9','{\"language\":\"ru-ru\",\"currency\":\"RUB\"}','2020-04-02 19:45:07'),('88b70408c95bdf93c4f53bf86f','{\"language\":\"ru-ru\",\"currency\":\"RUB\"}','2020-02-21 02:38:18'),('88badec7efd18dc4e252ecb775','{\"language\":\"ru-ru\",\"currency\":\"RUB\"}','2020-03-11 01:04:54'),('88d39857b317fc6ac42be0c119','{\"language\":\"ru-ru\",\"currency\":\"RUB\"}','2020-07-24 04:41:01'),('88e2e5a8f51fa57e7c4e5c8e28','{\"language\":\"ru-ru\",\"currency\":\"RUB\"}','2020-02-20 05:12:18'),('88e4946aa351904c6208ed6521','{\"language\":\"ru-ru\",\"currency\":\"RUB\"}','2020-02-21 14:09:36'),('88f18fd019fd4aaed05385e1fe','{\"language\":\"ru-ru\",\"currency\":\"RUB\"}','2020-02-19 02:48:33'),('88fc1f903081f1949fdd78deba','{\"language\":\"ru-ru\",\"currency\":\"RUB\"}','2020-09-20 20:29:08'),('8923c377d3d615b784dbc2c069','{\"language\":\"ru-ru\",\"currency\":\"RUB\",\"redirect\":\"https:\\/\\/umolab.ru\\/shop\\/index.php?route=account\\/edit\"}','2020-08-28 06:30:19'),('8926e0e5345da4dbf9367d222c','{\"language\":\"ru-ru\",\"currency\":\"RUB\"}','2020-02-20 07:12:42'),('8935d4aa09bbc0077751b85f67','{\"language\":\"ru-ru\",\"currency\":\"RUB\"}','2020-09-24 00:45:53'),('894ee7c6b616777f9442b7f2d0','{\"language\":\"ru-ru\",\"currency\":\"RUB\"}','2020-02-20 18:05:55'),('895525bb8c3fe43d2d577a7824','{\"language\":\"ru-ru\",\"currency\":\"RUB\"}','2020-02-20 10:42:01'),('896d5b206a2f50217411e7edde','{\"language\":\"ru-ru\",\"currency\":\"RUB\"}','2020-07-02 14:16:43'),('897da879c4c40bc0a996e928ab','{\"language\":\"ru-ru\",\"currency\":\"RUB\"}','2020-09-18 10:25:16'),('89862cb987f2808d010a1f1744','{\"language\":\"ru-ru\",\"currency\":\"RUB\"}','2020-09-15 00:01:39'),('898c496db5c3a7718d767bcd43','{\"language\":\"ru-ru\",\"currency\":\"RUB\"}','2020-07-06 13:28:05'),('89956523cd3a1e3bcd56421114','{\"language\":\"ru-ru\",\"currency\":\"RUB\"}','2020-06-18 01:20:23'),('899f7a936d0056a311a6dc7546','{\"language\":\"ru-ru\",\"currency\":\"RUB\"}','2020-08-06 11:06:09'),('89a5ad43cde10c75ebb47c19b0','{\"language\":\"ru-ru\",\"currency\":\"RUB\"}','2020-02-19 02:50:14'),('89aadf27ea0e9c84e04922b20e','{\"language\":\"ru-ru\",\"currency\":\"RUB\"}','2020-02-20 23:37:14'),('89c3bc8fea31984447b1cbca67','{\"language\":\"ru-ru\",\"currency\":\"RUB\"}','2020-02-22 11:14:08'),('89d15f7c945d890768388944af','{\"language\":\"ru-ru\",\"currency\":\"RUB\"}','2020-03-05 19:47:20'),('89d2e754c166cbc11d0eeea89a','{\"language\":\"ru-ru\",\"currency\":\"RUB\"}','2020-02-21 14:11:14'),('89d4e99f0a9fbe58ebb6628f8e','{\"language\":\"ru-ru\",\"currency\":\"RUB\"}','2020-02-20 05:20:13'),('89d954a2d37da075e22b9b8cf2','{\"language\":\"ru-ru\",\"currency\":\"RUB\"}','2020-04-14 14:37:22'),('89e6b06569719263617ba1ccfa','{\"language\":\"ru-ru\",\"currency\":\"RUB\"}','2020-05-22 06:59:01'),('89e7b271024aa77e5b4ab82849','{\"language\":\"ru-ru\",\"currency\":\"RUB\"}','2020-09-16 06:27:08'),('8a007e33eccc38f47efbd10521','{\"language\":\"ru-ru\",\"currency\":\"RUB\"}','2020-05-22 19:46:08'),('8a0452f910aa86fe1bb597dbb0','{\"language\":\"ru-ru\",\"currency\":\"RUB\"}','2020-06-11 21:24:34'),('8a049fd8b9e2980362ae9cc1e2','{\"language\":\"ru-ru\",\"currency\":\"RUB\"}','2020-07-13 18:47:48'),('8a0d611efb68e67c706a87874a','{\"language\":\"ru-ru\",\"currency\":\"RUB\"}','2020-09-03 12:56:15'),('8a357453aaa409a17be7f0ae95','{\"language\":\"ru-ru\",\"currency\":\"RUB\"}','2020-02-26 19:43:30'),('8a3bd575956237174ec9d2d9b7','{\"language\":\"ru-ru\",\"currency\":\"RUB\"}','2020-09-20 14:01:00'),('8a4b01714bcabc9051227119d0','{\"language\":\"ru-ru\",\"currency\":\"RUB\"}','2020-02-22 11:21:25'),('8a6805ca066af07f26d5123b5d','{\"language\":\"ru-ru\",\"currency\":\"RUB\"}','2020-06-18 20:29:31'),('8a6cabdd7744c97e729158ade5','{\"language\":\"ru-ru\",\"currency\":\"RUB\"}','2020-09-23 23:01:45'),('8a80698a6647f347417c7093b0','{\"language\":\"ru-ru\",\"currency\":\"RUB\"}','2020-09-16 06:20:16'),('8a90104cc94e80325b75021fa9','{\"language\":\"ru-ru\",\"currency\":\"RUB\"}','2020-09-16 06:39:18'),('8a947736ff590b5235482d847f','{\"language\":\"ru-ru\",\"currency\":\"RUB\"}','2020-02-19 02:31:46'),('8a9709429e8e5cd1149e434d2b','{\"language\":\"ru-ru\",\"currency\":\"RUB\",\"redirect\":\"https:\\/\\/umolab.ru\\/shop\\/index.php?route=account\\/address\"}','2020-08-02 06:23:40'),('8ab2e8a2bb454fdabd59892058','{\"language\":\"ru-ru\",\"currency\":\"RUB\"}','2020-02-20 16:12:18'),('8ad371726e822c7a835cc9c5f2','{\"language\":\"ru-ru\",\"currency\":\"RUB\"}','2020-02-19 02:48:30'),('8af66e8c125d08845ef30d0c5e','{\"language\":\"ru-ru\",\"currency\":\"RUB\"}','2020-02-19 02:39:11'),('8b23d40d3866d0ebd4d01e2f8e','{\"language\":\"ru-ru\",\"currency\":\"RUB\"}','2020-09-04 04:37:57'),('8b31d40ec4652fa313fa641fcf','{\"language\":\"ru-ru\",\"currency\":\"RUB\"}','2020-02-20 05:13:37'),('8b44aee24ff43e26c0aafdb8a3','{\"language\":\"ru-ru\",\"currency\":\"RUB\"}','2020-09-19 17:11:23'),('8b4e0474ec368977bb68bff6b4','{\"language\":\"ru-ru\",\"currency\":\"RUB\"}','2020-09-18 11:12:36'),('8b5e79e2c5975bc38a7031d4a9','{\"language\":\"ru-ru\",\"currency\":\"RUB\"}','2020-02-22 11:36:38'),('8b6328c73654689ecda30e79ed','{\"language\":\"ru-ru\",\"currency\":\"RUB\"}','2020-08-20 10:33:42'),('8b7751b3958712815366f7c41c','{\"language\":\"ru-ru\",\"currency\":\"RUB\"}','2020-02-20 22:09:04'),('8b77a79bc92d2c2659c363ccd0','{\"language\":\"ru-ru\",\"currency\":\"RUB\"}','2020-03-05 16:52:08'),('8b84aad99a180bcd3014bbd578','{\"language\":\"ru-ru\",\"currency\":\"RUB\"}','2020-09-14 04:51:14'),('8b859b5ddb7e7e044fcba6f8f1','{\"language\":\"ru-ru\",\"currency\":\"RUB\"}','2020-07-18 05:10:33'),('8ba66b3dba3f771b3f3478a6ca','false','2020-02-25 21:15:21'),('8bbab0e9c782c0b9780cec4301','{\"language\":\"ru-ru\",\"currency\":\"RUB\"}','2020-02-21 14:18:58'),('8bdc02e823099aa8bff3c9e318','{\"language\":\"ru-ru\",\"currency\":\"RUB\"}','2020-02-21 14:21:12'),('8bdf199527c741167fb70994f7','{\"language\":\"ru-ru\",\"currency\":\"RUB\"}','2020-02-20 05:09:51'),('8bef665d4152459bb049619a7d','{\"language\":\"ru-ru\",\"currency\":\"RUB\"}','2020-07-01 23:27:02'),('8bf93bd9522d6e5d2a2f43e26a','{\"language\":\"ru-ru\",\"currency\":\"RUB\"}','2020-02-20 05:11:21'),('8c055dba6343d32209104a1226','{\"language\":\"ru-ru\",\"currency\":\"RUB\"}','2020-02-19 02:30:11'),('8c135050b5743c29ae44fd9ad2','{\"language\":\"ru-ru\",\"currency\":\"RUB\"}','2020-05-23 09:46:47'),('8c2570020b0100782e1fba0a3a','{\"language\":\"ru-ru\",\"currency\":\"RUB\"}','2020-09-28 23:13:11'),('8c274dcdbbf22b9f6c321ac7a0','{\"language\":\"ru-ru\",\"currency\":\"RUB\"}','2020-09-20 14:10:28'),('8c2f35bc2ab450858bf0541d30','{\"language\":\"ru-ru\",\"currency\":\"RUB\"}','2020-02-20 05:07:33'),('8c376b5a8fca5505795f0cdd5d','{\"language\":\"ru-ru\",\"currency\":\"RUB\"}','2020-08-15 17:36:45'),('8c37713778f87ab7201653c8c5','{\"language\":\"ru-ru\",\"currency\":\"RUB\"}','2020-09-11 05:13:58'),('8c3a73c540aeef8e7686a9919c','{\"language\":\"ru-ru\",\"currency\":\"RUB\"}','2020-02-20 05:10:18'),('8c5aaa1ce67d52bbf425b9a3bf','{\"language\":\"ru-ru\",\"currency\":\"RUB\"}','2020-02-20 20:09:37'),('8c7fa81552672eb86e3700ecc5','{\"language\":\"ru-ru\",\"currency\":\"RUB\"}','2020-09-16 06:31:05'),('8c9c9fc7be579beb3847a7d07c','{\"language\":\"ru-ru\",\"currency\":\"RUB\"}','2020-02-20 05:13:03'),('8c9dfd70750c15cbc0152ba71d','{\"language\":\"ru-ru\",\"currency\":\"RUB\",\"redirect\":\"https:\\/\\/umolab.ru\\/shop\\/index.php?route=account\\/order\"}','2020-09-20 23:32:59'),('8ca083ae5e119e98a4d6e056a9','{\"language\":\"ru-ru\",\"currency\":\"RUB\"}','2020-02-26 23:02:05'),('8ccea7f96b8e53a5a5eea83815','{\"language\":\"ru-ru\",\"currency\":\"RUB\"}','2020-02-20 05:05:29'),('8ce671bdf9821358e0262f9f0d','{\"language\":\"ru-ru\",\"currency\":\"RUB\"}','2020-09-18 15:13:50'),('8ce7afdafc401015d92741378e','{\"language\":\"ru-ru\",\"currency\":\"RUB\"}','2020-02-19 02:32:27'),('8cea1ea3f1957d250e545072f8','{\"language\":\"ru-ru\",\"currency\":\"RUB\"}','2020-02-20 10:21:05'),('8cf064e54ab91aa3df2f041c82','{\"language\":\"ru-ru\",\"currency\":\"RUB\"}','2020-08-27 13:37:11'),('8d0b5681759dffb76e3dca7dc2','{\"language\":\"ru-ru\",\"currency\":\"RUB\",\"redirect\":\"https:\\/\\/umolab.ru\\/shop\\/index.php?route=account\\/password\"}','2020-08-29 13:49:46'),('8d26059df381c1ab3f5dfd41aa','{\"language\":\"ru-ru\",\"currency\":\"RUB\"}','2020-02-20 20:18:27'),('8d45603160689f755f5a3f4de8','{\"language\":\"ru-ru\",\"currency\":\"RUB\"}','2020-09-23 12:46:13'),('8d5a990f1fa9c119e34cf712ec','{\"language\":\"ru-ru\",\"currency\":\"RUB\"}','2020-02-20 05:10:18'),('8d61b6eec83fa55ebec8b2657c','{\"language\":\"ru-ru\",\"currency\":\"RUB\"}','2020-09-02 12:00:22'),('8d75a33c64bb49ba24bad94be4','{\"language\":\"ru-ru\",\"currency\":\"RUB\"}','2020-07-15 19:24:30'),('8d795b58d17011fb3004ae5c34','{\"language\":\"ru-ru\",\"currency\":\"RUB\"}','2020-09-22 01:25:41'),('8d8dd22417af91558037c10504','{\"language\":\"ru-ru\",\"currency\":\"RUB\"}','2020-02-19 02:30:56'),('8da2bf6598dcc2c6eaf1b4a44d','{\"language\":\"ru-ru\",\"currency\":\"RUB\"}','2020-04-15 10:01:48'),('8da427049853a26aa0dcaf51d6','{\"language\":\"ru-ru\",\"currency\":\"RUB\",\"redirect\":\"https:\\/\\/umolab.ru\\/shop\\/index.php?route=account\\/order\"}','2020-03-07 02:45:59'),('8da4f4c697b841d42ce92d0cd3','{\"language\":\"ru-ru\",\"currency\":\"RUB\"}','2020-09-04 16:56:48'),('8ddadd47d5914fe001a7d582d5','{\"language\":\"en-gb\",\"currency\":\"RUB\"}','2020-03-30 09:17:55'),('8deef69800e0635a2d023937a6','{\"language\":\"ru-ru\",\"currency\":\"RUB\"}','2020-09-24 11:01:13'),('8def5e1667cf8b4d1b349d8e97','{\"language\":\"ru-ru\",\"currency\":\"RUB\"}','2020-09-18 02:50:52'),('8e177928924984c675b11f0f18','{\"language\":\"ru-ru\",\"currency\":\"RUB\"}','2020-02-19 02:51:49'),('8e1ef38dfc5d53be99f387c252','{\"language\":\"ru-ru\",\"currency\":\"RUB\"}','2020-07-30 01:50:43'),('8e2039a946f12db5dff9b7dd01','{\"language\":\"ru-ru\",\"currency\":\"RUB\"}','2020-02-20 06:53:46'),('8e40646031fa7fcd9bde4ad302','{\"language\":\"ru-ru\",\"currency\":\"RUB\"}','2020-02-19 02:49:07'),('8e40d31f2124aec927e0817eca','{\"language\":\"ru-ru\",\"currency\":\"RUB\"}','2020-09-18 13:06:12'),('8e5c33977fe13a97790e083fec','{\"language\":\"ru-ru\",\"currency\":\"RUB\"}','2020-08-15 18:41:18'),('8e5cb20bbd0aa88dee861c40fa','{\"language\":\"ru-ru\",\"currency\":\"RUB\"}','2020-08-11 04:07:10'),('8e5e78642eae7ae757376cbef9','{\"language\":\"ru-ru\",\"currency\":\"RUB\"}','2020-02-20 05:06:38'),('8e763a4e8feb8e32b2fbf4aae4','{\"language\":\"ru-ru\",\"currency\":\"RUB\",\"vouchers\":[]}','2020-07-15 05:38:43'),('8e871325ddc0ab5a956ad96325','{\"language\":\"ru-ru\",\"currency\":\"RUB\"}','2020-02-20 05:12:13'),('8e94dc840271a7c86a617ac5ea','{\"language\":\"ru-ru\",\"currency\":\"RUB\"}','2020-03-02 03:11:12'),('8e97ec0200ca84e902ed945ccc','{\"language\":\"ru-ru\",\"currency\":\"RUB\"}','2020-05-23 05:50:30'),('8e9d8b03f707a5c1d9ff0562ad','{\"language\":\"ru-ru\",\"currency\":\"RUB\"}','2020-07-30 01:50:44'),('8eb1cd85e76cc83995ce804c6e','{\"language\":\"ru-ru\",\"currency\":\"RUB\"}','2020-02-20 05:05:34'),('8ebb503f98d2bbab3ffbdb278f','{\"language\":\"ru-ru\",\"currency\":\"RUB\"}','2020-02-21 14:13:46'),('8edefb2dc87cc95e8288875e0d','{\"language\":\"ru-ru\",\"currency\":\"RUB\"}','2020-09-24 18:50:43'),('8ef0c536874429da33aedda9f1','{\"language\":\"ru-ru\",\"currency\":\"RUB\"}','2020-09-23 18:47:05'),('8efbc615a47777a0c2de108e90','{\"language\":\"ru-ru\",\"currency\":\"RUB\"}','2020-09-16 06:30:17'),('8f0fd5b892b3ef6f508286634f','{\"language\":\"ru-ru\",\"currency\":\"RUB\"}','2020-05-24 08:02:34'),('8f10e5cbc9f67e659235a50744','{\"language\":\"ru-ru\",\"currency\":\"RUB\"}','2020-09-17 13:42:34'),('8f275e4ddcaf4b3099a699795b','{\"language\":\"ru-ru\",\"currency\":\"RUB\"}','2020-02-19 02:41:18'),('8f2b141ac52b3a2ed65fd2ad2e','{\"language\":\"ru-ru\",\"currency\":\"RUB\"}','2020-09-18 04:11:42'),('8f315aa2ac0f3b2d06a217905a','{\"language\":\"ru-ru\",\"currency\":\"RUB\"}','2020-02-20 05:17:50'),('8f33e6232a97cb5036d203225e','{\"language\":\"ru-ru\",\"currency\":\"RUB\"}','2020-09-02 12:32:39'),('8f39e54899523b2118fc11bbdf','{\"language\":\"ru-ru\",\"currency\":\"RUB\"}','2020-08-11 04:06:59'),('8f449a962c18df3b001ae2de0c','{\"language\":\"ru-ru\",\"currency\":\"RUB\"}','2020-03-13 23:24:38'),('8f456033778cf31c6dafc56cbd','{\"language\":\"ru-ru\",\"currency\":\"RUB\"}','2020-09-20 21:02:56'),('8f48e7103c8b78fa71f5940594','{\"language\":\"ru-ru\",\"currency\":\"RUB\"}','2020-05-24 01:10:47'),('8f51a54afd40875feb344ce7e8','{\"language\":\"ru-ru\",\"currency\":\"RUB\"}','2020-07-11 06:48:39'),('8f52aefa05ebd62bf1a02dfaee','{\"language\":\"ru-ru\",\"currency\":\"RUB\"}','2020-02-26 14:51:22'),('8f55f03a9fcc67c204dcb64317','{\"language\":\"ru-ru\",\"currency\":\"RUB\"}','2020-02-20 13:40:50'),('8f5f519198b86e2ae527552f53','{\"language\":\"ru-ru\",\"currency\":\"RUB\"}','2020-09-04 08:07:55'),('8f7bc590a5492d217f86bc6195','{\"language\":\"ru-ru\",\"currency\":\"RUB\"}','2020-09-24 01:23:45'),('8f83a494491c0bcc6f8790a820','{\"language\":\"ru-ru\",\"currency\":\"RUB\"}','2020-03-12 07:26:27'),('8f843c8b99e4da2e243c064ae7','{\"language\":\"ru-ru\",\"currency\":\"RUB\"}','2020-09-17 23:24:10'),('8f8938d945cab0e3511855932a','{\"language\":\"ru-ru\",\"currency\":\"RUB\"}','2020-02-21 17:57:28'),('8f9f4b93c867264aff545536bc','{\"language\":\"ru-ru\",\"currency\":\"RUB\"}','2020-09-22 02:48:06'),('8fa0924043db11505ff06809cb','{\"language\":\"ru-ru\",\"currency\":\"RUB\"}','2020-07-18 01:54:44'),('8fa79eb445a3894921d6d244f6','{\"language\":\"ru-ru\",\"currency\":\"RUB\"}','2020-02-20 05:07:48'),('8fc23b904dfdf172198478e492','{\"language\":\"ru-ru\",\"currency\":\"RUB\"}','2020-05-05 08:23:46'),('8fdadd9d59d39f0410046a77e0','{\"language\":\"ru-ru\",\"currency\":\"RUB\"}','2020-09-16 06:24:56'),('8ff9dfe151534f2ad2971a72f4','{\"language\":\"ru-ru\",\"currency\":\"RUB\",\"redirect\":\"https:\\/\\/umolab.ru\\/shop\\/index.php?route=account\\/newsletter\"}','2020-02-27 17:45:49'),('901af9069a4c77115f3ec5f4eb','{\"language\":\"ru-ru\",\"currency\":\"RUB\"}','2020-03-09 18:37:25'),('9030048a2e2d85d15105a8e3e8','{\"language\":\"ru-ru\",\"currency\":\"RUB\"}','2020-02-20 09:29:43'),('9033970dcb5047cba3597e0b73','{\"language\":\"ru-ru\",\"currency\":\"RUB\"}','2020-09-17 19:54:20'),('9034b670db08294ec482e992f9','{\"language\":\"ru-ru\",\"currency\":\"RUB\",\"redirect\":\"https:\\/\\/umolab.ru\\/shop\\/index.php?route=account\\/account\"}','2020-07-18 05:07:05'),('9036f26b2181c16ea1084fc6f1','{\"language\":\"ru-ru\",\"currency\":\"RUB\"}','2020-07-15 05:38:53'),('905098c6922b4a9c80340b278f','{\"language\":\"ru-ru\",\"currency\":\"RUB\"}','2020-06-30 22:49:38'),('90520bc5effd8417809dd17d4e','{\"language\":\"ru-ru\",\"currency\":\"RUB\"}','2020-05-26 10:49:31'),('905d178cd9d4709164e2240da4','{\"language\":\"ru-ru\",\"currency\":\"RUB\"}','2020-02-20 10:32:36'),('9062345ff9a5e6a1e1123aa8fb','{\"language\":\"ru-ru\",\"currency\":\"RUB\"}','2020-03-15 05:01:56'),('90701fe58883eba15036bd940a','{\"language\":\"ru-ru\",\"currency\":\"RUB\"}','2020-09-21 19:21:48'),('9070b9e3adf88020018f713989','{\"language\":\"ru-ru\",\"currency\":\"RUB\"}','2020-09-23 09:55:49'),('90790721138d73c3e607b684d9','{\"language\":\"ru-ru\",\"currency\":\"RUB\"}','2020-02-20 05:09:14'),('90a41ecdf93f67b2c872e7a8d1','{\"language\":\"ru-ru\",\"currency\":\"RUB\"}','2020-02-19 02:48:22'),('90b091852200bfa2fd895e1d96','{\"language\":\"ru-ru\",\"currency\":\"RUB\"}','2020-03-07 17:28:29'),('90ce5329fda6cbc6a436ff2327','{\"language\":\"ru-ru\",\"currency\":\"RUB\"}','2020-09-23 12:27:17'),('90d9c7581a14bfd13f5dba7d98','{\"language\":\"ru-ru\",\"currency\":\"RUB\"}','2020-09-02 12:32:47'),('90e913988919ef434530923a5e','{\"language\":\"ru-ru\",\"currency\":\"RUB\"}','2020-02-20 19:22:24'),('90eb10e2effd04b9f6529c7e0a','{\"language\":\"ru-ru\",\"currency\":\"RUB\"}','2020-07-07 04:54:14'),('90eeaabf561eec522b511999ec','{\"language\":\"ru-ru\",\"currency\":\"RUB\"}','2020-09-02 18:22:28'),('90f9e9e2a8d30bb653f2536adf','{\"language\":\"ru-ru\",\"currency\":\"RUB\"}','2020-09-21 08:24:08'),('90ff15bb6f604291bb2fa5dba7','{\"language\":\"ru-ru\",\"currency\":\"RUB\"}','2020-03-08 06:02:19'),('9101325d76fc59c71bd40d9e3b','{\"language\":\"ru-ru\",\"currency\":\"RUB\"}','2020-09-02 12:32:36'),('9132f17de4116a75508073b3c0','{\"language\":\"ru-ru\",\"currency\":\"RUB\"}','2020-02-20 05:08:35'),('91391b0472085269b439aa90b4','{\"language\":\"ru-ru\",\"currency\":\"RUB\"}','2020-09-18 10:15:48'),('913a17f3ad3b39e508843a07a8','{\"language\":\"ru-ru\",\"currency\":\"RUB\"}','2020-05-16 16:33:11'),('914501207b7ffe32e0233becf0','{\"language\":\"ru-ru\",\"currency\":\"RUB\"}','2020-03-04 05:30:53'),('91556c0e45fb48861a0088dd75','{\"language\":\"ru-ru\",\"currency\":\"RUB\"}','2020-05-27 11:40:16'),('915d8d9b2dafe2f6d7af34bf02','{\"language\":\"ru-ru\",\"currency\":\"RUB\"}','2020-09-30 02:42:06'),('916e2de142f020c310b5ffd2aa','{\"language\":\"ru-ru\",\"currency\":\"RUB\"}','2020-05-06 02:25:26'),('9173bcb08d43347a73078552e8','{\"language\":\"en-gb\",\"currency\":\"RUB\"}','2020-07-09 11:02:42'),('917ce02df148567f4f1385b7db','{\"language\":\"ru-ru\",\"currency\":\"RUB\"}','2020-09-16 06:23:32'),('91818655979bc9177b4ee2b110','{\"language\":\"ru-ru\",\"currency\":\"RUB\"}','2020-02-19 02:47:53'),('9186a47c595d6ca44816a2487a','{\"language\":\"ru-ru\",\"currency\":\"RUB\"}','2020-02-29 04:04:07'),('9189d6d64eb03dc5816ca28874','{\"language\":\"ru-ru\",\"currency\":\"RUB\",\"vouchers\":[]}','2020-09-17 08:44:17'),('91918652ed3150216c59e74985','{\"language\":\"ru-ru\",\"currency\":\"RUB\"}','2020-09-21 00:25:48'),('91ab8d28f00a7976309f413f81','{\"language\":\"ru-ru\",\"currency\":\"RUB\"}','2020-09-22 10:53:41'),('91c4ba73c5d9dec4ff8d31b810','{\"language\":\"ru-ru\",\"currency\":\"RUB\"}','2020-04-07 15:48:33'),('91ca86392624d41789cd385313','{\"language\":\"ru-ru\",\"currency\":\"RUB\"}','2020-05-22 22:35:53'),('91d42c498dce3efc1bee22962c','{\"language\":\"ru-ru\",\"currency\":\"RUB\"}','2020-09-16 04:34:59'),('91d705f06dace29928131fe4d8','{\"language\":\"ru-ru\",\"currency\":\"RUB\"}','2020-09-01 21:55:47'),('91dfcc736f8eaecec43a42763a','{\"language\":\"ru-ru\",\"currency\":\"RUB\"}','2020-09-02 12:32:31'),('91e4e906165c22a5cde2fe8ebf','{\"language\":\"ru-ru\",\"currency\":\"RUB\"}','2020-07-18 05:09:40'),('91f32ecf1d5293f64d47a88dba','{\"language\":\"ru-ru\",\"currency\":\"RUB\"}','2020-02-21 14:20:33'),('91f91d30b9a61a61359d73d301','{\"language\":\"ru-ru\",\"currency\":\"RUB\"}','2020-09-22 14:31:25'),('91ff4782d111449446a700c147','{\"language\":\"ru-ru\",\"currency\":\"RUB\"}','2020-02-21 14:08:09'),('9204d77a0fe8ce3e172b21f771','{\"language\":\"ru-ru\",\"currency\":\"RUB\"}','2020-08-30 05:36:23'),('921df78912b8ae5022370b0597','{\"language\":\"ru-ru\",\"currency\":\"RUB\"}','2020-03-27 13:49:53'),('92225632a5b3d208b77dd15df4','{\"language\":\"ru-ru\",\"currency\":\"RUB\"}','2020-09-05 19:18:26'),('922c9b46bd4635bf745014734a','{\"language\":\"ru-ru\",\"currency\":\"RUB\"}','2020-09-21 02:57:16'),('923b06a9cb251dc1c19941b8fd','{\"language\":\"ru-ru\",\"currency\":\"RUB\"}','2020-02-19 02:51:02'),('924715388b1a44f6ed39e1bd31','{\"language\":\"ru-ru\",\"currency\":\"RUB\"}','2020-02-20 05:04:55'),('924bae2af497ba2a3735fa9903','{\"language\":\"ru-ru\",\"currency\":\"RUB\"}','2020-09-20 15:35:40'),('9256acb3fba540da450efc4754','{\"language\":\"ru-ru\",\"currency\":\"RUB\"}','2020-09-22 16:06:59'),('92573016668296beb630d414b4','{\"language\":\"ru-ru\",\"currency\":\"RUB\"}','2020-06-18 20:29:34'),('9262bd8671e1ffb839b7738064','{\"language\":\"ru-ru\",\"currency\":\"RUB\"}','2020-03-01 15:50:51'),('926675fbda4fb8b929c11aa69b','{\"language\":\"ru-ru\",\"currency\":\"RUB\"}','2020-02-20 19:50:03'),('927e8322a21bf981b481d95df7','{\"language\":\"ru-ru\",\"currency\":\"RUB\"}','2020-07-16 06:17:30'),('929c44cfd65863cfc1ca45bc53','{\"language\":\"ru-ru\",\"currency\":\"RUB\"}','2020-03-06 07:24:53'),('92ad1f14ce672ada56449cb01f','{\"language\":\"ru-ru\",\"currency\":\"RUB\"}','2020-02-19 02:49:44'),('92af23289227f915e378155888','{\"language\":\"ru-ru\",\"currency\":\"RUB\"}','2020-07-27 21:23:31'),('92b2b60d064115485fa2e10af0','{\"language\":\"ru-ru\",\"currency\":\"RUB\"}','2020-02-20 11:58:59'),('92ccd73258b8d87e58cef9c39f','{\"language\":\"ru-ru\",\"currency\":\"RUB\"}','2020-07-02 04:49:23'),('92e94d83664aad77df2b4d4d9a','{\"language\":\"ru-ru\",\"currency\":\"RUB\"}','2020-09-24 10:33:46'),('92f96654e2601321fde5c8b5db','{\"language\":\"ru-ru\",\"currency\":\"RUB\"}','2020-07-18 05:05:48'),('930d5675eb30f503a4a7bb894f','{\"language\":\"ru-ru\",\"currency\":\"RUB\"}','2020-07-11 14:03:21'),('932c6b5f1b4895a835c223cdd9','{\"language\":\"ru-ru\",\"currency\":\"RUB\"}','2020-08-02 19:36:17'),('936349c131fb9db1a793232e0a','{\"language\":\"ru-ru\",\"currency\":\"RUB\"}','2020-02-20 05:04:39'),('9366cd9726c96d438efa2905b5','{\"language\":\"ru-ru\",\"currency\":\"RUB\"}','2020-03-27 03:45:52'),('93752ed060a07183eee5496982','{\"language\":\"ru-ru\",\"currency\":\"RUB\"}','2020-09-20 23:38:28'),('938553c6a8c4d5e2fec0bccc97','{\"language\":\"ru-ru\",\"currency\":\"RUB\"}','2020-02-29 19:37:18'),('938718e4292d371b7691febdc0','{\"language\":\"ru-ru\",\"currency\":\"RUB\"}','2020-02-19 02:50:27'),('9391e1f78b72d1a801ca313796','{\"language\":\"ru-ru\",\"currency\":\"RUB\"}','2020-02-20 05:08:30'),('93a9da16adea970580c394cf35','{\"language\":\"ru-ru\",\"currency\":\"RUB\"}','2020-07-07 23:33:35'),('93ae75fb135b1f1b0fc5247885','{\"language\":\"ru-ru\",\"currency\":\"RUB\"}','2020-02-19 02:32:24'),('93b345ae6f85346fdc4bb5d735','{\"language\":\"ru-ru\",\"currency\":\"RUB\"}','2020-02-19 02:52:32'),('93bc33cb1b08e3881cdbb2afc7','{\"language\":\"ru-ru\",\"currency\":\"RUB\"}','2020-09-21 17:56:36'),('93d536fa0e041020a405ac6656','{\"language\":\"ru-ru\",\"currency\":\"RUB\"}','2020-09-22 13:22:02'),('93e44235a52f0f576c0eb87f80','{\"language\":\"ru-ru\",\"currency\":\"RUB\"}','2020-02-20 05:11:55'),('93eca3b7789cae837aaff53ce9','{\"language\":\"ru-ru\",\"currency\":\"RUB\"}','2020-09-20 19:32:20'),('93ed986ddb0d5c739f72c331ca','{\"language\":\"ru-ru\",\"currency\":\"RUB\"}','2020-02-19 02:47:27'),('93f1eb39c219baa6def1645f3e','{\"language\":\"ru-ru\",\"currency\":\"RUB\"}','2020-03-11 15:02:44'),('9426030997f90be2b82f01c62c','{\"language\":\"ru-ru\",\"currency\":\"RUB\"}','2020-02-20 05:12:45'),('944eb83157fa65fa3343818a23','{\"language\":\"ru-ru\",\"currency\":\"RUB\"}','2020-09-16 06:18:54'),('948b289fcc2ca747ef7b7eb340','{\"language\":\"ru-ru\",\"currency\":\"RUB\"}','2020-04-07 18:13:17'),('948ecbfe9c968f6a958c4355e1','{\"language\":\"ru-ru\",\"currency\":\"RUB\"}','2020-09-18 13:15:40'),('94a94757aad1641faff3fbe6d3','{\"language\":\"ru-ru\",\"currency\":\"RUB\"}','2020-09-18 05:53:30'),('94adcbc75f212bbbec91a79f95','{\"language\":\"ru-ru\",\"currency\":\"RUB\"}','2020-03-12 07:26:51'),('94cbf9c28c1e284777fe317c82','{\"language\":\"ru-ru\",\"currency\":\"RUB\"}','2020-03-09 01:43:51'),('94d404324e3d3742c8cd32cf7e','{\"language\":\"ru-ru\",\"currency\":\"RUB\"}','2020-02-21 14:11:15'),('94e67400be9e5ba834255aa207','{\"language\":\"ru-ru\",\"currency\":\"RUB\"}','2020-02-21 14:22:10'),('94f2d02a42790b94ecec5b4e60','{\"language\":\"ru-ru\",\"currency\":\"RUB\"}','2020-09-18 03:57:08'),('94f4d42f62df140e0db7e863fe','{\"language\":\"ru-ru\",\"currency\":\"RUB\"}','2020-08-13 20:26:51'),('94f763cce06585fbff8a578838','{\"language\":\"ru-ru\",\"currency\":\"RUB\"}','2020-02-29 09:12:27'),('94fbe0154ec04b6ee4309e322c','{\"language\":\"ru-ru\",\"currency\":\"RUB\"}','2020-03-06 13:44:59'),('950a135fa00e67d035b93ebbc6','{\"language\":\"ru-ru\",\"currency\":\"RUB\"}','2020-09-17 17:44:05'),('951ad6bc04e4fc044ca9ed1ea9','{\"language\":\"ru-ru\",\"currency\":\"RUB\"}','2020-09-04 19:51:58'),('951d656f53d47f94b152105944','{\"language\":\"ru-ru\",\"currency\":\"RUB\"}','2020-05-15 11:20:36'),('95216314d837e9c9fe1700d697','{\"language\":\"ru-ru\",\"currency\":\"RUB\"}','2020-02-22 11:22:44'),('952511346cee2d599662056043','{\"language\":\"ru-ru\",\"currency\":\"RUB\"}','2020-02-20 05:11:01'),('952541c584cc59eac6a8b29b4b','{\"language\":\"ru-ru\",\"currency\":\"RUB\"}','2020-02-20 05:21:08'),('953e2b873b377111ce08a4e4ce','{\"language\":\"ru-ru\",\"currency\":\"RUB\"}','2020-03-06 16:16:49'),('95541f12f29064f5648abb35b9','{\"language\":\"ru-ru\",\"currency\":\"RUB\"}','2020-07-02 09:20:31'),('9560d5714d6b9ecca933cb1ad5','{\"language\":\"ru-ru\",\"currency\":\"RUB\"}','2020-06-26 05:30:13'),('95631b4767e6400a81a8fff1f3','{\"language\":\"ru-ru\",\"currency\":\"RUB\"}','2020-02-20 12:25:06'),('957d5c7ca07b4d4eb73600f630','{\"language\":\"ru-ru\",\"currency\":\"RUB\"}','2020-02-19 02:51:16'),('95911627d889f4dc3454c946f2','{\"language\":\"ru-ru\",\"currency\":\"RUB\"}','2020-02-20 05:06:49'),('95931b426640696f4deb039ecc','{\"language\":\"ru-ru\",\"currency\":\"RUB\"}','2020-09-22 14:50:21'),('959865084d6f346f14dedba4aa','{\"language\":\"ru-ru\",\"currency\":\"RUB\"}','2020-09-23 23:30:09'),('95988250e00d25e8646d79ad64','{\"language\":\"ru-ru\",\"currency\":\"RUB\"}','2020-02-19 02:40:36'),('959c784e800c9a504e0e38dedd','{\"language\":\"ru-ru\",\"currency\":\"RUB\"}','2020-09-09 02:23:03'),('95d25d7ff046528f6fc236ccfd','{\"language\":\"ru-ru\",\"currency\":\"RUB\"}','2020-09-23 04:24:29'),('95dda0ae1a71a9d804c83371d2','{\"language\":\"ru-ru\",\"currency\":\"RUB\",\"redirect\":\"https:\\/\\/umolab.ru\\/shop\\/index.php?route=account\\/order\"}','2020-03-03 12:30:45'),('95df66808dd85242df16c9bbcc','{\"language\":\"ru-ru\",\"currency\":\"RUB\"}','2020-02-20 08:56:50'),('95e46d2ed8c4ff1bcaf9ec9f93','{\"language\":\"ru-ru\",\"currency\":\"RUB\"}','2020-02-20 05:12:20'),('95eaba0b626fc48e2be5d9dd4f','{\"language\":\"ru-ru\",\"currency\":\"RUB\",\"redirect\":\"https:\\/\\/umolab.ru\\/shop\\/index.php?route=account\\/account\"}','2020-06-18 20:29:44'),('95f30f1ad73053de0f4739793c','{\"language\":\"ru-ru\",\"currency\":\"RUB\"}','2020-02-20 05:17:20'),('95f9d4df6a7d2555ef8b8fb508','{\"language\":\"ru-ru\",\"currency\":\"RUB\"}','2020-09-22 03:47:41'),('960d36cb98c801636828e91c62','{\"language\":\"ru-ru\",\"currency\":\"RUB\"}','2020-09-21 13:41:00'),('966a537bd40426c67fddb0bf73','{\"language\":\"ru-ru\",\"currency\":\"RUB\"}','2020-09-16 06:24:10'),('96766d184801335d48d66e43d1','{\"language\":\"ru-ru\",\"currency\":\"RUB\"}','2020-09-06 11:12:33'),('967baa1334b7dd16ea1b37056e','{\"language\":\"ru-ru\",\"currency\":\"RUB\"}','2020-02-19 02:48:45'),('968bd2e64593c5a40102ea97c9','{\"language\":\"ru-ru\",\"currency\":\"RUB\"}','2020-09-24 00:36:25'),('96994262014466a4e0c81bf64a','{\"language\":\"ru-ru\",\"currency\":\"RUB\"}','2020-03-08 11:09:56'),('96ac675c3358289b36640a5fcd','{\"language\":\"ru-ru\",\"currency\":\"RUB\"}','2020-09-18 06:47:32'),('96b119de1ad14678bf45164291','{\"language\":\"ru-ru\",\"currency\":\"RUB\"}','2020-09-21 23:06:01'),('96b99d1bfa486229a0f61f6d43','{\"language\":\"ru-ru\",\"currency\":\"RUB\"}','2020-08-09 15:57:23'),('96f7349aa9847ed545e73093a9','{\"language\":\"ru-ru\",\"currency\":\"RUB\"}','2020-02-19 02:52:35'),('9708c10f60e744d8efc82fb6b5','{\"language\":\"ru-ru\",\"currency\":\"RUB\"}','2020-09-07 14:01:23'),('970ec321877646977a6b875689','{\"language\":\"ru-ru\",\"currency\":\"RUB\"}','2020-09-18 08:41:08'),('9710fc4a0d819996162ab4a138','{\"language\":\"ru-ru\",\"currency\":\"RUB\",\"redirect\":\"https:\\/\\/umolab.ru\\/shop\\/index.php?route=account\\/edit\"}','2020-03-09 01:43:47'),('971186aeccd178239d667f10f5','{\"language\":\"ru-ru\",\"currency\":\"RUB\",\"redirect\":\"https:\\/\\/umolab.ru\\/shop\\/index.php?route=account\\/reward\"}','2020-07-18 05:04:47'),('9716a56b1ff1d8c0b2801ae9ed','{\"language\":\"ru-ru\",\"currency\":\"RUB\"}','2020-05-22 11:57:51'),('971ce435716249af36165c5bd3','{\"language\":\"ru-ru\",\"currency\":\"RUB\"}','2020-09-17 17:46:54'),('9727323a171e6917834a6c2fa1','{\"language\":\"ru-ru\",\"currency\":\"RUB\"}','2020-09-23 11:39:57'),('97274279cb66d078a997c8b014','{\"language\":\"ru-ru\",\"currency\":\"RUB\",\"redirect\":\"https:\\/\\/umolab.ru\\/shop\\/index.php?route=account\\/newsletter\"}','2020-08-05 08:54:43'),('972eb3c867a9508ddcbc379001','{\"language\":\"ru-ru\",\"currency\":\"RUB\"}','2020-09-18 11:16:22'),('97598a5e8a92c1cbec6904ba71','{\"language\":\"ru-ru\",\"currency\":\"RUB\"}','2020-08-04 02:39:42'),('97661328956066a6f87c5b3ca1','{\"language\":\"ru-ru\",\"currency\":\"RUB\"}','2020-09-08 10:00:41'),('976d843d458a58d7147cebb4c3','{\"language\":\"ru-ru\",\"currency\":\"RUB\"}','2020-09-20 21:35:24'),('97903060320c94e1a81ba7f724','{\"language\":\"ru-ru\",\"currency\":\"RUB\"}','2020-02-19 02:43:08'),('979ab8dd512c3585277737f7bd','{\"language\":\"ru-ru\",\"currency\":\"RUB\",\"redirect\":\"https:\\/\\/umolab.ru\\/shop\\/index.php?route=account\\/edit\"}','2020-05-23 19:54:31'),('97ac15cb8fe853f169f306d42f','{\"language\":\"ru-ru\",\"currency\":\"RUB\"}','2020-09-17 23:41:36'),('97be58ddfefa5e515434f366c1','{\"language\":\"ru-ru\",\"currency\":\"RUB\"}','2020-02-20 05:12:41'),('97c53ca2d7a11f51b0d557f619','{\"language\":\"ru-ru\",\"currency\":\"RUB\"}','2020-02-20 08:37:55'),('97cee24acae5df9988589fe03b','{\"language\":\"ru-ru\",\"currency\":\"RUB\"}','2020-02-20 05:14:01'),('97d26c51c87919aa9c55323040','{\"language\":\"ru-ru\",\"currency\":\"RUB\"}','2020-09-13 00:42:46'),('97e22ee96c290de7f1456e06b8','{\"language\":\"ru-ru\",\"currency\":\"RUB\"}','2020-02-19 02:48:57'),('97ee0627b370ac694b2907edf6','{\"language\":\"ru-ru\",\"currency\":\"RUB\"}','2020-06-18 20:29:30'),('97f06d03261d0e49bcd80d37bf','{\"language\":\"ru-ru\",\"currency\":\"RUB\",\"redirect\":\"https:\\/\\/umolab.ru\\/shop\\/index.php?route=account\\/wishlist\"}','2020-05-21 19:23:11'),('98011b40dcb40311de4766560c','{\"language\":\"ru-ru\",\"currency\":\"RUB\"}','2020-02-21 14:09:15'),('9807fe7bbc460ded251b134a44','{\"language\":\"ru-ru\",\"currency\":\"RUB\"}','2020-08-26 13:39:42'),('9815114d6b95c6edb1ce587750','{\"language\":\"ru-ru\",\"currency\":\"RUB\"}','2020-02-21 14:18:02'),('98190829471815b42277370d9d','{\"language\":\"ru-ru\",\"currency\":\"RUB\"}','2020-09-16 06:32:25'),('981ef07e30c49259b09e16ab70','{\"language\":\"ru-ru\",\"currency\":\"RUB\"}','2020-06-14 23:59:57'),('981ff23044187f80177d04bc28','{\"language\":\"ru-ru\",\"currency\":\"RUB\"}','2020-06-14 19:57:32'),('98231bd3d5c729dc79e2a927ef','{\"language\":\"ru-ru\",\"currency\":\"RUB\"}','2020-09-20 19:13:24'),('982b005e808b6ade8dbe3f7a5c','{\"language\":\"ru-ru\",\"currency\":\"RUB\"}','2020-07-20 22:03:33'),('982d66a91aafccc5384be28edf','{\"language\":\"ru-ru\",\"currency\":\"RUB\"}','2020-06-19 06:37:47'),('983bb8a3737d6793ba131b0650','{\"language\":\"ru-ru\",\"currency\":\"RUB\"}','2020-06-21 05:18:18'),('9865c112231ea3245cdc0287fb','{\"language\":\"ru-ru\",\"currency\":\"RUB\"}','2020-02-20 07:41:06'),('98691f3fd700aebdbfcb2de347','{\"language\":\"ru-ru\",\"currency\":\"RUB\"}','2020-02-20 05:12:29'),('98698b5f9c890bd362d67f7620','{\"language\":\"ru-ru\",\"currency\":\"RUB\"}','2020-08-29 14:12:51'),('9872cc8a5160484035c027a216','{\"language\":\"en-gb\",\"currency\":\"RUB\"}','2020-05-15 18:28:47'),('98777a883a0bb0221842a91b69','{\"language\":\"ru-ru\",\"currency\":\"RUB\"}','2020-08-31 22:38:54'),('987f915770ea7e0df732894e60','{\"language\":\"ru-ru\",\"currency\":\"RUB\"}','2020-02-19 02:39:50'),('988dafb59a04d8ac2cb82300de','{\"language\":\"ru-ru\",\"currency\":\"RUB\"}','2020-03-04 01:36:31'),('98a048850769552720df4fec7f','{\"language\":\"ru-ru\",\"currency\":\"RUB\"}','2020-02-21 14:10:43'),('98b956066a5e2929276ea1a572','{\"language\":\"ru-ru\",\"currency\":\"RUB\"}','2020-03-05 02:32:30'),('98cb997fbcae28f7c16828ff7a','{\"language\":\"ru-ru\",\"currency\":\"RUB\"}','2020-02-19 02:51:31'),('98e8080e64d54adc6e69f8af6a','{\"language\":\"ru-ru\",\"currency\":\"RUB\"}','2020-09-17 04:02:08'),('98f36cb14f5687b406a57651d0','{\"language\":\"ru-ru\",\"currency\":\"RUB\"}','2020-02-19 02:50:13'),('98f8bbfcb4e962e24bbbcb4a24','{\"language\":\"ru-ru\",\"currency\":\"RUB\"}','2020-04-17 04:38:50'),('98fe775c8e26dcf0f399073e45','{\"language\":\"ru-ru\",\"currency\":\"RUB\"}','2020-07-29 00:41:49'),('9919224ee93fa62648ec1ceb8b','{\"language\":\"ru-ru\",\"currency\":\"RUB\"}','2020-07-11 00:12:32'),('993ac06db676a5af7ba7ebac50','{\"language\":\"ru-ru\",\"currency\":\"RUB\"}','2020-08-26 22:38:05'),('993d8bc79766323820876f52f2','{\"language\":\"ru-ru\",\"currency\":\"RUB\"}','2020-09-21 20:32:13'),('994739d47242b18e44a9525274','{\"language\":\"ru-ru\",\"currency\":\"RUB\"}','2020-02-20 05:21:41'),('996dd33fc7d627001e43acdea2','{\"language\":\"ru-ru\",\"currency\":\"RUB\"}','2020-02-20 05:11:15'),('997af5835356a30c7b7076718a','{\"language\":\"ru-ru\",\"currency\":\"RUB\"}','2020-09-15 03:57:07'),('997bf447e6d0d54ad880310e2f','{\"language\":\"ru-ru\",\"currency\":\"RUB\"}','2020-09-23 00:27:49'),('9987b4f03f7df56f9f73a2d68b','{\"language\":\"ru-ru\",\"currency\":\"RUB\"}','2020-09-18 16:16:15'),('9992b9f0f2ce900b58ab06c150','{\"language\":\"ru-ru\",\"currency\":\"RUB\"}','2020-04-06 08:42:29'),('9996de79ce374b381704a79710','{\"language\":\"ru-ru\",\"currency\":\"RUB\"}','2020-03-13 09:50:55'),('99a9bf376dd206f38b95da69f6','{\"language\":\"ru-ru\",\"currency\":\"RUB\",\"compare\":[]}','2020-09-10 10:42:55'),('99af3a93db05a3710d7461c046','{\"language\":\"ru-ru\",\"currency\":\"RUB\",\"compare\":[]}','2020-08-03 14:19:51'),('99cadab4cd79f82fa2d826dbfc','{\"language\":\"ru-ru\",\"currency\":\"RUB\"}','2020-02-21 14:13:18'),('99edf0d2d5e993365753e8f9fc','{\"language\":\"ru-ru\",\"currency\":\"RUB\"}','2020-02-20 15:10:46'),('99f2e6ef3ef49a1f9733d21673','{\"language\":\"ru-ru\",\"currency\":\"RUB\"}','2020-05-22 20:15:34'),('9a03eb109fb792bbd7a1b6204c','{\"language\":\"ru-ru\",\"currency\":\"RUB\",\"redirect\":\"https:\\/\\/umolab.ru\\/shop\\/index.php?route=account\\/order\"}','2020-06-18 20:29:25'),('9a1da68b7036a99369d22fae4b','{\"language\":\"ru-ru\",\"currency\":\"RUB\"}','2020-09-02 12:03:47'),('9a227ae8d8e48ee32f02b78b0d','{\"language\":\"ru-ru\",\"currency\":\"RUB\"}','2020-04-15 23:39:26'),('9a3e167afa8e482f9c4ab08662','{\"language\":\"ru-ru\",\"currency\":\"RUB\"}','2020-02-19 02:31:16'),('9a47b2b7dbc969f1a0e02c63e3','{\"language\":\"ru-ru\",\"currency\":\"RUB\"}','2020-07-30 01:50:48'),('9a4b44369f43227bcb9c7bcb82','{\"language\":\"ru-ru\",\"currency\":\"RUB\"}','2020-09-19 15:17:47'),('9a53701d1e7490172dbe908de8','{\"language\":\"ru-ru\",\"currency\":\"RUB\"}','2020-03-03 18:53:48'),('9a58dcae32e6ee5f815e968853','{\"language\":\"ru-ru\",\"currency\":\"RUB\"}','2020-09-21 21:47:57'),('9a787b6a9de0215a9eb9867275','{\"language\":\"ru-ru\",\"currency\":\"RUB\"}','2020-02-20 05:07:25'),('9a88c062f1537aa4e874a45c69','{\"language\":\"ru-ru\",\"currency\":\"RUB\"}','2020-08-26 08:48:12'),('9a9a4ae69c1823a1d308c2168e','{\"language\":\"ru-ru\",\"currency\":\"RUB\"}','2020-07-01 17:13:34'),('9aaecf0e6bf66780319145582d','{\"language\":\"ru-ru\",\"currency\":\"RUB\"}','2020-02-22 11:32:44'),('9abe8898a02f778d5a888ff543','{\"language\":\"ru-ru\",\"currency\":\"RUB\"}','2020-09-18 08:12:44'),('9acf9beeec2d0595a42efccfdc','{\"language\":\"ru-ru\",\"currency\":\"RUB\"}','2020-02-20 05:13:01'),('9adaedfce0d96df6dc313fa1d4','{\"language\":\"ru-ru\",\"currency\":\"RUB\"}','2020-02-19 02:50:02'),('9ae1767e0b853ad77b33cabf22','{\"language\":\"ru-ru\",\"currency\":\"RUB\"}','2020-04-04 18:38:33'),('9af4e6d5bba55b8df5dc466eb2','{\"language\":\"ru-ru\",\"currency\":\"RUB\"}','2020-02-20 05:08:08'),('9af9018b7bf70faa49f0b7013e','{\"language\":\"ru-ru\",\"currency\":\"RUB\",\"redirect\":\"https:\\/\\/umolab.ru\\/shop\\/index.php?route=account\\/edit\"}','2020-03-05 21:10:30'),('9afb6b887b9c4a9a1ebf8e938b','{\"language\":\"ru-ru\",\"currency\":\"RUB\"}','2020-02-21 17:14:16'),('9b01a8adbedf76a08135d18772','{\"language\":\"ru-ru\",\"currency\":\"RUB\"}','2020-02-21 14:08:00'),('9b2013e5909b9ba0676307252a','{\"language\":\"en-gb\",\"currency\":\"RUB\"}','2020-03-28 12:15:28'),('9b2afe9c15b54f449047a77308','{\"language\":\"ru-ru\",\"currency\":\"RUB\"}','2020-02-21 16:24:28'),('9b3eee81c760a491cfafd785ec','{\"language\":\"ru-ru\",\"currency\":\"RUB\"}','2020-02-19 02:41:20'),('9b414cd2591c0a4e4303787bbb','{\"language\":\"ru-ru\",\"currency\":\"RUB\"}','2020-08-05 12:07:50'),('9b427ec927badf42799c0d197c','{\"language\":\"ru-ru\",\"currency\":\"RUB\",\"redirect\":\"https:\\/\\/umolab.ru\\/shop\\/index.php?route=account\\/wishlist\"}','2020-07-31 03:17:51'),('9b44cf4c7ea7624f2000218bbf','{\"language\":\"ru-ru\",\"currency\":\"RUB\"}','2020-07-18 05:05:19'),('9b457257f2a5589fc49801fa43','{\"language\":\"ru-ru\",\"currency\":\"RUB\"}','2020-02-19 02:49:56'),('9b7cf93d48657bc4f23c1ffa8e','{\"language\":\"ru-ru\",\"currency\":\"RUB\"}','2020-02-19 02:47:15'),('9b86b2a1add8009c263145e5c2','{\"language\":\"ru-ru\",\"currency\":\"RUB\"}','2020-09-20 20:10:12'),('9b9d29cf67b20f077c5acb2f33','{\"language\":\"ru-ru\",\"currency\":\"RUB\"}','2020-02-20 05:07:13'),('9bb2fdb3561385faee6753eefd','{\"language\":\"ru-ru\",\"currency\":\"RUB\"}','2020-02-20 05:04:43'),('9bde07fef94ca9a2729f17251c','{\"language\":\"ru-ru\",\"currency\":\"RUB\"}','2020-09-02 12:00:08'),('9be95222f209463e6b7b9405a1','{\"language\":\"ru-ru\",\"currency\":\"RUB\"}','2020-03-08 23:45:01'),('9bf339a175a6b21d2f567c0805','{\"language\":\"ru-ru\",\"currency\":\"RUB\"}','2020-03-10 17:38:09'),('9bf57f35b0c5beed5ad96b9bac','{\"language\":\"ru-ru\",\"currency\":\"RUB\"}','2020-09-21 09:49:30'),('9c17dc35d948769e126ba7d5b5','{\"language\":\"ru-ru\",\"currency\":\"RUB\"}','2020-04-21 21:56:36'),('9c3e9d036293f19a3f7ddaec05','{\"language\":\"ru-ru\",\"currency\":\"RUB\"}','2020-03-25 10:59:48'),('9c60fdaea057dc55e31139d3f5','{\"language\":\"ru-ru\",\"currency\":\"RUB\"}','2020-02-19 02:41:16'),('9c6898ddd8c3e12631e3abbd60','{\"language\":\"ru-ru\",\"currency\":\"RUB\"}','2020-04-11 12:30:03'),('9c6fdbefdec9081d2b95cac3d3','{\"language\":\"ru-ru\",\"currency\":\"RUB\"}','2020-02-19 02:40:26'),('9c74ab22ca688800c00ddab047','{\"language\":\"ru-ru\",\"currency\":\"RUB\"}','2020-08-25 23:34:11'),('9c7ebca480b4e4aecb57c60eda','{\"language\":\"en-gb\",\"currency\":\"RUB\"}','2020-07-09 11:02:00'),('9c85a36673272512b6dbf45f85','{\"language\":\"ru-ru\",\"currency\":\"RUB\"}','2020-09-21 04:13:00'),('9c9d49d396a709219f6b0ab969','{\"language\":\"ru-ru\",\"currency\":\"RUB\"}','2020-10-01 15:45:32'),('9cb249c9115cb2411ebf49c8b8','{\"language\":\"ru-ru\",\"currency\":\"RUB\"}','2020-10-01 04:23:38'),('9cba57b7e022708991600c343a','{\"language\":\"ru-ru\",\"currency\":\"RUB\"}','2020-02-20 05:11:19'),('9cc8b520e421efb47f291e4338','{\"language\":\"ru-ru\",\"currency\":\"RUB\"}','2020-06-22 16:09:48'),('9ccab5273cf499778d72fd7445','{\"language\":\"ru-ru\",\"currency\":\"RUB\"}','2020-09-20 18:10:58'),('9cd5565a2e8dd94745a7696c4e','{\"language\":\"ru-ru\",\"currency\":\"RUB\"}','2020-03-15 04:27:04'),('9cf1e6ec6b0519ab60cf26ba4b','{\"language\":\"ru-ru\",\"currency\":\"RUB\",\"redirect\":\"https:\\/\\/umolab.ru\\/shop\\/index.php?route=account\\/account\"}','2020-07-30 01:50:41'),('9cf8847ae6fdc6315a041ccfb0','{\"language\":\"ru-ru\",\"currency\":\"RUB\"}','2020-09-16 06:28:18'),('9d21df9ae5c9a01e45e59a1251','{\"language\":\"ru-ru\",\"currency\":\"RUB\"}','2020-02-19 02:50:47'),('9d26729915c8bdcb87c02fd53c','{\"language\":\"ru-ru\",\"currency\":\"RUB\"}','2020-09-24 21:57:38'),('9d3bc1bec5899acce2da0187bc','{\"language\":\"en-gb\",\"currency\":\"RUB\"}','2020-07-20 05:33:42'),('9d3f03aec6a3349edb91f3d70e','{\"language\":\"ru-ru\",\"currency\":\"RUB\"}','2020-07-18 05:05:09'),('9d5a061dae809cdda7e59aa210','{\"language\":\"ru-ru\",\"currency\":\"RUB\"}','2020-09-16 06:26:16'),('9d5d11aa04a402b73b61adddf9','{\"language\":\"ru-ru\",\"currency\":\"RUB\"}','2020-07-28 18:22:25'),('9d7bc1bdf084b29853ae3ac67c','{\"language\":\"ru-ru\",\"currency\":\"RUB\"}','2020-09-02 10:57:48'),('9dcc3b674146e861a9ccd39b14','{\"language\":\"ru-ru\",\"currency\":\"RUB\"}','2020-04-04 02:51:22'),('9dd3007d4ba3b5a9196f814445','{\"language\":\"ru-ru\",\"currency\":\"RUB\"}','2020-05-30 13:20:39'),('9dde17ca5f31e1a60901f4b480','{\"language\":\"ru-ru\",\"currency\":\"RUB\"}','2020-02-19 02:48:37'),('9dde741e4fe25be38d7b8cb31e','{\"language\":\"ru-ru\",\"currency\":\"RUB\"}','2020-07-23 07:31:13'),('9de1574e744c84f91fbf8fd265','{\"language\":\"ru-ru\",\"currency\":\"RUB\"}','2020-09-24 07:14:01'),('9de68f8ff331b1390dd5a06078','{\"language\":\"ru-ru\",\"currency\":\"RUB\"}','2020-09-16 06:18:40'),('9e018403b03ef88e39062f3df8','{\"language\":\"ru-ru\",\"currency\":\"RUB\",\"redirect\":\"https:\\/\\/umolab.ru\\/shop\\/index.php?route=account\\/transaction\"}','2020-07-18 05:05:19'),('9e04e39dac46cf441ae6a9f7ba','{\"language\":\"ru-ru\",\"currency\":\"RUB\",\"redirect\":\"https:\\/\\/umolab.ru\\/shop\\/index.php?route=account\\/wishlist\"}','2020-08-05 14:35:38'),('9e0aec3d41121c0a72290860e7','{\"language\":\"ru-ru\",\"currency\":\"RUB\"}','2020-08-27 06:24:22'),('9e116e0840f33a7c77ab99872b','{\"language\":\"ru-ru\",\"currency\":\"RUB\"}','2020-02-21 01:59:15'),('9e2a457e8429ebd5ac85eae38b','{\"language\":\"ru-ru\",\"currency\":\"RUB\"}','2020-09-20 21:54:20'),('9e32054c480fc8dc7c8c4e48e0','{\"language\":\"ru-ru\",\"currency\":\"RUB\"}','2020-09-18 12:56:44'),('9e3f07dcab933bf782999a12da','{\"language\":\"ru-ru\",\"currency\":\"RUB\"}','2020-07-18 05:12:19'),('9e3fb129b07279348108de5268','{\"language\":\"ru-ru\",\"currency\":\"RUB\"}','2020-09-20 23:33:24'),('9e464617b35006eff35f5ab5b9','{\"language\":\"ru-ru\",\"currency\":\"RUB\"}','2020-03-07 04:55:38'),('9e502159c8c30f6451ed6d3e4a','{\"language\":\"ru-ru\",\"currency\":\"RUB\"}','2020-07-08 17:54:49'),('9e6ecb2e91ab77dc8ffa86d36f','{\"language\":\"ru-ru\",\"currency\":\"RUB\"}','2020-02-21 02:27:39'),('9e7885377b52b50b5ee7cd9ce6','{\"language\":\"ru-ru\",\"currency\":\"RUB\"}','2020-02-21 14:35:52'),('9e7b2135f09b581cbc1893ccc0','{\"language\":\"ru-ru\",\"currency\":\"RUB\"}','2020-04-19 14:06:02'),('9e980183325264c04ad6fe2dae','{\"language\":\"ru-ru\",\"currency\":\"RUB\"}','2020-02-19 02:34:55'),('9e9b36ef3bb07eec09fb5639f3','{\"language\":\"ru-ru\",\"currency\":\"RUB\"}','2020-06-14 16:14:52'),('9e9f8708b882700bbf46072fe1','{\"language\":\"ru-ru\",\"currency\":\"RUB\"}','2020-09-20 23:33:13'),('9ec5265606f9e1d6761cd8c624','{\"language\":\"ru-ru\",\"currency\":\"RUB\",\"redirect\":\"https:\\/\\/umolab.ru\\/shop\\/index.php?route=account\\/account\"}','2020-06-14 19:56:50'),('9ec54bae9077afa42e3c5f9b05','{\"language\":\"ru-ru\",\"currency\":\"RUB\"}','2020-09-23 18:04:53'),('9ec7187a22bbe26ffb5c517be9','{\"language\":\"ru-ru\",\"currency\":\"RUB\"}','2020-02-19 02:43:05'),('9edec6b21688deb14aa8617513','{\"language\":\"ru-ru\",\"currency\":\"RUB\"}','2020-02-20 05:09:42'),('9ee413b21e20db27a813a494e2','{\"language\":\"ru-ru\",\"currency\":\"RUB\"}','2020-02-22 11:17:44'),('9ef4a1c8c439fc01f1f1b5692c','{\"language\":\"ru-ru\",\"currency\":\"RUB\"}','2020-09-18 13:25:08'),('9f1a88314620018e0efcdc86c2','{\"language\":\"ru-ru\",\"currency\":\"RUB\"}','2020-02-20 09:28:07'),('9f266bdeac56dd7ff0ad7622a6','{\"language\":\"ru-ru\",\"currency\":\"RUB\"}','2020-09-19 14:58:16'),('9f383e8d9dedf3ce80f9fc7497','{\"language\":\"ru-ru\",\"currency\":\"RUB\"}','2020-09-07 07:45:36'),('9f5735c601395db6169ec90f78','{\"language\":\"ru-ru\",\"currency\":\"RUB\"}','2020-09-20 00:36:19'),('9f7513722f748afdcf886968ec','{\"language\":\"ru-ru\",\"currency\":\"RUB\"}','2020-02-19 02:31:41'),('9f75222f9b4bbb532ac45608cd','{\"language\":\"ru-ru\",\"currency\":\"RUB\"}','2020-02-21 14:10:39'),('9f7ba75655170a11e6bae2edc1','{\"language\":\"ru-ru\",\"currency\":\"RUB\"}','2020-02-21 14:51:01'),('9f854f373aa11ab7cad561d1f3','{\"language\":\"ru-ru\",\"currency\":\"RUB\"}','2020-02-19 02:48:54'),('9fa9d8ba12d7c7b1c0a10d64e6','{\"language\":\"ru-ru\",\"currency\":\"RUB\"}','2020-02-22 11:25:56'),('9fb1c8dea1ae793162ee723c0f','{\"language\":\"ru-ru\",\"currency\":\"RUB\"}','2020-07-24 04:41:10'),('9fb72d40297bd0097ff2aaf428','{\"language\":\"ru-ru\",\"currency\":\"RUB\",\"redirect\":\"https:\\/\\/umolab.ru\\/shop\\/index.php?route=account\\/order\"}','2020-02-26 11:21:22'),('9fbc62fac143828e659a60e965','{\"language\":\"ru-ru\",\"currency\":\"RUB\"}','2020-02-19 02:47:01'),('9fbce3d88353f07ebc4edb1097','{\"language\":\"ru-ru\",\"currency\":\"RUB\"}','2020-02-19 02:51:32'),('9fdb543270b003df9a7b0805be','{\"language\":\"ru-ru\",\"currency\":\"RUB\"}','2020-09-23 23:44:55'),('9fdf20e93f93335cba73453237','{\"language\":\"ru-ru\",\"currency\":\"RUB\"}','2020-09-21 21:10:05'),('9ff281b7a1136fdc2e74df14a5','{\"language\":\"ru-ru\",\"currency\":\"RUB\"}','2020-02-21 14:22:34'),('9ff883f14e45ec101a02fcf8a3','{\"language\":\"ru-ru\",\"currency\":\"RUB\"}','2020-02-20 05:12:27'),('a053cc1e8fa9c591427f799e2d','{\"language\":\"ru-ru\",\"currency\":\"RUB\"}','2020-04-11 11:24:05'),('a05cf93310d0532e3e35cf897b','{\"language\":\"ru-ru\",\"currency\":\"RUB\"}','2020-02-21 14:21:45'),('a0670b4f5da3761c0864c307c5','{\"language\":\"ru-ru\",\"currency\":\"RUB\"}','2020-09-14 19:41:10'),('a070952ccb580606ec41d75f73','{\"language\":\"ru-ru\",\"currency\":\"RUB\"}','2020-09-24 18:58:56'),('a072f454f479f5fff0ab954380','{\"language\":\"ru-ru\",\"currency\":\"RUB\"}','2020-02-21 14:12:17'),('a075f6eae7e6da96cad42347ea','{\"language\":\"ru-ru\",\"currency\":\"RUB\"}','2020-03-05 19:53:09'),('a086ddd15ef3f8cf61bcdbf5d2','{\"language\":\"ru-ru\",\"currency\":\"RUB\"}','2020-02-19 02:34:24'),('a0892342dba4faa7e359f9ed36','{\"language\":\"en-gb\",\"currency\":\"RUB\"}','2020-07-09 11:01:55'),('a094e8348bfab9be83d68c1476','{\"language\":\"ru-ru\",\"currency\":\"RUB\"}','2020-02-19 02:32:47'),('a09589f430bcd4f53e63179c68','{\"language\":\"ru-ru\",\"currency\":\"RUB\"}','2020-09-20 17:31:51'),('a0a172460da04f927b536a526f','{\"language\":\"ru-ru\",\"currency\":\"RUB\"}','2020-09-07 12:59:13'),('a0b7bfa1292d0c993724089b00','{\"language\":\"ru-ru\",\"currency\":\"RUB\"}','2020-02-19 02:40:04'),('a0bce6d55682325755841d4108','{\"language\":\"ru-ru\",\"currency\":\"RUB\"}','2020-09-20 00:07:54'),('a0c2169cd3fe544bc573494b0e','{\"language\":\"ru-ru\",\"currency\":\"RUB\"}','2020-02-20 05:12:27'),('a0cf7b68661844384d7c40dc6e','{\"language\":\"ru-ru\",\"currency\":\"RUB\",\"redirect\":\"https:\\/\\/umolab.ru\\/shop\\/index.php?route=account\\/recurring\"}','2020-07-18 05:06:46'),('a0ddbf65d38f95753cc0d0e73b','{\"language\":\"ru-ru\",\"currency\":\"RUB\"}','2020-03-13 21:17:30'),('a0ecf77a1e49165511f4a60bd0','{\"language\":\"ru-ru\",\"currency\":\"RUB\"}','2020-08-26 10:49:31'),('a0fe61e39e82c4a4599369b9bd','{\"language\":\"ru-ru\",\"currency\":\"RUB\"}','2020-09-03 14:00:57'),('a0ffc2c800fa1bbf8efede894f','{\"language\":\"ru-ru\",\"currency\":\"RUB\"}','2020-09-16 06:27:32'),('a10e4a97d5aee1e8547ca13d99','{\"language\":\"ru-ru\",\"currency\":\"RUB\",\"redirect\":\"https:\\/\\/umolab.ru\\/shop\\/index.php?route=account\\/account\"}','2020-03-15 04:30:31'),('a11b1a588a3fa7240767179a2b','{\"language\":\"ru-ru\",\"currency\":\"RUB\"}','2020-08-28 09:21:11'),('a11d76579e82859fbce47ea81e','{\"language\":\"ru-ru\",\"currency\":\"RUB\"}','2020-02-22 11:23:37'),('a14628cc48feaa935a3b172498','{\"language\":\"ru-ru\",\"currency\":\"RUB\"}','2020-02-20 05:19:12'),('a14cb05c92d087a01fe5cd2191','{\"language\":\"ru-ru\",\"currency\":\"RUB\"}','2020-05-22 02:37:12'),('a15898745e9b2cacd6ffc2adc8','{\"language\":\"ru-ru\",\"currency\":\"RUB\"}','2020-02-20 05:22:30'),('a1754a61ef29604ccda379a1a0','{\"language\":\"ru-ru\",\"currency\":\"RUB\"}','2020-03-10 20:03:20'),('a18936e32f4436db1dd5ba25b6','{\"language\":\"ru-ru\",\"currency\":\"RUB\"}','2020-09-02 08:40:15'),('a190a9302c33ee2152419b1a4d','{\"language\":\"ru-ru\",\"currency\":\"RUB\"}','2020-03-15 04:29:40'),('a190fc1b8227c47ea1413c880b','{\"language\":\"ru-ru\",\"currency\":\"RUB\"}','2020-09-05 15:36:40'),('a1b1b896a7c5a1f33f93fffeca','{\"language\":\"ru-ru\",\"currency\":\"RUB\"}','2020-02-19 02:49:30'),('a1b67226e0b7ae150128a759d1','{\"language\":\"ru-ru\",\"currency\":\"RUB\"}','2020-03-09 16:17:05'),('a1db27b5ddedf23218c9341d9f','{\"language\":\"ru-ru\",\"currency\":\"RUB\"}','2020-04-16 18:27:39'),('a1e805363ac7096702e3330357','{\"language\":\"ru-ru\",\"currency\":\"RUB\"}','2020-04-06 19:02:48'),('a1ea937c4459a4c2da3fffd839','{\"language\":\"ru-ru\",\"currency\":\"RUB\"}','2020-07-10 04:41:48'),('a20a26223a55bda197dcd128b2','{\"language\":\"ru-ru\",\"currency\":\"RUB\"}','2020-02-20 14:28:10'),('a245c97388229afedd07cbc366','{\"language\":\"ru-ru\",\"currency\":\"RUB\"}','2020-08-26 06:32:20'),('a24d96352d88776c08a9328c16','{\"language\":\"ru-ru\",\"currency\":\"RUB\"}','2020-09-19 14:59:10'),('a261df6912985fa04aa767aa56','{\"language\":\"ru-ru\",\"currency\":\"RUB\"}','2020-09-25 12:12:18'),('a26b8739c7cf42aa1354610070','{\"language\":\"ru-ru\",\"currency\":\"RUB\"}','2020-08-30 05:42:14'),('a27bed03dc8f19b44134c05f4d','{\"language\":\"ru-ru\",\"currency\":\"RUB\"}','2020-03-08 07:17:04'),('a28a28a1dab4080158ee4f0924','{\"language\":\"ru-ru\",\"currency\":\"RUB\"}','2020-02-19 02:52:51'),('a2af7311a34ad1e1caf30d7e27','{\"language\":\"ru-ru\",\"currency\":\"RUB\"}','2020-04-07 01:13:09'),('a2b7c1c83d1d1885c196ab1250','{\"language\":\"ru-ru\",\"currency\":\"RUB\"}','2020-07-30 01:50:37'),('a2b8dfcc21057e76b5ddc641fc','{\"language\":\"ru-ru\",\"currency\":\"RUB\"}','2020-09-18 01:36:12'),('a2be78f0bf0a1a97054b62d35b','{\"language\":\"ru-ru\",\"currency\":\"RUB\"}','2020-02-20 20:46:50'),('a2c115a14f4925caf555d3b229','{\"language\":\"ru-ru\",\"currency\":\"RUB\"}','2020-02-19 02:52:45'),('a2cb65e5446dab04b6acc72bc7','{\"language\":\"ru-ru\",\"currency\":\"RUB\"}','2020-07-22 17:34:09'),('a2d9644178bc6cbd04397047be','{\"language\":\"ru-ru\",\"currency\":\"RUB\"}','2020-09-11 22:20:13'),('a2da214d75830e8f904bb8761a','{\"language\":\"ru-ru\",\"currency\":\"RUB\"}','2020-02-20 05:07:08'),('a2e791990bd78df448ae2b708e','{\"language\":\"ru-ru\",\"currency\":\"RUB\"}','2020-09-18 05:22:20'),('a2e98c6b6f2aeb63e5756f5991','{\"language\":\"ru-ru\",\"currency\":\"RUB\"}','2020-05-14 14:36:58'),('a2ec4be4c87f0d4cba9f03b6a0','{\"language\":\"ru-ru\",\"currency\":\"RUB\"}','2020-02-19 02:31:05'),('a2f5d80dfff63cd246490e80ae','{\"language\":\"ru-ru\",\"currency\":\"RUB\"}','2020-09-22 02:22:29'),('a301ce9ad872f095989461a0ef','{\"language\":\"ru-ru\",\"currency\":\"RUB\"}','2020-05-15 11:20:06'),('a30495ee0f95cf1ab771ad7bfc','{\"language\":\"ru-ru\",\"currency\":\"RUB\"}','2020-08-20 03:06:02'),('a309810ba690e6772565902833','{\"language\":\"ru-ru\",\"currency\":\"RUB\"}','2020-09-22 18:56:29'),('a30f4596ff99137226ad120034','{\"language\":\"ru-ru\",\"currency\":\"RUB\"}','2020-02-20 05:06:56'),('a31f9df82f7223b38ec94028b3','{\"language\":\"ru-ru\",\"currency\":\"RUB\"}','2020-08-09 07:45:59'),('a320f1b876c802b7c67d739710','{\"language\":\"ru-ru\",\"currency\":\"RUB\"}','2020-09-18 05:12:52'),('a3241b74bd68af78e2f598b83f','{\"language\":\"ru-ru\",\"currency\":\"RUB\"}','2020-02-21 14:31:00'),('a341c0f17eaaca39b0d93f1336','{\"language\":\"ru-ru\",\"currency\":\"RUB\"}','2020-03-15 04:26:15'),('a3496df67797409e7580cd5d4a','{\"language\":\"ru-ru\",\"currency\":\"RUB\"}','2020-04-03 01:38:20'),('a34b4d4a4c358ea2b48c7bcfd1','{\"language\":\"ru-ru\",\"currency\":\"RUB\"}','2020-03-02 18:53:35'),('a352d00951b334ee08067d5e1e','{\"language\":\"ru-ru\",\"currency\":\"RUB\",\"redirect\":\"https:\\/\\/umolab.ru\\/shop\\/index.php?route=account\\/order\"}','2020-07-29 21:58:36'),('a3571a7897139d4ff8971b0888','{\"language\":\"ru-ru\",\"currency\":\"RUB\"}','2020-02-20 15:45:24'),('a36664d342bf23b5be11d35d9a','{\"language\":\"ru-ru\",\"currency\":\"RUB\"}','2020-06-13 03:24:20'),('a368133cce5b3bf88fedc3d6e6','{\"language\":\"ru-ru\",\"currency\":\"RUB\"}','2020-09-23 01:34:05'),('a36be349e1793ab777b98bd450','{\"language\":\"ru-ru\",\"currency\":\"RUB\"}','2020-02-19 02:48:21'),('a36e839faa1d99e0857bb327bf','{\"language\":\"ru-ru\",\"currency\":\"RUB\"}','2020-02-19 02:39:47'),('a3754f9d0c05bffe3b62762cd3','{\"language\":\"ru-ru\",\"currency\":\"RUB\"}','2020-09-18 00:28:52'),('a389e2890b35a330f25f173ed3','{\"language\":\"ru-ru\",\"currency\":\"RUB\"}','2020-03-10 14:55:47'),('a3901b6ef1e7d9b8c237cf2944','{\"language\":\"ru-ru\",\"currency\":\"RUB\"}','2020-02-21 14:13:09'),('a393e235d9c726b15fcae8b7b1','{\"language\":\"ru-ru\",\"currency\":\"RUB\"}','2020-03-09 04:39:04'),('a39f007e92c2318907972b2297','{\"language\":\"ru-ru\",\"currency\":\"RUB\"}','2020-09-21 22:35:17'),('a3e50bbc461a680539b2633e38','{\"language\":\"ru-ru\",\"currency\":\"RUB\"}','2020-02-20 05:14:35'),('a3f3325cb63fd40a7e77d66b58','{\"language\":\"ru-ru\",\"currency\":\"RUB\",\"compare\":[]}','2020-04-13 02:33:46'),('a408fafd0db762b83081599e36','{\"language\":\"ru-ru\",\"currency\":\"RUB\"}','2020-09-15 01:04:15'),('a41029d02fe086b8a7dffaa3be','{\"language\":\"ru-ru\",\"currency\":\"RUB\"}','2020-09-23 18:46:35'),('a4265b7d067e966a09c171882c','{\"language\":\"ru-ru\",\"currency\":\"RUB\"}','2020-02-21 14:12:51'),('a43bb4b660bf47640da9df7681','{\"language\":\"ru-ru\",\"currency\":\"RUB\"}','2020-09-19 12:08:49'),('a43fe05dafe6a3116a5d0f4966','{\"language\":\"ru-ru\",\"currency\":\"RUB\"}','2020-02-20 05:08:56'),('a441d7ba0e55302116ed3551b8','{\"language\":\"ru-ru\",\"currency\":\"RUB\"}','2020-02-19 02:52:30'),('a45a19c2424e7ca6c711a816b3','{\"language\":\"ru-ru\",\"currency\":\"RUB\"}','2020-09-23 00:18:21'),('a460fcf8fa586296cd791dd61e','{\"language\":\"ru-ru\",\"currency\":\"RUB\"}','2020-05-23 22:36:47'),('a473ce02a3fb9681039969e1fe','{\"language\":\"ru-ru\",\"currency\":\"RUB\"}','2020-02-19 02:52:22'),('a47fc00a5ce3e066482fb2e998','{\"language\":\"ru-ru\",\"currency\":\"RUB\"}','2020-02-20 05:21:13'),('a49c25d2b4bf5efdc78950f2f6','{\"language\":\"ru-ru\",\"currency\":\"RUB\"}','2020-03-12 07:26:57'),('a4a421280eb38841dca2194c6e','{\"language\":\"ru-ru\",\"currency\":\"RUB\"}','2020-08-20 14:02:54'),('a4a4b5ce2b696a58fbd0c2000e','{\"language\":\"ru-ru\",\"currency\":\"RUB\"}','2020-02-19 02:32:53'),('a4a7715557aedf291e7a73ab29','{\"language\":\"ru-ru\",\"currency\":\"RUB\"}','2020-04-10 02:38:40'),('a4aca47dab7825dfab6be0ca6c','{\"language\":\"ru-ru\",\"currency\":\"RUB\"}','2020-09-21 21:29:01'),('a4afe8f985b5ec9bd4752dcda6','{\"language\":\"ru-ru\",\"currency\":\"RUB\"}','2020-03-14 01:43:53'),('a4b92eb34624127f3a5ae50e3e','{\"language\":\"ru-ru\",\"currency\":\"RUB\"}','2020-02-19 02:37:06'),('a4ba07768321aecafd0930eb09','{\"language\":\"ru-ru\",\"currency\":\"RUB\"}','2020-04-02 20:25:31'),('a4ca29ebd0a1f7c855f0233764','{\"language\":\"ru-ru\",\"currency\":\"RUB\"}','2020-02-19 02:52:40'),('a4cb0551538e0285086c9e01b8','{\"language\":\"ru-ru\",\"currency\":\"RUB\"}','2020-02-20 05:22:26'),('a4ef3d48a2ec676de77d2789fd','{\"language\":\"ru-ru\",\"currency\":\"RUB\"}','2020-03-10 23:54:23'),('a506058856081cbf4bc560372c','{\"language\":\"ru-ru\",\"currency\":\"RUB\"}','2020-09-23 18:33:29'),('a518c0595529c57758bc1426d7','{\"language\":\"ru-ru\",\"currency\":\"RUB\"}','2020-02-22 23:43:51'),('a51b6aa698ab7b950d99ad38e1','{\"language\":\"ru-ru\",\"currency\":\"RUB\"}','2020-02-20 23:16:58'),('a51c6240ad8d931420ba3d4a4d','{\"language\":\"ru-ru\",\"currency\":\"RUB\"}','2020-02-19 02:52:53'),('a545138d6c0167ec00e3c28c0f','{\"language\":\"ru-ru\",\"currency\":\"RUB\"}','2020-05-13 20:01:21'),('a55d655ca2464c2ccd46ec5295','{\"language\":\"ru-ru\",\"currency\":\"RUB\"}','2020-09-21 07:07:41'),('a56a4f7f433067748ce6897317','{\"language\":\"ru-ru\",\"currency\":\"RUB\"}','2020-09-16 06:26:09'),('a57ff7c68d0f0b1aa176b9d0a7','{\"language\":\"ru-ru\",\"currency\":\"RUB\"}','2020-03-09 19:04:49'),('a580a9a376bc634d0ff71ff51e','{\"language\":\"ru-ru\",\"currency\":\"RUB\"}','2020-09-22 23:21:33'),('a5817660040a670e36c3ceaab5','{\"language\":\"ru-ru\",\"currency\":\"RUB\"}','2020-02-19 02:32:49'),('a58d4937900747d1a2aad5ab39','{\"language\":\"ru-ru\",\"currency\":\"RUB\"}','2020-09-22 20:27:36'),('a58d6689ce80df40770d385112','{\"language\":\"ru-ru\",\"currency\":\"RUB\"}','2020-10-03 18:37:48'),('a58ec84a37dbc81237f0b9d1ef','{\"language\":\"en-gb\",\"currency\":\"RUB\"}','2020-07-09 11:02:52'),('a5a5e28a31f789c265c800873d','{\"language\":\"ru-ru\",\"currency\":\"RUB\"}','2020-09-20 15:26:12'),('a5c5a875306ae448dcbe8a096a','{\"language\":\"ru-ru\",\"currency\":\"RUB\"}','2020-09-18 06:28:36'),('a5d45d690a7c6e9835bfba0877','{\"language\":\"ru-ru\",\"currency\":\"RUB\"}','2020-09-29 01:06:40'),('a5e2d2418c2addf695752b309d','{\"language\":\"ru-ru\",\"currency\":\"RUB\"}','2020-02-20 05:21:20'),('a5ff7bb361010411a35994d30c','{\"language\":\"ru-ru\",\"currency\":\"RUB\"}','2020-05-23 04:56:44'),('a603630eb9bb01e1c878dffafa','{\"language\":\"ru-ru\",\"currency\":\"RUB\"}','2020-07-24 11:11:19'),('a603a3dd3d8237558450683a24','{\"language\":\"ru-ru\",\"currency\":\"RUB\"}','2020-08-11 04:06:54'),('a61208e1fcf7fcd73c05c4e8df','{\"language\":\"ru-ru\",\"currency\":\"RUB\",\"redirect\":\"https:\\/\\/umolab.ru\\/shop\\/index.php?route=account\\/download\"}','2020-08-31 18:24:10'),('a61560c47e443c229b26196bd4','{\"language\":\"ru-ru\",\"currency\":\"RUB\"}','2020-05-15 11:18:47'),('a61a8fcbc8757edda55c94d7cf','{\"language\":\"ru-ru\",\"currency\":\"RUB\"}','2020-03-06 09:39:55'),('a628362c089c45a03ce5bdc190','{\"language\":\"ru-ru\",\"currency\":\"RUB\"}','2020-09-24 11:20:09'),('a62abca3ae8731cf06384e8095','{\"language\":\"ru-ru\",\"currency\":\"RUB\"}','2020-07-02 22:00:42'),('a636df3e2ec27c0e3866f045fb','{\"language\":\"ru-ru\",\"currency\":\"RUB\"}','2020-06-27 05:09:12'),('a63a406b2c98f7078ec0aa84e9','{\"language\":\"ru-ru\",\"currency\":\"RUB\"}','2020-03-18 14:35:17'),('a63cb030821275503500dd3d01','{\"language\":\"ru-ru\",\"currency\":\"RUB\"}','2020-05-01 01:50:55'),('a64c53d45022b1c96e03c01a2c','{\"language\":\"ru-ru\",\"currency\":\"RUB\"}','2020-09-02 12:28:50'),('a650153b9753b5259a0597cb36','{\"language\":\"ru-ru\",\"currency\":\"RUB\"}','2020-02-20 05:22:59'),('a65b2418f9e1a086b02c7d46d4','{\"language\":\"ru-ru\",\"currency\":\"RUB\"}','2020-06-19 09:38:31'),('a6650271474047f1fdbbd95861','{\"language\":\"ru-ru\",\"currency\":\"RUB\",\"redirect\":\"https:\\/\\/umolab.ru\\/shop\\/index.php?route=account\\/newsletter\"}','2020-03-15 04:30:06'),('a68d8b331ff07a5b7837a20d36','{\"language\":\"ru-ru\",\"currency\":\"RUB\"}','2020-02-19 02:39:44'),('a68dc95f6adb9901771f0968f8','{\"language\":\"ru-ru\",\"currency\":\"RUB\"}','2020-06-11 21:25:18'),('a6a374a87abd4d5fbc519c815c','{\"language\":\"ru-ru\",\"currency\":\"RUB\"}','2020-08-28 06:51:21'),('a6a655385ec8d9142d2c8da2c6','{\"language\":\"ru-ru\",\"currency\":\"RUB\"}','2020-02-19 02:34:32'),('a6b9c1c912931367ad38778ddf','{\"language\":\"ru-ru\",\"currency\":\"RUB\"}','2020-02-20 10:44:45'),('a6c6d604e36113a969463c5807','{\"language\":\"ru-ru\",\"currency\":\"RUB\"}','2020-09-16 06:28:41'),('a6e921a28f265404e36523cac8','{\"language\":\"ru-ru\",\"currency\":\"RUB\"}','2020-03-03 23:35:25'),('a6ea950dc45c7e889da7f1d406','{\"language\":\"ru-ru\",\"currency\":\"RUB\"}','2020-02-19 02:49:32'),('a6f57ec2abac4f1ea8922640ea','{\"language\":\"ru-ru\",\"currency\":\"RUB\"}','2020-02-19 02:31:29'),('a70da09c8a56df26cc7d85040b','{\"language\":\"ru-ru\",\"currency\":\"RUB\"}','2020-09-18 16:25:00'),('a72150d98ff03b4bff1157df78','{\"language\":\"ru-ru\",\"currency\":\"RUB\"}','2020-09-21 22:44:44'),('a737cf9848611df6590b573e76','{\"language\":\"ru-ru\",\"currency\":\"RUB\"}','2020-04-06 03:34:23'),('a75ad88d91b7a612bf5c20952a','{\"language\":\"ru-ru\",\"currency\":\"RUB\"}','2020-07-15 05:38:21'),('a75c9e3e5cdbdce0eae1a603fe','{\"language\":\"ru-ru\",\"currency\":\"RUB\"}','2020-03-08 00:35:52'),('a763fa6b4a7f56f38004d5a02a','{\"language\":\"ru-ru\",\"currency\":\"RUB\"}','2020-09-22 06:57:01'),('a768227191190f6aaabdd9edbb','{\"language\":\"ru-ru\",\"currency\":\"RUB\"}','2020-06-16 11:19:11'),('a768da19fb4e57b0c40e25e5a2','{\"language\":\"ru-ru\",\"currency\":\"RUB\"}','2020-02-19 02:47:17'),('a7735a639b552564944ae66e18','{\"language\":\"ru-ru\",\"currency\":\"RUB\",\"vouchers\":[]}','2020-06-14 19:56:20'),('a773a4a447adcaa7bf0d890184','{\"language\":\"en-gb\",\"currency\":\"RUB\"}','2020-07-09 11:02:31'),('a7888cf995fea2e3d93292caf5','{\"language\":\"ru-ru\",\"currency\":\"RUB\"}','2020-09-03 13:53:03'),('a7a02591c56255fd73fdeac84f','{\"language\":\"ru-ru\",\"currency\":\"RUB\"}','2020-02-19 02:38:44'),('a7abe91f2d0ae2e0a678400aa3','{\"language\":\"ru-ru\",\"currency\":\"RUB\"}','2020-02-20 05:11:46'),('a7b4f011b28e168504190b8f9d','{\"language\":\"ru-ru\",\"currency\":\"RUB\"}','2020-09-20 02:06:37'),('a7b95bfbbbf541c2f0fd73a1dc','{\"language\":\"ru-ru\",\"currency\":\"RUB\"}','2020-03-12 15:05:26'),('a7c387636ed2bd8415752aa2c0','{\"language\":\"ru-ru\",\"currency\":\"RUB\"}','2020-07-15 05:38:53'),('a7d40ef82d58cc772dd86d649a','{\"language\":\"ru-ru\",\"currency\":\"RUB\"}','2020-05-19 12:23:58'),('a7f6427faa2153ae77f4832a1e','{\"language\":\"ru-ru\",\"currency\":\"RUB\"}','2020-07-22 14:09:37'),('a80103a86b361b649643f4bd2b','{\"language\":\"ru-ru\",\"currency\":\"RUB\"}','2020-02-19 02:30:50'),('a80268b30ef2e7a7e84e612a27','{\"language\":\"ru-ru\",\"currency\":\"RUB\"}','2020-02-20 05:07:23'),('a804c28b5f330ab8af37216d4f','{\"language\":\"ru-ru\",\"currency\":\"RUB\"}','2020-09-17 22:54:12'),('a80b3cf0ab4bccacb43ef9b782','{\"language\":\"ru-ru\",\"currency\":\"RUB\"}','2020-03-05 02:08:20'),('a81a4bc6e0b9c87a2614e07ac8','{\"language\":\"ru-ru\",\"currency\":\"RUB\"}','2020-02-19 02:38:49'),('a8216b216aa0734a0f4d910056','{\"language\":\"ru-ru\",\"currency\":\"RUB\"}','2020-08-30 08:52:11'),('a860741a2467f125a1e77ee2c7','{\"language\":\"ru-ru\",\"currency\":\"RUB\"}','2020-09-21 07:31:48'),('a863346643000e6af73a416834','{\"language\":\"ru-ru\",\"currency\":\"RUB\"}','2020-02-21 15:12:38'),('a88056d2ed746c47ffe7f87b63','{\"language\":\"ru-ru\",\"currency\":\"RUB\"}','2020-05-30 16:54:38'),('a88413ba5ca145f9100931ff81','{\"language\":\"ru-ru\",\"currency\":\"RUB\"}','2020-02-20 16:21:46'),('a88f98d66b3c8d498873eef97e','{\"language\":\"ru-ru\",\"currency\":\"RUB\"}','2020-06-21 12:15:13'),('a8927a9367421faaafb4de29d8','{\"language\":\"ru-ru\",\"currency\":\"RUB\"}','2020-02-19 02:41:13'),('a8a8e6c47af3ecca9ae4a34594','{\"language\":\"ru-ru\",\"currency\":\"RUB\",\"redirect\":\"https:\\/\\/umolab.ru\\/shop\\/index.php?route=account\\/newsletter\"}','2020-09-14 16:55:22'),('a8c5f6b8a1fbabe2d8a74ba743','{\"language\":\"ru-ru\",\"currency\":\"RUB\"}','2020-09-13 19:46:37'),('a8c9c3f7489a209aead11853b6','{\"language\":\"ru-ru\",\"currency\":\"RUB\"}','2020-05-02 20:39:36'),('a8cd8bb470918d24f1975fe9e1','{\"language\":\"ru-ru\",\"currency\":\"RUB\"}','2020-02-20 05:07:10'),('a8cf79e32edf93f2f3a5292d6d','{\"language\":\"ru-ru\",\"currency\":\"RUB\"}','2020-02-27 02:59:49'),('a8d44862a24fd83c31c97fd31b','{\"language\":\"ru-ru\",\"currency\":\"RUB\"}','2020-09-21 12:06:20'),('a8d63f0fa2d380b47ec846bc12','{\"language\":\"ru-ru\",\"currency\":\"RUB\"}','2020-02-27 02:56:55'),('a9006137e1d9f6c77f8887f546','{\"language\":\"ru-ru\",\"currency\":\"RUB\"}','2020-02-19 02:51:24'),('a92e7cd40cfc9962845bc7600f','{\"language\":\"ru-ru\",\"currency\":\"RUB\"}','2020-04-06 16:27:35'),('a936f29572df1ad3e95452340f','{\"language\":\"ru-ru\",\"currency\":\"RUB\"}','2020-02-19 02:39:13'),('a9519392801a84dd20d52a0211','{\"language\":\"ru-ru\",\"currency\":\"RUB\"}','2020-03-22 05:14:32'),('a9560569d99dc3a8864df61235','{\"language\":\"ru-ru\",\"currency\":\"RUB\"}','2020-02-20 08:04:36'),('a95775aa6883dd204898e6ba8d','{\"language\":\"ru-ru\",\"currency\":\"RUB\"}','2020-09-18 08:50:36'),('a967b2bb13f79cca0d2912f67b','{\"language\":\"ru-ru\",\"currency\":\"RUB\"}','2020-03-08 17:08:17'),('a971b5a602d581eaa96e2ffb6d','{\"language\":\"ru-ru\",\"currency\":\"RUB\"}','2020-02-19 02:29:02'),('a9731fd2ec2f41f854a5a078c5','{\"language\":\"ru-ru\",\"currency\":\"RUB\"}','2020-09-24 07:51:53'),('a9795f5666b69f571fcac527cc','{\"language\":\"ru-ru\",\"currency\":\"RUB\"}','2020-02-20 05:06:32'),('a98147e0826e3c8ba585facc5e','{\"language\":\"ru-ru\",\"currency\":\"RUB\",\"vouchers\":[]}','2020-05-21 17:56:01'),('a984778fe40de8513df7cefc58','{\"language\":\"ru-ru\",\"currency\":\"RUB\"}','2020-02-19 02:40:33'),('a997d4e59ec17825899d8f677d','{\"language\":\"ru-ru\",\"currency\":\"RUB\"}','2020-02-19 02:48:30'),('a997e619b637f2f04f58d72dbe','{\"language\":\"ru-ru\",\"currency\":\"RUB\"}','2020-04-18 03:29:26'),('a9a1caae7e71a20e86140db3d5','{\"language\":\"ru-ru\",\"currency\":\"RUB\"}','2020-08-28 09:21:09'),('a9bae8e06db2cebc1289a6ba76','{\"language\":\"ru-ru\",\"currency\":\"RUB\"}','2020-02-19 02:49:43'),('a9c4fa46bc776be08eea317795','{\"language\":\"ru-ru\",\"currency\":\"RUB\"}','2020-06-04 23:02:44'),('a9c7cdf361d325ff01f204a4ca','{\"language\":\"ru-ru\",\"currency\":\"RUB\"}','2020-02-19 02:45:41'),('a9dcda6304fe0a1b05eb7a6942','{\"language\":\"ru-ru\",\"currency\":\"RUB\"}','2020-09-21 12:15:48'),('a9e9bc1d63dd3d0a4630c42930','{\"language\":\"ru-ru\",\"currency\":\"RUB\"}','2020-02-19 02:41:38'),('a9e9e9db4753f98e4547345442','{\"language\":\"ru-ru\",\"currency\":\"RUB\"}','2020-06-19 15:33:39'),('a9f7fc757a8ca9b2a00f9deacc','{\"language\":\"ru-ru\",\"currency\":\"RUB\"}','2020-02-22 11:10:15'),('a9fc05fd38f0b40648a45164d7','{\"language\":\"ru-ru\",\"currency\":\"RUB\",\"redirect\":\"https:\\/\\/umolab.ru\\/shop\\/index.php?route=account\\/recurring\"}','2020-02-29 00:29:50'),('a9fd16b35b62c8b8736747e568','{\"language\":\"ru-ru\",\"currency\":\"RUB\"}','2020-03-24 21:48:31'),('aa07066e2296098d35ec18ddb0','{\"language\":\"ru-ru\",\"currency\":\"RUB\"}','2020-06-19 04:19:32'),('aa0e9828fe509194d7a7d7fba0','{\"language\":\"ru-ru\",\"currency\":\"RUB\"}','2020-02-19 02:38:47'),('aa2f9b668af8349104a1794661','{\"language\":\"ru-ru\",\"currency\":\"RUB\"}','2020-03-11 13:36:07'),('aa3b18e80dac5f4f17ba02ef6f','{\"language\":\"ru-ru\",\"currency\":\"RUB\"}','2020-02-20 10:12:34'),('aa403e558c9926d76c37adeee7','{\"language\":\"ru-ru\",\"currency\":\"RUB\"}','2020-04-07 19:39:49'),('aa548e57d5fe0da84fc4aa64e8','{\"language\":\"ru-ru\",\"currency\":\"RUB\"}','2020-02-19 02:32:33'),('aa7bfc90af463174faf60e8934','{\"language\":\"ru-ru\",\"currency\":\"RUB\"}','2020-06-16 06:12:56'),('aa8c6793525ab3e056524e827a','{\"language\":\"ru-ru\",\"currency\":\"RUB\"}','2020-09-20 08:26:43'),('aa9fdd0103344f8fc33f1d43a1','{\"language\":\"ru-ru\",\"currency\":\"RUB\"}','2020-02-19 02:40:34'),('aaa213e01fe95cf8ab09bc0e10','{\"language\":\"ru-ru\",\"currency\":\"RUB\"}','2020-08-22 22:46:06'),('aaa89bbadae0a81d4735630c62','{\"language\":\"ru-ru\",\"currency\":\"RUB\"}','2020-09-19 19:23:55'),('aac237764637a15ee5ba79fd42','{\"language\":\"ru-ru\",\"currency\":\"RUB\"}','2020-02-20 05:20:08'),('aac5e322a35f47f6f0648a86c7','{\"language\":\"ru-ru\",\"currency\":\"RUB\"}','2020-02-20 21:17:12'),('aad5854226a0f8db0dabbd5bfb','{\"language\":\"ru-ru\",\"currency\":\"RUB\"}','2020-02-20 05:09:26'),('aadaef2f98090eba83271876f0','{\"language\":\"ru-ru\",\"currency\":\"RUB\"}','2020-08-31 14:11:22'),('aaf5d98ab3fa0ed7c6feea4dc5','{\"language\":\"ru-ru\",\"currency\":\"RUB\"}','2020-02-19 02:41:04'),('aaf9622349a7685454821dad0f','{\"language\":\"ru-ru\",\"currency\":\"RUB\"}','2020-08-09 08:14:37'),('ab03b8ed616563ab34b38faaa7','{\"language\":\"ru-ru\",\"currency\":\"RUB\"}','2020-05-15 11:19:53'),('ab0ab8bbdbfa0228a6c16fc08c','{\"language\":\"ru-ru\",\"currency\":\"RUB\"}','2020-06-18 14:39:32'),('ab18e00d1f6073d25c8d2b774e','{\"language\":\"ru-ru\",\"currency\":\"RUB\"}','2020-05-27 02:37:32'),('ab1daf27f29d8859f51af6c759','{\"language\":\"ru-ru\",\"currency\":\"RUB\"}','2020-02-20 11:50:53'),('ab26b362a45601e3ee12498751','{\"language\":\"ru-ru\",\"currency\":\"RUB\"}','2020-09-18 15:47:08'),('ab3463bcf97b14c0e966a34a8c','{\"language\":\"ru-ru\",\"currency\":\"RUB\"}','2020-08-24 22:16:12'),('ab5e473410ace008302d1f57e0','{\"language\":\"ru-ru\",\"currency\":\"RUB\"}','2020-02-21 16:53:11'),('ab603fa178c2464f0637cc8a04','{\"language\":\"ru-ru\",\"currency\":\"RUB\"}','2020-02-21 14:17:18'),('ab698f4bc689487574d122ab11','{\"language\":\"ru-ru\",\"currency\":\"RUB\"}','2020-06-19 10:12:30'),('ab78299185cf47fb2fdbc88cc3','{\"language\":\"ru-ru\",\"currency\":\"RUB\"}','2020-08-26 03:31:29'),('ab9af2bd31dd3c4ad831c2186f','{\"language\":\"ru-ru\",\"currency\":\"RUB\"}','2020-04-23 01:54:21'),('aba13febaf348838fbe7311431','{\"language\":\"ru-ru\",\"currency\":\"RUB\"}','2020-04-12 15:24:09'),('abbdfb9f9b14d7e21bab4a57de','{\"language\":\"ru-ru\",\"currency\":\"RUB\"}','2020-04-02 16:32:09'),('abc3d19705a2816f85aa2ef9cc','{\"language\":\"ru-ru\",\"currency\":\"RUB\"}','2020-02-19 02:45:21'),('abc3e3697214c1b4f133cad926','{\"language\":\"ru-ru\",\"currency\":\"RUB\"}','2020-02-20 05:09:26'),('abd1e2dd0639761add9366b807','{\"language\":\"ru-ru\",\"currency\":\"RUB\"}','2020-09-19 15:00:05'),('abde51c66a3410bdb1400f0932','{\"language\":\"ru-ru\",\"currency\":\"RUB\"}','2020-03-06 02:27:09'),('ac023299c0ae91a5ec591daefb','{\"language\":\"ru-ru\",\"currency\":\"RUB\"}','2020-05-13 10:16:40'),('ac17b07eef781e57abcb5a4510','{\"language\":\"ru-ru\",\"currency\":\"RUB\"}','2020-04-19 12:38:38'),('ac31dbf3a9a80b44efc2fb7712','{\"language\":\"ru-ru\",\"currency\":\"RUB\"}','2020-08-05 14:27:42'),('ac57cae0862aae67b43f9bfdec','{\"language\":\"ru-ru\",\"currency\":\"RUB\"}','2020-09-03 08:59:39'),('ac77c5e8cb5a046d9ea8508fe4','{\"language\":\"ru-ru\",\"currency\":\"RUB\"}','2020-07-31 00:07:12'),('acaa99f8dd163725fbb28f1cc9','{\"language\":\"ru-ru\",\"currency\":\"RUB\"}','2020-07-30 01:50:40'),('acac834f0e9b2e6fbd37536fe7','{\"language\":\"ru-ru\",\"currency\":\"RUB\"}','2020-02-20 05:19:31'),('acae7d57df1d8baf461b06c1b8','{\"language\":\"ru-ru\",\"currency\":\"RUB\"}','2020-02-21 01:02:26'),('acb1a73688bc2a9dc0f9f4ac6f','{\"language\":\"ru-ru\",\"currency\":\"RUB\"}','2020-10-02 13:57:00'),('acb9cfffc07ac03300606227f8','{\"language\":\"ru-ru\",\"currency\":\"RUB\"}','2020-02-20 05:12:18'),('acc570c988339a0bafea8cc2a4','{\"language\":\"ru-ru\",\"currency\":\"RUB\"}','2020-09-20 18:32:32'),('accb3f2dead0cdd581714c30e3','{\"language\":\"ru-ru\",\"currency\":\"RUB\"}','2020-06-19 06:10:29'),('ace9ad078b2b6355a71ac96e0a','{\"language\":\"en-gb\",\"currency\":\"RUB\"}','2020-05-18 21:25:53'),('ad1e504f90f2ffd4384122aa9f','{\"language\":\"ru-ru\",\"currency\":\"RUB\"}','2020-02-20 05:06:00'),('ad2898f2ddf4a1cd52e615ad67','{\"language\":\"ru-ru\",\"currency\":\"RUB\"}','2020-07-23 00:28:55'),('ad3899a3acfafb2344e87cc027','{\"language\":\"ru-ru\",\"currency\":\"RUB\"}','2020-02-19 02:35:55'),('ad38f8f8036b7f94bc609bc3a7','{\"language\":\"ru-ru\",\"currency\":\"RUB\"}','2020-02-19 02:41:43'),('ad392a5fe3638964a5fa2a7538','{\"language\":\"ru-ru\",\"currency\":\"RUB\"}','2020-05-10 06:09:25'),('ad3b4f9384a926130da2a35f24','{\"language\":\"ru-ru\",\"currency\":\"RUB\"}','2020-09-18 09:37:56'),('ad3b800e06f8df800f5f28d1f5','{\"language\":\"en-gb\",\"currency\":\"RUB\"}','2020-03-19 03:54:12'),('ad4d9aa5054592bccbb5b6ee20','{\"language\":\"ru-ru\",\"currency\":\"RUB\"}','2020-08-16 06:05:56'),('ad50f7c81190714e92794f833c','{\"language\":\"ru-ru\",\"currency\":\"RUB\"}','2020-03-03 13:45:46'),('ad5542ecc68319c8d4e10aaaf8','{\"language\":\"ru-ru\",\"currency\":\"RUB\"}','2020-09-27 08:27:20'),('ad5ede61b6db82e7d81f1de0f7','{\"language\":\"ru-ru\",\"currency\":\"RUB\"}','2020-02-20 06:35:55'),('ad6dff33b081456b4f199fa0a0','{\"language\":\"ru-ru\",\"currency\":\"RUB\"}','2020-09-16 06:30:29'),('ad717261dfcc1be9b4c0a0a979','{\"language\":\"ru-ru\",\"currency\":\"RUB\"}','2020-02-19 02:52:24'),('ad7776300f2f0581bd248abd7c','{\"language\":\"ru-ru\",\"currency\":\"RUB\"}','2020-07-18 01:54:33'),('ad879c01a670d5b185e313fa9e','{\"language\":\"ru-ru\",\"currency\":\"RUB\"}','2020-04-04 05:01:35'),('ad8a2236001d3aeb0b7ea7d1b1','{\"language\":\"ru-ru\",\"currency\":\"RUB\"}','2020-09-14 14:17:47'),('ad93dd76b90ea4c1d986c7128e','{\"language\":\"ru-ru\",\"currency\":\"RUB\"}','2020-07-02 01:24:47'),('ad9546513b24e1394f75455792','{\"language\":\"ru-ru\",\"currency\":\"RUB\"}','2020-04-09 13:49:43'),('ad9d473b04bd29d086cd634f5d','{\"language\":\"ru-ru\",\"currency\":\"RUB\"}','2020-02-20 05:12:54'),('adaa531054f0600356763b2722','{\"language\":\"ru-ru\",\"currency\":\"RUB\"}','2020-09-02 13:31:55'),('adc8c3c5737c2fff97ccba9aa7','{\"language\":\"en-gb\",\"currency\":\"RUB\"}','2020-05-01 16:30:59'),('adc92df5b0afea668c6597966b','{\"language\":\"ru-ru\",\"currency\":\"RUB\"}','2020-05-11 18:38:51'),('adc9730dcc978cee3b60ff8d76','{\"language\":\"ru-ru\",\"currency\":\"RUB\"}','2020-02-21 14:20:16'),('ade0c4971ce071a64c48a20785','{\"language\":\"ru-ru\",\"currency\":\"RUB\"}','2020-09-18 04:37:48'),('ae145df1235dd30b635c742bf6','{\"language\":\"ru-ru\",\"currency\":\"RUB\"}','2020-02-20 10:40:58'),('ae19eeb8837945218b51b835d3','{\"language\":\"ru-ru\",\"currency\":\"RUB\"}','2020-09-01 13:04:21'),('ae1b85c58a7f1973ea7c575718','{\"language\":\"ru-ru\",\"currency\":\"RUB\"}','2020-08-23 03:11:38'),('ae1dc8730062d4580e7a3dbfbd','{\"language\":\"ru-ru\",\"currency\":\"RUB\"}','2020-07-15 05:39:03'),('ae25cbc99734a94edca2649762','{\"language\":\"ru-ru\",\"currency\":\"RUB\"}','2020-02-22 11:04:31'),('ae25dd8e94173bdca3620ee261','{\"language\":\"ru-ru\",\"currency\":\"RUB\"}','2020-02-20 15:44:48'),('ae349e03ac5d226ce1eca6ec46','{\"language\":\"ru-ru\",\"currency\":\"RUB\"}','2020-09-18 15:08:39'),('ae35a0d14a1496b9ffd07d1ec4','{\"language\":\"ru-ru\",\"currency\":\"RUB\"}','2020-02-19 02:49:50'),('ae3bcb48a8d41049ac61c76691','{\"api_id\":\"1\",\"language\":\"ru-ru\",\"currency\":\"RUB\"}','2020-09-02 08:04:38'),('ae58e68b5be01ba51c57928e08','{\"language\":\"ru-ru\",\"currency\":\"RUB\"}','2020-07-15 05:38:32'),('ae617bd8b07f15f3a2e1a63e43','{\"language\":\"ru-ru\",\"currency\":\"RUB\"}','2020-02-19 02:37:49'),('ae6b93015fb8fdb16be94ef361','{\"language\":\"ru-ru\",\"currency\":\"RUB\",\"vouchers\":[]}','2020-09-20 23:33:01'),('ae73c45bbcf784cfa6fd27082f','{\"language\":\"ru-ru\",\"currency\":\"RUB\"}','2020-09-24 07:23:29'),('ae75ba6dfca57501d1cebbcd87','{\"language\":\"ru-ru\",\"currency\":\"RUB\"}','2020-04-04 04:01:37'),('ae977921ba23d67d347430dd78','{\"language\":\"ru-ru\",\"currency\":\"RUB\"}','2020-02-22 11:33:53'),('aea17eb5a018546dff6f5171f1','{\"language\":\"ru-ru\",\"currency\":\"RUB\"}','2020-02-19 02:48:14'),('aeda06fb3438291222c53d8e6f','{\"language\":\"ru-ru\",\"currency\":\"RUB\"}','2020-02-20 05:05:23'),('aedf19ce268dcfb69f652982ba','{\"language\":\"ru-ru\",\"currency\":\"RUB\"}','2020-02-19 02:38:37'),('aee33154e3639f7bc033f1612b','{\"language\":\"ru-ru\",\"currency\":\"RUB\"}','2020-09-12 22:25:15'),('aee8b4fd21fc8b2b359b4d2cfa','{\"language\":\"ru-ru\",\"currency\":\"RUB\"}','2020-07-14 03:12:16'),('aef44cbd145cc1c9a621b5ad89','{\"language\":\"ru-ru\",\"currency\":\"RUB\"}','2020-09-24 18:48:45'),('af15f1282f751db0921d156fcd','{\"language\":\"ru-ru\",\"currency\":\"RUB\"}','2020-03-03 22:54:13'),('af2657f57c62d960e86e40862a','{\"language\":\"ru-ru\",\"currency\":\"RUB\"}','2020-09-04 17:00:26'),('af535e219d95530fbe9ea618a6','{\"language\":\"ru-ru\",\"currency\":\"RUB\"}','2020-07-18 19:25:54'),('af57ec5a5a18a332419393ebeb','{\"language\":\"ru-ru\",\"currency\":\"RUB\"}','2020-02-20 05:17:45'),('af895ff04f985a4aa906abdc71','{\"language\":\"ru-ru\",\"currency\":\"RUB\",\"redirect\":\"https:\\/\\/umolab.ru\\/shop\\/index.php?route=account\\/account\"}','2020-05-20 19:42:00'),('af8b9476be75dbc2e5a9f466f0','{\"language\":\"ru-ru\",\"currency\":\"RUB\"}','2020-07-06 16:55:39'),('af9b45540dda8c2dc75b071c3e','{\"language\":\"ru-ru\",\"currency\":\"RUB\",\"redirect\":\"https:\\/\\/umolab.ru\\/shop\\/index.php?route=account\\/order\"}','2020-04-15 10:01:39'),('afae8b6ea864a9c8c003c13064','{\"language\":\"ru-ru\",\"currency\":\"RUB\"}','2020-09-23 15:24:22'),('afdda29b732a9561723cba83fa','{\"language\":\"ru-ru\",\"currency\":\"RUB\"}','2020-09-18 14:12:28'),('afdf3500bef3bc00c72025781f','{\"language\":\"ru-ru\",\"currency\":\"RUB\"}','2020-05-07 01:11:43'),('aff454c3b09e4207a40b5b9bcb','{\"language\":\"ru-ru\",\"currency\":\"RUB\"}','2020-09-21 17:47:08'),('aff705c57de4c24795833ea3fb','{\"language\":\"ru-ru\",\"currency\":\"RUB\"}','2020-07-18 05:07:05'),('affb3b534dcd4fff4776308001','{\"language\":\"ru-ru\",\"currency\":\"RUB\",\"redirect\":\"https:\\/\\/umolab.ru\\/shop\\/index.php?route=account\\/newsletter\"}','2020-08-29 22:22:02'),('b0163c1716df99e30285b4eb5f','{\"language\":\"ru-ru\",\"currency\":\"RUB\"}','2020-03-21 23:01:29'),('b0253a63895300555a9612da17','{\"language\":\"ru-ru\",\"currency\":\"RUB\"}','2020-09-20 14:46:37'),('b05c673ae484e39a52ef2f6a82','{\"language\":\"ru-ru\",\"currency\":\"RUB\"}','2020-09-22 18:11:05'),('b0632b6f17bb2b24977a1b5d93','{\"language\":\"ru-ru\",\"currency\":\"RUB\"}','2020-04-20 14:50:19'),('b066822e92a453fc4842d7fcbc','{\"language\":\"ru-ru\",\"currency\":\"RUB\",\"redirect\":\"https:\\/\\/umolab.ru\\/shop\\/index.php?route=account\\/password\"}','2020-09-18 19:25:51'),('b07217aa4baa662a75148e16b8','{\"language\":\"ru-ru\",\"currency\":\"RUB\"}','2020-05-23 07:05:03'),('b075ebccbc12e7f262b8c463b4','{\"language\":\"ru-ru\",\"currency\":\"RUB\"}','2020-06-18 20:29:41'),('b07c31b8df475b4f6b620c7197','{\"language\":\"ru-ru\",\"currency\":\"RUB\"}','2020-07-13 06:44:39'),('b07ea5f8a27dea466df2d00bda','{\"language\":\"ru-ru\",\"currency\":\"RUB\"}','2020-02-20 05:07:45'),('b085107b55139f634f60dd600c','{\"language\":\"ru-ru\",\"currency\":\"RUB\"}','2020-09-18 07:25:24'),('b09f2276fb5e29bebf1f7894d0','{\"language\":\"ru-ru\",\"currency\":\"RUB\",\"redirect\":\"https:\\/\\/umolab.ru\\/shop\\/index.php?route=account\\/wishlist\"}','2020-07-18 05:09:40'),('b0a29e6b648e3f3e083760164d','{\"language\":\"ru-ru\",\"currency\":\"RUB\"}','2020-09-03 20:33:26'),('b0a7528025aed3dc68b156aefc','{\"language\":\"ru-ru\",\"currency\":\"RUB\",\"vouchers\":[]}','2020-07-18 05:04:29'),('b0be803bb89b7d7f56ee451275','{\"language\":\"ru-ru\",\"currency\":\"RUB\"}','2020-09-18 03:09:48'),('b0e486f6c4de7a2cb43ab989f4','{\"language\":\"ru-ru\",\"currency\":\"RUB\"}','2020-03-09 03:27:40'),('b0e8938b65659683e3fecc6f33','{\"language\":\"ru-ru\",\"currency\":\"RUB\"}','2020-09-17 23:32:04'),('b0feb50babe10b51a86b1aae51','{\"language\":\"en-gb\",\"currency\":\"RUB\"}','2020-06-19 15:00:06'),('b10d05f0ccf253ef9e778afc23','{\"language\":\"ru-ru\",\"currency\":\"RUB\"}','2020-02-19 02:51:37'),('b11632a4c3f0fc7879bc1a1b30','{\"language\":\"ru-ru\",\"currency\":\"RUB\"}','2020-02-26 01:25:13'),('b11cb205d6b8b7426f166bda6f','{\"language\":\"ru-ru\",\"currency\":\"RUB\"}','2020-02-19 02:47:53'),('b11d7fb6317d3781d5b7576bf3','{\"language\":\"ru-ru\",\"currency\":\"RUB\"}','2020-08-29 20:39:13'),('b13b741b5ceccc6fb4bc705adb','{\"language\":\"ru-ru\",\"currency\":\"RUB\",\"compare\":[]}','2020-09-23 03:55:07'),('b15ad03934777f446dde4e4e55','{\"language\":\"ru-ru\",\"currency\":\"RUB\"}','2020-02-21 15:47:53'),('b18428f2dd0c6de441655abfb8','{\"language\":\"ru-ru\",\"currency\":\"RUB\"}','2020-02-20 05:10:25'),('b197e5ce4fc6401b5f5d7ed8f0','{\"language\":\"ru-ru\",\"currency\":\"RUB\"}','2020-09-23 20:49:13'),('b1a038e7447636093461be24ec','{\"language\":\"ru-ru\",\"currency\":\"RUB\"}','2020-09-08 00:26:24'),('b1b7c37723465da4b48c5ad868','{\"language\":\"ru-ru\",\"currency\":\"RUB\"}','2020-05-13 03:18:22'),('b1b905938797b1a72760b0b5e8','{\"language\":\"ru-ru\",\"currency\":\"RUB\"}','2020-02-19 02:39:35'),('b1d43e328f972fc3f8392e363a','{\"language\":\"ru-ru\",\"currency\":\"RUB\"}','2020-02-19 02:51:23'),('b1e113cb2bd2a248c6a5a2d2a7','{\"language\":\"ru-ru\",\"currency\":\"RUB\"}','2020-02-17 18:34:02'),('b1fe3751c18e48dffdf7d5e16b','{\"language\":\"ru-ru\",\"currency\":\"RUB\"}','2020-07-04 06:11:24'),('b202738248a9248befc0f60b6d','{\"language\":\"ru-ru\",\"currency\":\"RUB\"}','2020-03-08 04:45:30'),('b20f5f9537bce8d97684821309','{\"language\":\"ru-ru\",\"currency\":\"RUB\"}','2020-07-07 17:17:46'),('b2162332d0da3cfcef72bcebca','{\"language\":\"ru-ru\",\"currency\":\"RUB\"}','2020-02-20 05:22:00'),('b2162c2d7c41dae0ac710ce218','{\"language\":\"ru-ru\",\"currency\":\"RUB\"}','2020-03-12 13:12:20'),('b22487444c12a8c7aa8ce258b5','{\"language\":\"ru-ru\",\"currency\":\"RUB\"}','2020-09-18 11:59:56'),('b2327103028b6a83e67e8e2901','{\"language\":\"ru-ru\",\"currency\":\"RUB\"}','2020-04-26 11:38:49'),('b233ffde1ed727e826922cd818','{\"language\":\"ru-ru\",\"currency\":\"RUB\"}','2020-02-21 00:52:59'),('b23883b3317cb030ba960805aa','{\"language\":\"ru-ru\",\"currency\":\"RUB\"}','2020-09-23 18:34:25'),('b23c036e3a80dd252954bb8244','{\"language\":\"ru-ru\",\"currency\":\"RUB\"}','2020-02-20 05:23:24'),('b24ba63a0d8a1a88193c1517b0','{\"language\":\"ru-ru\",\"currency\":\"RUB\"}','2020-09-17 20:13:16'),('b2779e4c91b2c1b7dfdc4e1f7b','{\"language\":\"ru-ru\",\"currency\":\"RUB\"}','2020-09-07 21:19:44'),('b2a99a1451585c58a01f4238de','{\"language\":\"ru-ru\",\"currency\":\"RUB\"}','2020-02-21 15:26:16'),('b2ab8676e09e58548d2c12fb31','{\"language\":\"ru-ru\",\"currency\":\"RUB\"}','2020-07-16 00:25:12'),('b2b6434d7428e548acba6376a8','{\"language\":\"ru-ru\",\"currency\":\"RUB\"}','2020-07-18 05:06:54'),('b2cf5eebddd47e54081d518627','{\"language\":\"ru-ru\",\"currency\":\"RUB\"}','2020-03-05 13:23:44'),('b2e641799c9feb9dd6fc2c79df','{\"language\":\"ru-ru\",\"currency\":\"RUB\",\"redirect\":\"https:\\/\\/umolab.ru\\/shop\\/index.php?route=account\\/edit\"}','2020-08-29 11:20:45'),('b3016950e98defe643e9f82bef','{\"language\":\"ru-ru\",\"currency\":\"RUB\"}','2020-09-20 12:16:51'),('b3046dcd1ccc7a946577d68fad','{\"language\":\"ru-ru\",\"currency\":\"RUB\"}','2020-02-19 02:34:31'),('b321943b3d9f4ebf5f22ea0699','{\"language\":\"ru-ru\",\"currency\":\"RUB\"}','2020-02-19 02:37:58'),('b329df731d9f6734254ce90f9d','{\"language\":\"ru-ru\",\"currency\":\"RUB\",\"vouchers\":[]}','2020-07-23 00:32:16'),('b32b3c0c2cc904e1734dffa110','{\"language\":\"ru-ru\",\"currency\":\"RUB\"}','2020-02-20 05:05:04'),('b331e9ffdae2a31370fdb87d59','{\"language\":\"ru-ru\",\"currency\":\"RUB\"}','2020-09-17 17:38:33'),('b33ca77910647810b73a13adbd','{\"language\":\"ru-ru\",\"currency\":\"RUB\"}','2020-03-04 02:57:50'),('b33e19ab6d617428e156e813ef','{\"language\":\"ru-ru\",\"currency\":\"RUB\"}','2020-02-19 02:41:59'),('b344ee9ab38fc1b991c26ae8dd','{\"language\":\"ru-ru\",\"currency\":\"RUB\"}','2020-06-14 19:58:19'),('b3508a060815376c8a568921e1','{\"language\":\"ru-ru\",\"currency\":\"RUB\"}','2020-09-21 03:25:40'),('b370cd0ccdc6a64d2c1dda9abc','{\"language\":\"ru-ru\",\"currency\":\"RUB\"}','2020-09-17 14:38:14'),('b3799c86344307657be17a89d2','{\"language\":\"ru-ru\",\"currency\":\"RUB\",\"redirect\":\"https:\\/\\/umolab.ru\\/shop\\/index.php?route=account\\/download\"}','2020-09-23 01:43:40'),('b398f61f8308a758a59955a951','{\"language\":\"en-gb\",\"currency\":\"RUB\"}','2020-07-09 11:01:57'),('b39e902f991a8711abd6c55b10','{\"language\":\"ru-ru\",\"currency\":\"RUB\"}','2020-09-03 22:15:24'),('b3a7588fb7f22b23e25beb0d64','{\"language\":\"ru-ru\",\"currency\":\"RUB\"}','2020-09-21 03:44:36'),('b3b3238b15fd18fe2ae3d54a8c','{\"language\":\"en-gb\",\"currency\":\"RUB\"}','2020-09-02 18:10:03'),('b3bb402d9edb31c183991be54e','{\"language\":\"ru-ru\",\"currency\":\"RUB\"}','2020-08-18 22:49:12'),('b3d4c669e27103392bdaa6939b','{\"language\":\"ru-ru\",\"currency\":\"RUB\"}','2020-02-04 05:35:44'),('b3dffc8a382c187b1baa97e298','{\"language\":\"ru-ru\",\"currency\":\"RUB\"}','2020-02-21 14:21:31'),('b410cab1f3ae632a237ab5495b','{\"language\":\"ru-ru\",\"currency\":\"RUB\"}','2020-03-02 10:43:08'),('b41a8b4a084f95eaf5ef53792f','{\"language\":\"ru-ru\",\"currency\":\"RUB\"}','2020-09-09 22:51:53'),('b42455e38404d43fce9722b32a','{\"language\":\"ru-ru\",\"currency\":\"RUB\"}','2020-02-20 22:37:20'),('b44263285e396673a36bfc3b3e','{\"language\":\"ru-ru\",\"currency\":\"RUB\"}','2020-03-09 06:08:40'),('b44ba4d10f5f19c361a682df09','{\"language\":\"ru-ru\",\"currency\":\"RUB\"}','2020-02-21 14:18:45'),('b466df77b647519eccd8031764','{\"language\":\"ru-ru\",\"currency\":\"RUB\"}','2020-09-26 02:38:09'),('b46ffcc704524f4b6472ceb3a0','{\"language\":\"ru-ru\",\"currency\":\"RUB\"}','2020-05-18 06:27:01'),('b48dfa014e65b34c036f38e17c','{\"language\":\"ru-ru\",\"currency\":\"RUB\"}','2020-03-15 12:42:54'),('b4958c86351c40cd341d1e2fbd','{\"language\":\"ru-ru\",\"currency\":\"RUB\"}','2020-08-25 23:21:08'),('b4a39eea93e63bdce4243334ef','{\"language\":\"ru-ru\",\"currency\":\"RUB\"}','2020-09-30 19:03:03'),('b4a5ba97bfb32f23ad16e30daf','{\"language\":\"ru-ru\",\"currency\":\"RUB\"}','2020-08-12 11:03:48'),('b4a6959e511baa2ea5fdfd3317','{\"language\":\"ru-ru\",\"currency\":\"RUB\"}','2020-02-20 05:16:49'),('b4c54373efa8f31f8c1e718848','{\"language\":\"ru-ru\",\"currency\":\"RUB\"}','2020-09-21 11:56:52'),('b4d6f1b6b87faec86d00fd41ef','{\"language\":\"ru-ru\",\"currency\":\"RUB\"}','2020-04-12 18:04:17'),('b4db9cf3a2c846998380df2f6e','{\"language\":\"ru-ru\",\"currency\":\"RUB\"}','2020-02-19 02:51:00'),('b4eb1678f9b1815dfaa62f806d','{\"language\":\"ru-ru\",\"currency\":\"RUB\"}','2020-09-21 14:47:16'),('b4f149d31dc55480a142f1c77f','{\"language\":\"ru-ru\",\"currency\":\"RUB\"}','2020-02-04 07:04:17'),('b4f3e2a52147965655fe3b12d8','{\"language\":\"ru-ru\",\"currency\":\"RUB\"}','2020-09-22 04:25:33'),('b4f6f6c5142b8992077c363022','{\"language\":\"ru-ru\",\"currency\":\"RUB\"}','2020-02-19 02:50:43'),('b4ff31dd85684cd51e861b0d24','{\"language\":\"ru-ru\",\"currency\":\"RUB\"}','2020-09-15 22:18:49'),('b505d60341c436913d3dea8709','{\"language\":\"ru-ru\",\"currency\":\"RUB\"}','2020-02-22 11:07:09'),('b51a3783c3838dcc319973063a','{\"language\":\"ru-ru\",\"currency\":\"RUB\"}','2020-09-18 06:38:04'),('b53568c6d69bf73357d7986854','{\"language\":\"ru-ru\",\"currency\":\"RUB\"}','2020-02-19 02:41:54'),('b53d950ea7b5aa61fee09c5bf7','{\"language\":\"ru-ru\",\"currency\":\"RUB\"}','2020-09-18 08:03:15'),('b547a639c190958ef1eafb775d','{\"language\":\"ru-ru\",\"currency\":\"RUB\"}','2020-07-30 01:50:47'),('b55933718136c67f8d460eed33','{\"language\":\"ru-ru\",\"currency\":\"RUB\"}','2020-02-20 05:12:22'),('b569c58ed893020616884a0c88','{\"language\":\"ru-ru\",\"currency\":\"RUB\"}','2020-07-18 05:09:03'),('b579235408f3364836930427cd','{\"language\":\"ru-ru\",\"currency\":\"RUB\"}','2020-02-19 02:40:42'),('b581bb79030e858d8efa07c02f','{\"language\":\"ru-ru\",\"currency\":\"RUB\"}','2020-02-19 02:37:52'),('b587860088096f950377932de3','{\"language\":\"ru-ru\",\"currency\":\"RUB\"}','2020-02-19 02:40:36'),('b59be68f770fbf30b33b3af4dc','{\"language\":\"ru-ru\",\"currency\":\"RUB\"}','2020-02-21 01:50:56'),('b5cf70008969cbc05f06e45a9e','{\"language\":\"ru-ru\",\"currency\":\"RUB\"}','2020-03-11 22:33:47'),('b5d200393a396a7f71f4be0f5a','{\"language\":\"ru-ru\",\"currency\":\"RUB\"}','2020-09-18 00:38:32'),('b5dc23d5adbf3e6d368a80eb3b','{\"language\":\"ru-ru\",\"currency\":\"RUB\"}','2020-06-16 13:24:05'),('b5ddbeeaca1653976137d8fa38','{\"language\":\"ru-ru\",\"currency\":\"RUB\"}','2020-09-24 01:42:41'),('b5efc21a10ff1f51bed0cfd507','{\"language\":\"ru-ru\",\"currency\":\"RUB\"}','2020-09-23 02:46:32'),('b5f09aedb5b98bad11b3514188','{\"language\":\"ru-ru\",\"currency\":\"RUB\"}','2020-03-05 20:05:41'),('b5f39f47a6cb1e8baa5043b3db','{\"language\":\"ru-ru\",\"currency\":\"RUB\"}','2020-06-23 03:37:04'),('b60b59f6c9072829199f70b5d8','{\"language\":\"ru-ru\",\"currency\":\"RUB\"}','2020-02-13 05:27:56'),('b632d66cbcc8ec43d136ec4ad5','{\"language\":\"ru-ru\",\"currency\":\"RUB\"}','2020-02-20 05:08:42'),('b635fc03e8ca18a593319f143a','{\"language\":\"ru-ru\",\"currency\":\"RUB\"}','2020-07-14 03:12:20'),('b6361a31ce7822f003a7c8e575','{\"language\":\"ru-ru\",\"currency\":\"RUB\"}','2020-09-07 07:01:54'),('b65ca3542f21c9dfd0b8b09cf2','{\"language\":\"ru-ru\",\"currency\":\"RUB\"}','2020-02-19 02:31:34'),('b65edf6d16b0666c212f1202b1','{\"language\":\"ru-ru\",\"currency\":\"RUB\"}','2020-02-19 02:50:07'),('b66334d7748b9aa6b2a923d1cb','{\"language\":\"ru-ru\",\"currency\":\"RUB\"}','2020-09-18 18:28:24'),('b66b5b8acf6f9aabcbae6cb5c1','{\"language\":\"ru-ru\",\"currency\":\"RUB\"}','2020-09-22 21:46:53'),('b68b3f0d77b76212651600b539','{\"language\":\"ru-ru\",\"currency\":\"RUB\"}','2020-03-08 19:52:57'),('b68e30717533513a8bca6d8631','{\"language\":\"ru-ru\",\"currency\":\"RUB\"}','2020-03-31 06:23:11'),('b6900c0235061b91d33b2bd0e4','{\"language\":\"ru-ru\",\"currency\":\"RUB\"}','2020-09-16 06:28:26'),('b691a4161fbccb1f573b8c8abd','{\"language\":\"ru-ru\",\"currency\":\"RUB\"}','2020-09-18 07:09:57'),('b6a8f5d3459dc4a75bde7efecd','{\"language\":\"ru-ru\",\"currency\":\"RUB\"}','2020-09-02 18:20:22'),('b6bb2b40d70b014e46369f48e4','{\"language\":\"ru-ru\",\"currency\":\"RUB\"}','2020-08-18 06:32:48'),('b6c9be819c82ef02c772f4e8f8','{\"language\":\"ru-ru\",\"currency\":\"RUB\"}','2020-09-17 10:04:55'),('b6cf6169f215cb49bebd914673','{\"language\":\"ru-ru\",\"currency\":\"RUB\"}','2020-09-23 18:34:54'),('b702820c04ad110b3fe7f2fec1','{\"language\":\"ru-ru\",\"currency\":\"RUB\"}','2020-09-23 22:52:17'),('b7155366270feab460a72d7b30','{\"language\":\"ru-ru\",\"currency\":\"RUB\"}','2020-09-20 03:26:43'),('b71711ae1421584a85c0b7336e','{\"language\":\"ru-ru\",\"currency\":\"RUB\"}','2020-02-22 11:06:27'),('b7295d3d564c0b22c949bb009e','{\"language\":\"ru-ru\",\"currency\":\"RUB\"}','2020-02-20 22:59:24'),('b72aa0726ddf07fb34d1829fa3','{\"language\":\"ru-ru\",\"currency\":\"RUB\"}','2020-09-17 12:22:48'),('b7323669c0f80b67d02f6a0ddb','{\"language\":\"ru-ru\",\"currency\":\"RUB\"}','2020-09-21 07:12:52'),('b73dd045c2c5dc1af6ddb2730d','{\"language\":\"ru-ru\",\"currency\":\"RUB\"}','2020-02-20 05:23:20'),('b7653cfa46e95f544e5ea2048d','{\"language\":\"ru-ru\",\"currency\":\"RUB\"}','2020-09-22 06:23:43'),('b767ab4df3abead7f3de939e35','{\"language\":\"ru-ru\",\"currency\":\"RUB\"}','2020-09-25 14:30:06'),('b77ecceb4184d24af13fbdc531','{\"language\":\"ru-ru\",\"currency\":\"RUB\"}','2020-02-19 02:41:08'),('b78166c2c2cce932ee9e10ef41','{\"language\":\"ru-ru\",\"currency\":\"RUB\"}','2020-02-20 05:12:06'),('b789e89a9152708063c6ebc031','{\"language\":\"ru-ru\",\"currency\":\"RUB\"}','2020-09-10 16:29:42'),('b7a25f12e402024bde27968122','{\"language\":\"ru-ru\",\"currency\":\"RUB\"}','2020-02-19 02:40:48'),('b7a260938081c30f53671de12f','{\"language\":\"ru-ru\",\"currency\":\"RUB\"}','2020-09-18 05:03:24'),('b7af3d85bd885cf8123314ff9b','{\"language\":\"ru-ru\",\"currency\":\"RUB\"}','2020-02-26 01:44:20'),('b7cbaaa0f1142d8668ae1bb0dd','{\"language\":\"ru-ru\",\"currency\":\"RUB\"}','2020-09-12 04:20:05'),('b7cc1d9cb1916d0cc5aeb17dc1','{\"language\":\"ru-ru\",\"currency\":\"RUB\"}','2020-09-20 16:13:32'),('b7dd3f4b14e67825050fd22292','{\"language\":\"ru-ru\",\"currency\":\"RUB\"}','2020-02-19 02:51:08'),('b7eaf0c8503b83106d02ca212b','{\"language\":\"ru-ru\",\"currency\":\"RUB\"}','2020-09-10 02:38:46'),('b7f1f1a6272ebd939093fba244','{\"language\":\"ru-ru\",\"currency\":\"RUB\"}','2020-09-18 14:59:48'),('b7f2c743eef42e0be8ea5a75e2','{\"language\":\"en-gb\",\"currency\":\"RUB\"}','2020-02-07 15:01:23'),('b8058f326007f75033435b564b','{\"language\":\"ru-ru\",\"currency\":\"RUB\"}','2020-02-20 18:34:19'),('b8133d69260e5dae6e0c6caf30','{\"language\":\"ru-ru\",\"currency\":\"RUB\"}','2020-04-09 06:57:02'),('b8374c68bf2ab63344d8a2bd99','{\"language\":\"ru-ru\",\"currency\":\"RUB\"}','2020-02-29 19:53:05'),('b842ed887f297b9f93a4927c1a','{\"language\":\"ru-ru\",\"currency\":\"RUB\"}','2020-02-19 02:38:24'),('b854f2a87a3171ee258ad7185c','{\"language\":\"ru-ru\",\"currency\":\"RUB\"}','2020-02-19 02:51:26'),('b85e992be664fe437fa555fdc3','{\"language\":\"ru-ru\",\"currency\":\"RUB\"}','2020-09-24 01:33:13'),('b8814d382a076a63a998394053','{\"language\":\"ru-ru\",\"currency\":\"RUB\"}','2020-09-03 16:48:57'),('b88fd483babcdb910edfeb5f52','{\"language\":\"ru-ru\",\"currency\":\"RUB\"}','2020-05-03 13:41:43'),('b890c18d0162ecf7111a21dbbe','{\"language\":\"ru-ru\",\"currency\":\"RUB\"}','2020-02-20 05:15:56'),('b89f96ec47ed1c887d3d043511','{\"language\":\"ru-ru\",\"currency\":\"RUB\"}','2020-08-29 12:22:21'),('b8a94bfa39da62f31fccdfe39a','{\"language\":\"ru-ru\",\"currency\":\"RUB\"}','2020-05-02 17:45:37'),('b8ad3d35b29d310d55605ed1ca','{\"language\":\"ru-ru\",\"currency\":\"RUB\"}','2020-09-20 15:54:36'),('b8ce6291be65a8fd64f94dfabb','{\"language\":\"ru-ru\",\"currency\":\"RUB\"}','2020-03-05 00:30:53'),('b8d5ab4609ffb07198c33b817f','{\"language\":\"ru-ru\",\"currency\":\"RUB\"}','2020-09-17 19:16:27'),('b8de8c865cb0eed9b924c4f692','{\"language\":\"ru-ru\",\"currency\":\"RUB\"}','2020-02-19 02:52:48'),('b8fbcb37d61dae1d478d757a96','{\"language\":\"ru-ru\",\"currency\":\"RUB\"}','2020-02-20 05:12:44'),('b93dae785144ada88e855113b8','{\"language\":\"ru-ru\",\"currency\":\"RUB\"}','2020-02-21 14:11:07'),('b954f410e01ab0ddab034a8872','{\"language\":\"ru-ru\",\"currency\":\"RUB\"}','2020-02-20 05:06:46'),('b957d28de95b2f8e5b9a0f3f53','{\"language\":\"ru-ru\",\"currency\":\"RUB\"}','2020-02-20 05:10:30'),('b966b1e47bae3e95cdea78235c','{\"language\":\"ru-ru\",\"currency\":\"RUB\"}','2020-02-20 05:20:58'),('b98862898dff19691a4cdd2e7a','{\"language\":\"ru-ru\",\"currency\":\"RUB\"}','2020-02-21 01:32:13'),('b98880463be84b0681b6b40d3c','{\"language\":\"ru-ru\",\"currency\":\"RUB\"}','2020-02-20 10:22:02'),('b9988e09812381190290f28f66','{\"language\":\"ru-ru\",\"currency\":\"RUB\"}','2020-07-13 09:14:47'),('b9a2ea16771a2e1d9388aec290','{\"language\":\"ru-ru\",\"currency\":\"RUB\"}','2020-06-18 20:29:40'),('b9b91bd46410bf3d93c6b9cca3','{\"language\":\"ru-ru\",\"currency\":\"RUB\"}','2020-02-20 05:07:15'),('b9e56a6c40b6b1da7c045250cf','{\"language\":\"ru-ru\",\"currency\":\"RUB\"}','2020-09-20 10:57:09'),('b9ea45684001ccfefce6f05128','{\"language\":\"ru-ru\",\"currency\":\"RUB\"}','2020-09-10 09:34:59'),('ba0b775c3ff160b37f254ef262','{\"language\":\"ru-ru\",\"currency\":\"RUB\"}','2020-02-20 05:10:29'),('ba0c8c870b4bd84b80b2ab5896','{\"language\":\"ru-ru\",\"currency\":\"RUB\"}','2020-02-19 02:50:33'),('ba2ebe59dc2281894161762220','{\"language\":\"ru-ru\",\"currency\":\"RUB\"}','2020-09-16 06:28:57'),('ba2ee4d44b1ed8454889277657','{\"language\":\"en-gb\",\"currency\":\"USD\",\"user_id\":\"1\",\"user_token\":\"hrr4pwsKyE6q60bzNeWQlqSHUq4L3TrX\"}','2020-06-17 04:34:51'),('ba45db501c4c24ca44b62b4428','{\"language\":\"ru-ru\",\"currency\":\"RUB\"}','2020-02-19 02:41:26'),('ba55be088dacc4e71fe043c942','{\"language\":\"ru-ru\",\"currency\":\"RUB\"}','2020-06-21 01:30:46'),('ba568396a76928055b2e607952','{\"api_id\":\"1\",\"language\":\"ru-ru\",\"currency\":\"RUB\"}','2020-09-02 08:04:41'),('ba56f965fab989c6fa1a70365b','{\"language\":\"ru-ru\",\"currency\":\"RUB\"}','2020-02-21 14:19:41'),('ba66351fb11af3b52e8b3e8f30','{\"language\":\"ru-ru\",\"currency\":\"RUB\"}','2020-09-21 02:47:48'),('ba698d743c131929cafc12b7cf','{\"language\":\"ru-ru\",\"currency\":\"RUB\"}','2020-09-15 00:58:27'),('ba70da38fd11a034ca6fcd97a2','{\"language\":\"ru-ru\",\"currency\":\"RUB\"}','2020-06-18 20:28:34'),('ba75c2bc1e31c77198da368a14','{\"language\":\"ru-ru\",\"currency\":\"RUB\"}','2020-02-19 02:50:50'),('ba9cef398df96bb5a5788b4bb7','{\"language\":\"ru-ru\",\"currency\":\"RUB\"}','2020-09-17 20:51:08'),('baa34a468f0e1ba0e2baf7d8e7','{\"language\":\"ru-ru\",\"currency\":\"RUB\"}','2020-09-23 03:46:37'),('bab521a9a6bbe0ae6e975561bf','{\"language\":\"ru-ru\",\"currency\":\"RUB\"}','2020-02-21 14:09:22'),('babbc616b19c705a0a8f7b7a32','{\"language\":\"ru-ru\",\"currency\":\"RUB\"}','2020-03-10 01:04:40'),('bae1791027f03118329673de30','{\"language\":\"ru-ru\",\"currency\":\"RUB\"}','2020-08-23 07:55:48'),('baea70b792df33c3c3017cff5f','{\"language\":\"ru-ru\",\"currency\":\"RUB\"}','2020-03-03 06:18:56'),('baf4f4ed9c4c43c5f960526d01','{\"language\":\"ru-ru\",\"currency\":\"RUB\"}','2020-03-02 21:38:50'),('bb009965045f2f6cc38edaaf6d','{\"language\":\"ru-ru\",\"currency\":\"RUB\"}','2020-03-03 23:28:15'),('bb059f3286767004f1a79b8a16','{\"language\":\"ru-ru\",\"currency\":\"RUB\"}','2020-09-22 09:47:25'),('bb0d101ee3768a63f1cf1011c8','{\"language\":\"ru-ru\",\"currency\":\"RUB\"}','2020-02-19 02:50:48'),('bb25a52aaca3c1a111d33e0b5f','{\"language\":\"ru-ru\",\"currency\":\"RUB\"}','2020-02-19 02:49:34'),('bb375873f5d5f75aab29796362','{\"language\":\"ru-ru\",\"currency\":\"RUB\"}','2020-02-19 02:41:33'),('bb40020696dc8249a8cf523dbd','{\"language\":\"ru-ru\",\"currency\":\"RUB\",\"vouchers\":[]}','2020-10-01 03:23:53'),('bb45d5cab9594fdabcb4f5b4ca','{\"language\":\"ru-ru\",\"currency\":\"RUB\"}','2020-06-18 10:07:34'),('bb6728f8a45afdccaede69ebae','{\"language\":\"ru-ru\",\"currency\":\"RUB\"}','2020-02-20 22:31:00'),('bb80f57937d7e9f5df04320b8c','{\"language\":\"ru-ru\",\"currency\":\"RUB\"}','2020-03-03 03:48:12'),('bb86240f8a6b8b53e5b3a5259a','{\"language\":\"ru-ru\",\"currency\":\"RUB\"}','2020-02-19 02:38:14'),('bb960c247bbd25d747adeb806b','{\"language\":\"ru-ru\",\"currency\":\"RUB\"}','2020-09-22 19:43:49'),('bba7abd52032fce58f37c8839d','{\"language\":\"ru-ru\",\"currency\":\"RUB\"}','2020-09-19 19:14:27'),('bbc34ca9ccc0b4793756204e9b','{\"language\":\"ru-ru\",\"currency\":\"RUB\"}','2020-08-09 14:42:21'),('bbc9bad5bc5b0a30bd49b841c0','{\"language\":\"ru-ru\",\"currency\":\"RUB\"}','2020-09-20 17:00:52'),('bbd94946ce4f7478f410bf03d5','{\"language\":\"ru-ru\",\"currency\":\"RUB\"}','2020-07-15 05:38:54'),('bbfb65450f2f7c6fb36d57b56a','{\"language\":\"ru-ru\",\"currency\":\"RUB\"}','2020-09-19 15:46:11'),('bc1c5be82cfcbf06aaa16b4c54','{\"language\":\"ru-ru\",\"currency\":\"RUB\"}','2020-09-16 10:36:29'),('bc46ba66442958e49c4cd483a9','{\"language\":\"ru-ru\",\"currency\":\"RUB\"}','2020-09-22 17:13:44'),('bc46fdd52ee8ba01f0d2a1ebaa','{\"language\":\"ru-ru\",\"currency\":\"RUB\"}','2020-03-24 07:03:07'),('bc4b7c41683fc8278ffcb3a1ec','{\"language\":\"ru-ru\",\"currency\":\"RUB\"}','2020-05-09 09:13:40'),('bc639143f2447883a1e9698d9d','{\"language\":\"ru-ru\",\"currency\":\"RUB\"}','2020-07-15 05:38:32'),('bc6b89965b17fae9f8740e9c64','{\"language\":\"ru-ru\",\"currency\":\"RUB\"}','2020-02-20 21:15:16'),('bc737e2e2d3150e22b8459b8f0','{\"language\":\"ru-ru\",\"currency\":\"RUB\"}','2020-09-02 17:09:38'),('bc82388b1bbfd4362317891250','{\"language\":\"ru-ru\",\"currency\":\"RUB\"}','2020-09-21 00:35:16'),('bc8724c75849f186ee84cf7df6','{\"language\":\"ru-ru\",\"currency\":\"RUB\"}','2020-09-03 19:15:12'),('bc884172e98b5781bb4da9fc9a','{\"language\":\"ru-ru\",\"currency\":\"RUB\"}','2020-09-22 21:46:14'),('bc8e1b32687062190d56bde020','{\"language\":\"ru-ru\",\"currency\":\"RUB\"}','2020-02-19 02:50:22'),('bc946c1facf78b56cd00d7d620','{\"language\":\"ru-ru\",\"currency\":\"RUB\"}','2020-08-21 01:25:17'),('bcb022355525366675e8355e51','{\"language\":\"ru-ru\",\"currency\":\"RUB\"}','2020-02-19 02:35:46'),('bcb734945aaa27f5ee4042d10e','{\"language\":\"ru-ru\",\"currency\":\"RUB\"}','2020-02-19 02:50:42'),('bcc9aaf4dff9129cd4dfeea531','{\"language\":\"ru-ru\",\"currency\":\"RUB\"}','2020-04-06 08:42:38'),('bcf4909c46ac9042b3cdae0721','{\"language\":\"ru-ru\",\"currency\":\"RUB\"}','2020-02-19 02:51:43'),('bcfc2b41d73f1b9883313ff919','{\"language\":\"ru-ru\",\"currency\":\"RUB\"}','2020-02-22 11:19:08'),('bcfed7044a80e7133126e1844f','{\"language\":\"ru-ru\",\"currency\":\"RUB\"}','2020-09-04 16:55:25'),('bd1431395bcd66be64dcee4e11','{\"language\":\"ru-ru\",\"currency\":\"RUB\",\"vouchers\":[]}','2020-03-20 01:33:55'),('bd17d6723258be4468a4b04edd','{\"language\":\"ru-ru\",\"currency\":\"RUB\"}','2020-09-22 13:53:33'),('bd35836dda1ab22a261da1462a','{\"language\":\"ru-ru\",\"currency\":\"RUB\"}','2020-09-22 21:04:00'),('bd4565db8697ce2f2317d5b0be','{\"language\":\"ru-ru\",\"currency\":\"RUB\"}','2020-02-19 02:48:46'),('bd5079eea17dc8a6711cfa09b8','{\"language\":\"ru-ru\",\"currency\":\"RUB\"}','2020-08-11 04:06:35'),('bd6dce4c058b73e2ab5f982b94','{\"language\":\"ru-ru\",\"currency\":\"RUB\"}','2020-09-17 17:52:37'),('bd79d1f75f1fde8fa8fd44a95d','{\"language\":\"ru-ru\",\"currency\":\"RUB\"}','2020-09-20 17:48:12'),('bd7b36fdaadc634bc0f2b4512e','{\"language\":\"ru-ru\",\"currency\":\"RUB\"}','2020-08-24 06:18:55'),('bd91f4033c452fa3af88a4787d','{\"language\":\"ru-ru\",\"currency\":\"RUB\"}','2020-08-14 00:19:29'),('bd9d26bc7729e9fe81abce219b','{\"language\":\"ru-ru\",\"currency\":\"RUB\"}','2020-02-20 05:49:48'),('bdb83f18135639a565e025a191','{\"language\":\"ru-ru\",\"currency\":\"RUB\"}','2020-09-20 15:45:08'),('bdb9912a3b3366b8e99ca4f625','{\"language\":\"ru-ru\",\"currency\":\"RUB\"}','2020-02-20 05:08:19'),('bdcd1966c28fd52adba24195df','{\"language\":\"ru-ru\",\"currency\":\"RUB\"}','2020-03-27 10:35:32'),('bdcdc50023821c89181b6162ef','{\"language\":\"ru-ru\",\"currency\":\"RUB\"}','2020-03-21 18:35:25'),('bdd23b2eacd599045677be15cf','{\"language\":\"ru-ru\",\"currency\":\"RUB\"}','2020-02-21 14:12:51'),('bdd2e61bc2071cf8eadd50478e','{\"language\":\"ru-ru\",\"currency\":\"RUB\",\"redirect\":\"https:\\/\\/umolab.ru\\/shop\\/index.php?route=account\\/wishlist\"}','2020-08-29 16:31:13'),('bde8ddc99c3a144a95c97cb0e1','{\"language\":\"ru-ru\",\"currency\":\"RUB\"}','2020-07-26 22:27:19'),('bdf7f2745843cf1611733819ea','{\"language\":\"ru-ru\",\"currency\":\"RUB\"}','2020-02-19 02:49:50'),('be007d37b63607c9504c732afb','{\"language\":\"ru-ru\",\"currency\":\"RUB\"}','2020-09-05 17:12:02'),('be0d42c09b20542972889de9c4','{\"language\":\"ru-ru\",\"currency\":\"RUB\"}','2020-07-11 21:37:48'),('be107916b723edaff682e49a0a','{\"language\":\"ru-ru\",\"currency\":\"RUB\"}','2020-02-20 10:03:06'),('be14d44b98e1896164d8a65884','{\"language\":\"ru-ru\",\"currency\":\"RUB\"}','2020-09-24 08:29:45'),('be4a0413a57ac107eb7fa9d6e8','{\"language\":\"ru-ru\",\"currency\":\"RUB\"}','2020-06-16 16:10:22'),('be5da073ae355b4413fa229d0d','{\"language\":\"ru-ru\",\"currency\":\"RUB\"}','2020-04-06 12:22:18'),('be60ea3cd77b23b509c763f5c2','{\"language\":\"ru-ru\",\"currency\":\"RUB\"}','2020-09-17 17:33:38'),('be61fc2d205e84a40fd8cf2729','{\"language\":\"ru-ru\",\"currency\":\"RUB\"}','2020-03-19 07:06:54'),('be66ede5d29e3817005440aadd','{\"language\":\"ru-ru\",\"currency\":\"RUB\"}','2020-02-19 02:40:31'),('be6a2b69f716a6903dd39115f8','{\"language\":\"ru-ru\",\"currency\":\"RUB\"}','2020-03-08 09:51:45'),('be7956eeca427c4a802adff5c7','{\"language\":\"ru-ru\",\"currency\":\"RUB\"}','2020-02-19 02:48:39'),('bec7b363ffab5280ff6d75c80c','{\"language\":\"ru-ru\",\"currency\":\"RUB\"}','2020-02-20 05:07:50'),('bed6cdb34ce84be601b0b0dd87','{\"language\":\"ru-ru\",\"currency\":\"RUB\"}','2020-08-10 00:53:48'),('bede420922672dc2bf7a6bfc8f','{\"language\":\"ru-ru\",\"currency\":\"RUB\"}','2020-02-19 02:50:32'),('bee7e1f91cb2243439111c1eec','{\"language\":\"ru-ru\",\"currency\":\"RUB\"}','2020-02-19 02:51:04'),('beea2d595f01a4e7feb07da6e9','{\"language\":\"ru-ru\",\"currency\":\"RUB\"}','2020-04-23 20:03:05'),('beed6ba7d4b5fa32f2765052fe','{\"language\":\"ru-ru\",\"currency\":\"RUB\"}','2020-09-03 23:03:37'),('bf140e7b4e80e26e8634233344','{\"language\":\"ru-ru\",\"currency\":\"RUB\",\"redirect\":\"https:\\/\\/umolab.ru\\/shop\\/index.php?route=account\\/order\"}','2020-08-05 13:00:35'),('bf1f9112006a2575f799e5e995','{\"language\":\"ru-ru\",\"currency\":\"RUB\"}','2020-09-17 18:10:12'),('bf24cb2d7e5979779a463911bf','{\"language\":\"ru-ru\",\"currency\":\"RUB\"}','2020-09-18 14:50:20'),('bf2c30fe7c5ac9ba26fb4d112a','{\"language\":\"ru-ru\",\"currency\":\"RUB\"}','2020-07-16 09:03:47'),('bf5261e108fc782f7dac49a9a1','{\"language\":\"ru-ru\",\"currency\":\"RUB\"}','2020-02-20 05:15:00'),('bf734e458d817ec0579f9eb47a','{\"language\":\"ru-ru\",\"currency\":\"RUB\"}','2020-02-21 13:35:34'),('bf78ccfd8c3b8cb1ef9d5b9437','{\"language\":\"ru-ru\",\"currency\":\"RUB\"}','2020-03-01 22:00:15'),('bf8edfbeeb43266616e7306942','{\"language\":\"ru-ru\",\"currency\":\"RUB\"}','2020-07-30 01:50:43'),('bf9348d5065b7d7807da1e3789','{\"language\":\"ru-ru\",\"currency\":\"RUB\"}','2020-02-20 16:12:58'),('bfa4e1fe3ef757f1015a772d84','{\"language\":\"ru-ru\",\"currency\":\"RUB\"}','2020-02-27 02:49:32'),('bfa6d751a654d82abdffe37908','{\"language\":\"ru-ru\",\"currency\":\"RUB\"}','2020-08-13 02:46:26'),('bfa7710fb9adcb46a5096f73b4','{\"language\":\"ru-ru\",\"currency\":\"RUB\"}','2020-02-19 02:40:14'),('bfb5005d05107892cca23ddcd8','{\"language\":\"ru-ru\",\"currency\":\"RUB\"}','2020-02-22 11:48:15'),('bfb83075cd270dd3a29477f4e5','{\"language\":\"ru-ru\",\"currency\":\"RUB\",\"redirect\":\"https:\\/\\/umolab.ru\\/shop\\/index.php?route=account\\/order\"}','2020-03-13 03:48:23'),('bfc4416846dc2e7e3468b3faf2','{\"language\":\"ru-ru\",\"currency\":\"RUB\"}','2020-09-13 05:32:20'),('bfe8d880049a9c82de8e1fed08','{\"language\":\"ru-ru\",\"currency\":\"RUB\"}','2020-09-21 20:55:36'),('bff0917819cb0761b30cb11949','{\"language\":\"ru-ru\",\"currency\":\"RUB\"}','2020-02-20 05:06:24'),('bff643cb5258f337d74ef617e2','{\"language\":\"ru-ru\",\"currency\":\"RUB\"}','2020-02-20 05:06:44'),('c0127010e9438779f42a66cabd','{\"language\":\"ru-ru\",\"currency\":\"RUB\"}','2020-02-20 05:09:39'),('c01316a7eaf8481953dc8205cd','{\"language\":\"ru-ru\",\"currency\":\"RUB\"}','2020-04-04 09:42:03'),('c0137ef62686d53ef4c4a699ab','{\"language\":\"ru-ru\",\"currency\":\"RUB\"}','2020-09-17 19:44:52'),('c02166de1a570cc78ecb81344b','{\"language\":\"ru-ru\",\"currency\":\"RUB\"}','2020-03-20 13:42:41'),('c03e5b8b271efc9db6d2cc05b9','{\"language\":\"ru-ru\",\"currency\":\"RUB\"}','2020-07-30 01:50:45'),('c0401a88909d0a77d34bf8a3de','{\"language\":\"ru-ru\",\"currency\":\"RUB\"}','2020-09-28 11:09:44'),('c050a1e2e8d01646f33e44ce01','{\"language\":\"ru-ru\",\"currency\":\"RUB\"}','2020-03-09 04:39:16'),('c06bd74b968170011fa8bbb751','{\"language\":\"en-gb\",\"currency\":\"RUB\"}','2020-03-28 12:15:27'),('c06bf76ab1091b5e730ea63e50','{\"language\":\"ru-ru\",\"currency\":\"RUB\"}','2020-04-21 00:30:16'),('c073eeee0a332518e6378fe0a0','{\"language\":\"ru-ru\",\"currency\":\"RUB\"}','2020-02-20 05:10:02'),('c08df16e1e52c9cf7bd36b0468','{\"language\":\"ru-ru\",\"currency\":\"RUB\"}','2020-09-02 16:33:00'),('c0959b5ab41cecccebb4bc76d2','{\"language\":\"ru-ru\",\"currency\":\"RUB\"}','2020-07-29 21:58:38'),('c09d4b12364abf5c772da56829','{\"language\":\"ru-ru\",\"currency\":\"RUB\"}','2020-02-20 15:54:10'),('c0a04ccfd49a168abd4eceaa19','{\"language\":\"ru-ru\",\"currency\":\"RUB\"}','2020-05-24 01:01:25'),('c0b18fe704512cffb3c5fd1e68','{\"language\":\"ru-ru\",\"currency\":\"RUB\"}','2020-02-20 05:05:45'),('c0b3c5a9596644a4de72b4563c','{\"language\":\"ru-ru\",\"currency\":\"RUB\"}','2020-02-19 02:52:41'),('c0b3d82fc4d1c5b76ed2aa316f','{\"language\":\"ru-ru\",\"currency\":\"RUB\"}','2020-02-19 02:40:11'),('c0b6408a0c7f7fd514862f2ecf','{\"language\":\"ru-ru\",\"currency\":\"RUB\"}','2020-09-23 04:05:33'),('c0c7f7e0252e055f2e0344d1af','{\"language\":\"ru-ru\",\"currency\":\"RUB\"}','2020-09-24 18:57:37'),('c0c8314e09ea33626b1a380cc3','{\"language\":\"ru-ru\",\"currency\":\"RUB\"}','2020-07-04 13:25:08'),('c0ce4ba909d5f9863268391848','{\"language\":\"ru-ru\",\"currency\":\"RUB\"}','2020-02-19 02:44:23'),('c0d804c5516541481187fd5af9','{\"language\":\"ru-ru\",\"currency\":\"RUB\"}','2020-02-21 16:31:04'),('c0db4ab1467186a8e061c7d03d','{\"language\":\"ru-ru\",\"currency\":\"RUB\"}','2020-02-19 02:40:28'),('c0dedd732d50015f5c1f96557d','{\"language\":\"ru-ru\",\"currency\":\"RUB\"}','2020-05-07 01:09:51'),('c0f2bbe29045daeecb627d0927','{\"language\":\"ru-ru\",\"currency\":\"RUB\"}','2020-09-21 16:40:52'),('c0fc14440d708c3ed2ecbb0061','{\"language\":\"ru-ru\",\"currency\":\"RUB\"}','2020-02-21 14:12:12'),('c103d19ac31a7df5b5193e5e90','{\"language\":\"ru-ru\",\"currency\":\"RUB\",\"vouchers\":[]}','2020-09-20 13:55:14'),('c11db86fac7a2258b2cb12f634','{\"language\":\"ru-ru\",\"currency\":\"RUB\"}','2020-02-19 02:36:13'),('c1214fc9714341b2dd90317b4d','{\"language\":\"ru-ru\",\"currency\":\"RUB\"}','2020-02-19 02:37:04'),('c1267549db9475757c80d303f7','{\"language\":\"ru-ru\",\"currency\":\"RUB\"}','2020-09-23 13:05:09'),('c1340d6530ee40a428172fa502','{\"language\":\"ru-ru\",\"currency\":\"RUB\"}','2020-02-20 10:41:58'),('c13496f64f8281151cd616c2db','{\"language\":\"ru-ru\",\"currency\":\"RUB\"}','2020-02-19 02:38:36'),('c1524c0a723d5557ce8d0d6ccb','{\"language\":\"ru-ru\",\"currency\":\"RUB\"}','2020-07-06 13:03:35'),('c152ec9f12e7c1258ce77f6fc4','{\"language\":\"ru-ru\",\"currency\":\"RUB\"}','2020-04-02 15:52:31'),('c16fc27653734db5692a65f64a','{\"language\":\"ru-ru\",\"currency\":\"RUB\"}','2020-02-20 20:47:30'),('c17f296ee6c9e3fe5bfa047ac8','{\"language\":\"ru-ru\",\"currency\":\"RUB\"}','2020-05-18 11:32:34'),('c1836f8cac95c69939264d2dfe','{\"language\":\"ru-ru\",\"currency\":\"RUB\"}','2020-09-22 13:34:37'),('c1b7143748d21e56dc72619f58','{\"language\":\"ru-ru\",\"currency\":\"RUB\"}','2020-04-03 01:55:20'),('c1e24806107f73bf97a2de2c27','{\"language\":\"ru-ru\",\"currency\":\"RUB\"}','2020-02-22 11:31:16'),('c1e859f1d82ce3627b60e65fb5','{\"language\":\"ru-ru\",\"currency\":\"RUB\"}','2020-09-24 04:14:09'),('c219b592d70e733d6d0edd0dc6','{\"language\":\"ru-ru\",\"currency\":\"RUB\"}','2020-02-20 07:03:14'),('c21b50a1aa15b7a8edcd7920c1','{\"language\":\"ru-ru\",\"currency\":\"RUB\"}','2020-10-02 08:11:28'),('c2314153b860d47769153cf6c4','{\"language\":\"ru-ru\",\"currency\":\"RUB\"}','2020-03-05 15:37:54'),('c23ec09568c198457ed6e38b82','{\"language\":\"ru-ru\",\"currency\":\"RUB\"}','2020-02-19 02:46:48'),('c2400d77dbce00c06d068ee887','{\"language\":\"ru-ru\",\"currency\":\"RUB\"}','2020-02-20 23:08:51'),('c2447cd610555f9ff0bb66f3bf','{\"language\":\"ru-ru\",\"currency\":\"RUB\"}','2020-09-20 21:25:56'),('c24520d191a108eb157ed6c792','{\"language\":\"ru-ru\",\"currency\":\"RUB\"}','2020-06-14 19:55:38'),('c274ca1751f5f4377d0d46461e','{\"language\":\"ru-ru\",\"currency\":\"RUB\"}','2020-02-19 02:47:22'),('c2a90e691bdd8d7420b9d73cca','{\"language\":\"ru-ru\",\"currency\":\"RUB\"}','2020-02-20 05:10:00'),('c2b94579f41b59670ea2af11bc','{\"language\":\"ru-ru\",\"currency\":\"RUB\"}','2020-09-24 18:59:55'),('c2dd4648a6d63eacfea7ad68f8','{\"language\":\"ru-ru\",\"currency\":\"RUB\"}','2020-09-21 07:41:16'),('c2ecd366475aa02cb862347c58','{\"language\":\"ru-ru\",\"currency\":\"RUB\"}','2020-02-19 02:40:39'),('c2f0cc559705caae874441a194','{\"language\":\"ru-ru\",\"currency\":\"RUB\"}','2020-02-19 02:50:10'),('c2f46bc54b8b5caeb07382d6a2','{\"language\":\"ru-ru\",\"currency\":\"RUB\"}','2020-09-13 05:32:18'),('c2ff59ce2a73d7f1b885589fb9','{\"language\":\"ru-ru\",\"currency\":\"RUB\"}','2020-02-20 05:11:35'),('c30c47f30715a9288c76f419dc','{\"language\":\"ru-ru\",\"currency\":\"RUB\",\"redirect\":\"https:\\/\\/umolab.ru\\/shop\\/index.php?route=account\\/account\"}','2020-07-24 04:41:00'),('c30cc69e3fc0a50bbe59166f25','{\"language\":\"ru-ru\",\"currency\":\"RUB\"}','2020-09-19 19:44:40'),('c30dc7a309ead240d156dfb8a7','{\"language\":\"ru-ru\",\"currency\":\"RUB\"}','2020-09-19 20:44:08'),('c30e2b4c456a4c77f6dd0086f9','{\"language\":\"en-gb\",\"currency\":\"RUB\"}','2020-05-18 21:25:51'),('c315a77eda079857683f07b278','{\"language\":\"ru-ru\",\"currency\":\"RUB\"}','2020-06-30 15:51:55'),('c31bcad25672d7bf6ed94e8ce8','{\"language\":\"ru-ru\",\"currency\":\"RUB\"}','2020-09-23 19:14:33'),('c31d96ba287f78066a04fea51a','{\"language\":\"ru-ru\",\"currency\":\"RUB\"}','2020-02-19 02:51:36'),('c31ec3330c412eaf8a1559b54a','{\"language\":\"ru-ru\",\"currency\":\"RUB\"}','2020-06-23 20:38:03'),('c33c625d470e56908ad15a7d8a','{\"language\":\"ru-ru\",\"currency\":\"RUB\"}','2020-02-20 05:11:48'),('c34f65d194b7af7b126be97f40','{\"language\":\"ru-ru\",\"currency\":\"RUB\"}','2020-03-01 00:44:16'),('c359bfd4f81d6f55ebeb1968ef','{\"language\":\"ru-ru\",\"currency\":\"RUB\"}','2020-02-21 14:09:02'),('c366c057f0468450f2b05d6f3c','{\"language\":\"ru-ru\",\"currency\":\"RUB\"}','2020-04-11 01:47:10'),('c36e86138bbab5108bae395206','{\"language\":\"ru-ru\",\"currency\":\"RUB\"}','2020-02-19 02:29:41'),('c37a7aa5c5d1875829ce676c82','{\"language\":\"ru-ru\",\"currency\":\"RUB\"}','2020-02-20 05:11:05'),('c389ef5dbb68481071569bc122','{\"language\":\"ru-ru\",\"currency\":\"RUB\"}','2020-09-14 16:21:43'),('c3ac28f261793edbbef8029c86','{\"language\":\"ru-ru\",\"currency\":\"RUB\"}','2020-02-19 02:40:10'),('c3ce18e37052c7cbca94c60ef7','{\"language\":\"ru-ru\",\"currency\":\"RUB\"}','2020-09-15 11:11:30'),('c3d2ff96620845f1fa49a467d5','{\"language\":\"ru-ru\",\"currency\":\"RUB\"}','2020-04-07 15:44:34'),('c3d902d51a2da81c308177ecc5','{\"language\":\"ru-ru\",\"currency\":\"RUB\"}','2020-04-03 10:21:33'),('c3f1b15aba414e4698273e0fc1','{\"language\":\"ru-ru\",\"currency\":\"RUB\"}','2020-02-19 02:41:31'),('c3fc282ce4b672cf96f5793536','{\"language\":\"ru-ru\",\"currency\":\"RUB\"}','2020-09-18 12:09:23'),('c408f01c00722164cd2bdf4d0b','{\"language\":\"ru-ru\",\"currency\":\"RUB\"}','2020-09-20 19:51:16'),('c40ebb522636a97ef43cbfdaf4','{\"language\":\"ru-ru\",\"currency\":\"RUB\"}','2020-09-16 06:29:58'),('c423f0fdd4eb8564f3be74bfb5','{\"language\":\"en-gb\",\"currency\":\"RUB\"}','2020-02-07 15:00:24'),('c44baae3029683a2edb75d0a3f','{\"language\":\"ru-ru\",\"currency\":\"RUB\"}','2020-09-20 21:16:28'),('c452c56db016ccba85497aa058','{\"language\":\"ru-ru\",\"currency\":\"RUB\"}','2020-02-19 02:45:02'),('c457fb6cb18b64ab8455fc71f7','{\"language\":\"ru-ru\",\"currency\":\"RUB\"}','2020-02-21 14:10:30'),('c45881a9949fb03a94bb29c315','{\"language\":\"ru-ru\",\"currency\":\"RUB\"}','2020-02-21 14:09:27'),('c46130d1240d968bb1ada89f90','{\"language\":\"ru-ru\",\"currency\":\"RUB\"}','2020-09-21 02:04:02'),('c462c441e4a264d7a463aa94b5','{\"language\":\"ru-ru\",\"currency\":\"RUB\"}','2020-06-19 23:33:49'),('c4670c85af070bf0e26bb0149b','{\"language\":\"ru-ru\",\"currency\":\"RUB\"}','2020-09-17 18:57:32'),('c47cd0b37c127534585ebb6c95','{\"language\":\"ru-ru\",\"currency\":\"RUB\"}','2020-09-16 06:20:57'),('c48c7695ef6bf5cf7241e55c7a','{\"language\":\"ru-ru\",\"currency\":\"RUB\"}','2020-07-18 18:26:20'),('c48cf634f5de0b3bcc98d80a83','{\"language\":\"ru-ru\",\"currency\":\"RUB\"}','2020-02-21 03:06:23'),('c4a553088fee2218e0f9004868','{\"language\":\"ru-ru\",\"currency\":\"RUB\"}','2020-02-19 02:50:40'),('c4aa91b116de299a118361f8d9','{\"language\":\"ru-ru\",\"currency\":\"RUB\"}','2020-02-19 02:48:43'),('c4ab57c508e0cf41a08bc45eda','{\"language\":\"ru-ru\",\"currency\":\"RUB\"}','2020-08-04 14:06:21'),('c4b8cbb6710936382319ade2d8','{\"language\":\"ru-ru\",\"currency\":\"RUB\"}','2020-09-20 05:54:28'),('c4c07ebe055dc53edb2b9d273d','{\"language\":\"ru-ru\",\"currency\":\"RUB\"}','2020-09-04 12:17:56'),('c4d134893ca1534cae0e8d0c86','{\"language\":\"ru-ru\",\"currency\":\"RUB\",\"compare\":[]}','2020-05-02 06:56:35'),('c4d7a45210781e6dafec550694','{\"language\":\"ru-ru\",\"currency\":\"RUB\"}','2020-02-20 05:16:23'),('c4de547e61668cfcdcf60bd5c3','{\"language\":\"ru-ru\",\"currency\":\"RUB\"}','2020-02-22 11:08:47'),('c4e2842a1caa1d47548b1f51bf','{\"language\":\"ru-ru\",\"currency\":\"RUB\"}','2020-02-19 02:48:40'),('c4efbc03aac55a1786c4696ca8','{\"language\":\"ru-ru\",\"currency\":\"RUB\"}','2020-06-22 19:23:51'),('c4f3f1eec153c86e39e4cf0d1d','{\"language\":\"ru-ru\",\"currency\":\"RUB\"}','2020-09-20 17:19:48'),('c4ffdf5d0634fddf21835ad3e0','{\"language\":\"ru-ru\",\"currency\":\"RUB\"}','2020-02-19 02:29:50'),('c50fabd4ce98b28d36da6f4a1a','{\"language\":\"ru-ru\",\"currency\":\"RUB\",\"redirect\":\"https:\\/\\/umolab.ru\\/shop\\/index.php?route=account\\/wishlist\"}','2020-10-02 17:05:31'),('c51d55031278f65ea50f5f34dd','{\"language\":\"ru-ru\",\"currency\":\"RUB\"}','2020-02-19 02:50:41'),('c521db75ea869ebcda39fd2ac1','{\"language\":\"ru-ru\",\"currency\":\"RUB\"}','2020-02-20 05:12:33'),('c52c2eda95c486ab69ee5bae90','{\"language\":\"ru-ru\",\"currency\":\"RUB\"}','2020-02-22 11:15:48'),('c532e2fd14529acb6a0e25e98b','{\"language\":\"ru-ru\",\"currency\":\"RUB\"}','2020-09-18 05:50:47'),('c551c6c60ccd472bdd48730fdb','{\"language\":\"ru-ru\",\"currency\":\"RUB\"}','2020-07-18 05:09:22'),('c5542fec8fc111e9ff2120b3d9','{\"language\":\"ru-ru\",\"currency\":\"RUB\"}','2020-02-22 11:37:36'),('c5670c8e5b13e685d4689dfe0b','{\"language\":\"ru-ru\",\"currency\":\"RUB\"}','2020-03-05 18:15:36'),('c585ef949a0b5065567a2ee0c3','{\"language\":\"ru-ru\",\"currency\":\"RUB\"}','2020-09-21 03:24:34'),('c58b6be5b2299a708d7f24b5f8','{\"language\":\"ru-ru\",\"currency\":\"RUB\"}','2020-09-24 09:07:37'),('c58bbd7cd2232948a86a35eeb6','{\"language\":\"ru-ru\",\"currency\":\"RUB\"}','2020-02-20 05:09:01'),('c58ca1959c139fd3b8f74ad16f','{\"language\":\"ru-ru\",\"currency\":\"RUB\"}','2020-06-18 14:40:52'),('c5953b2346f26d1be618b3af18','{\"language\":\"ru-ru\",\"currency\":\"RUB\"}','2020-06-23 01:47:50'),('c59b49293da30b5d6c214fae3e','{\"language\":\"ru-ru\",\"currency\":\"RUB\"}','2020-02-19 02:51:45'),('c5b839683eaf54fef1254805ab','{\"language\":\"ru-ru\",\"currency\":\"RUB\"}','2020-09-23 18:37:49'),('c5cb212241f8dc1b3571228a38','{\"language\":\"en-gb\",\"currency\":\"RUB\"}','2020-07-09 11:02:23'),('c5dc5336e1d32b9c6126d8f626','{\"language\":\"ru-ru\",\"currency\":\"RUB\"}','2020-02-19 02:50:30'),('c5dd1a2d78b7cbefc42914588b','{\"language\":\"ru-ru\",\"currency\":\"RUB\"}','2020-09-17 17:37:00'),('c5ed7ffea6b9ba5301cf917e9d','{\"language\":\"ru-ru\",\"currency\":\"RUB\"}','2020-09-25 20:05:45'),('c5ed96b63952307a7011baee3d','{\"language\":\"ru-ru\",\"currency\":\"RUB\"}','2020-02-19 02:52:51'),('c5ee99c214ef697feaf583a547','{\"language\":\"ru-ru\",\"currency\":\"RUB\"}','2020-02-19 02:39:49'),('c5f4ec676f5d9bcf7b07650769','{\"language\":\"ru-ru\",\"currency\":\"RUB\"}','2020-03-05 21:19:46'),('c5f9b9c8449527d41908d3e9e5','{\"language\":\"ru-ru\",\"currency\":\"RUB\"}','2020-09-19 14:51:57'),('c61c33cc75544d0818b62188fd','{\"language\":\"ru-ru\",\"currency\":\"RUB\"}','2020-07-22 04:35:15'),('c61cb0807dc9fe0fc9e1c98de7','{\"language\":\"ru-ru\",\"currency\":\"RUB\"}','2020-04-15 10:26:35'),('c6243640dfa3c5917c5beb52b5','{\"language\":\"ru-ru\",\"currency\":\"RUB\"}','2020-03-02 11:56:26'),('c625d96e01e08cbdc442acf983','{\"language\":\"ru-ru\",\"currency\":\"RUB\",\"redirect\":\"https:\\/\\/umolab.ru\\/shop\\/index.php?route=account\\/wishlist\"}','2020-09-20 23:33:20'),('c62b13f2b3a7cdf9965f8b6517','{\"language\":\"ru-ru\",\"currency\":\"RUB\"}','2020-02-19 02:47:06'),('c62d527727a48339ef5be6ebc0','{\"language\":\"ru-ru\",\"currency\":\"RUB\"}','2020-07-01 16:32:14'),('c6453b744077bf5c89c6e441e2','{\"language\":\"ru-ru\",\"currency\":\"RUB\"}','2020-09-06 20:26:34'),('c647d065060a2c1911250e84b7','{\"language\":\"ru-ru\",\"currency\":\"RUB\"}','2020-09-24 04:23:37'),('c64b977e4f9e0c3fb97dc62199','{\"language\":\"ru-ru\",\"currency\":\"RUB\",\"compare\":[]}','2020-09-17 20:13:54'),('c65dce26c6ed076e395ce8a05e','{\"language\":\"ru-ru\",\"currency\":\"RUB\"}','2020-02-21 00:01:10'),('c66a5efa8a630ea184453c38a7','{\"language\":\"ru-ru\",\"currency\":\"RUB\"}','2020-09-18 01:05:47'),('c6782e7be2a93abb2f115bca9f','{\"language\":\"en-gb\",\"currency\":\"RUB\"}','2020-05-18 21:25:50'),('c68ccef3b5653c4fb8925c485b','{\"language\":\"ru-ru\",\"currency\":\"RUB\"}','2020-02-19 02:41:21'),('c6a14505f3e6d357aa2c1a3a3d','{\"language\":\"ru-ru\",\"currency\":\"RUB\"}','2020-03-10 13:45:38'),('c6ab91d1cb5a4fbf5ecce4e974','{\"language\":\"ru-ru\",\"currency\":\"RUB\"}','2020-02-27 02:58:04'),('c6b1b191bcd76041e669069eb7','{\"language\":\"ru-ru\",\"currency\":\"RUB\"}','2020-06-30 06:21:57'),('c6b1f45b40df1f07b3fd708b10','{\"language\":\"ru-ru\",\"currency\":\"RUB\"}','2020-02-21 14:12:42'),('c6c0008eaadf9d196b76c3bf6f','{\"language\":\"ru-ru\",\"currency\":\"RUB\"}','2020-02-21 14:11:30'),('c6c525ab5b7d8b920731e56e07','{\"language\":\"ru-ru\",\"currency\":\"RUB\"}','2020-03-12 13:49:55'),('c6d181245d21f923bd00580897','{\"language\":\"ru-ru\",\"currency\":\"RUB\"}','2020-05-30 14:07:22'),('c6fa4116d82ac048b11d213ced','{\"language\":\"ru-ru\",\"currency\":\"RUB\"}','2020-09-23 14:13:20'),('c6fe5373432aa074b0a1f0c29b','{\"language\":\"en-gb\",\"currency\":\"RUB\"}','2020-07-11 12:59:15'),('c6ff7b98488516bb56f8d9862d','{\"language\":\"ru-ru\",\"currency\":\"RUB\"}','2020-06-18 20:29:32'),('c70f41b13e24a3d57914985c04','{\"language\":\"ru-ru\",\"currency\":\"RUB\"}','2020-02-19 02:52:36'),('c728ef5118452d3e617ba760c4','{\"language\":\"ru-ru\",\"currency\":\"RUB\"}','2020-09-16 06:32:50'),('c7366621031c1c0dfc289f2677','{\"language\":\"ru-ru\",\"currency\":\"RUB\"}','2020-02-19 02:51:14'),('c738b84187aff88465da92c439','{\"language\":\"ru-ru\",\"currency\":\"RUB\"}','2020-02-21 03:05:31'),('c74aafeb59c9b4a3565e95a5a2','{\"language\":\"ru-ru\",\"currency\":\"RUB\"}','2020-03-03 10:01:51'),('c7536695bd7b35b1b7cd2c77f0','{\"language\":\"ru-ru\",\"currency\":\"RUB\"}','2020-02-19 02:49:22'),('c75b6ff35db924d08256e28e6a','{\"language\":\"ru-ru\",\"currency\":\"RUB\"}','2020-09-23 18:44:37'),('c75d0d3b1bf9f6bd71a452b223','{\"language\":\"ru-ru\",\"currency\":\"RUB\"}','2020-02-20 05:16:06'),('c7645a58ec666182ebf27fee92','{\"language\":\"ru-ru\",\"currency\":\"RUB\"}','2020-02-19 02:49:28'),('c775323a059723f031d85d39d6','{\"language\":\"ru-ru\",\"currency\":\"RUB\"}','2020-02-21 14:10:56'),('c77a67a091dcbbe8a3ab86b666','{\"language\":\"ru-ru\",\"currency\":\"RUB\"}','2020-02-20 20:00:37'),('c789e403ef44b563895d523f3e','{\"language\":\"ru-ru\",\"currency\":\"RUB\"}','2020-09-21 01:51:00'),('c78e6385c190e9e4c3d2604484','{\"language\":\"ru-ru\",\"currency\":\"RUB\"}','2020-02-19 02:51:41'),('c78f2f112365647dadf0ca168c','{\"language\":\"ru-ru\",\"currency\":\"RUB\"}','2020-06-21 20:17:31'),('c79520d723ad75383d529a9677','{\"language\":\"ru-ru\",\"currency\":\"RUB\"}','2020-02-21 14:22:30'),('c797e611ec752ed791a726bc42','{\"language\":\"ru-ru\",\"currency\":\"RUB\"}','2020-04-12 07:05:36'),('c7c8c39f29ed3d41719279dc5c','{\"language\":\"ru-ru\",\"currency\":\"RUB\"}','2020-09-16 06:30:43'),('c7d5170e0ef913f974cf260af1','{\"language\":\"ru-ru\",\"currency\":\"RUB\"}','2020-02-21 14:13:16'),('c7ecedc2d8e3c155c62a727a59','{\"language\":\"ru-ru\",\"currency\":\"RUB\",\"redirect\":\"https:\\/\\/umolab.ru\\/shop\\/index.php?route=account\\/download\"}','2020-09-03 18:47:42'),('c7edbc545f22da9c48cd376b10','{\"language\":\"ru-ru\",\"currency\":\"RUB\"}','2020-03-27 18:42:29'),('c7efa2069c094cdefe0b58816c','{\"language\":\"ru-ru\",\"currency\":\"RUB\"}','2020-07-08 17:54:46'),('c7f7097aa67a6a29b241c0bfdb','{\"language\":\"ru-ru\",\"currency\":\"RUB\"}','2020-06-21 10:18:17'),('c7fe6aaafe41ffdaae2b6a036c','{\"language\":\"ru-ru\",\"currency\":\"RUB\"}','2020-03-02 12:45:23'),('c814b31e6e65ead5719cb7ff01','{\"language\":\"ru-ru\",\"currency\":\"RUB\"}','2020-08-04 23:33:37'),('c82e118097e963b0947735d3a3','{\"language\":\"ru-ru\",\"currency\":\"RUB\"}','2020-02-21 14:14:52'),('c835c57c692b0b00a382c8f013','{\"language\":\"ru-ru\",\"currency\":\"RUB\"}','2020-09-22 06:28:37'),('c83793c7c0eb0465562852b514','{\"language\":\"ru-ru\",\"currency\":\"RUB\"}','2020-09-24 11:29:37'),('c8428f39f9196b12d075a40768','{\"language\":\"ru-ru\",\"currency\":\"RUB\"}','2020-02-19 02:39:10'),('c8585a29745bb9c284419fa186','{\"language\":\"ru-ru\",\"currency\":\"RUB\"}','2020-02-19 02:39:27'),('c85b3f0d721e4604a99e21d6ae','{\"language\":\"ru-ru\",\"currency\":\"RUB\"}','2020-02-26 03:31:50'),('c87192719266cee19f0a029569','{\"language\":\"ru-ru\",\"currency\":\"RUB\",\"vouchers\":[]}','2020-09-26 11:54:19'),('c8807ccd9c74f59dab6a7320b0','{\"language\":\"ru-ru\",\"currency\":\"RUB\"}','2020-04-22 13:08:27'),('c88323f7343b8c2fb741ba8a91','{\"language\":\"ru-ru\",\"currency\":\"RUB\"}','2020-07-01 18:29:51'),('c8875934ff6d1cf11563a2e1c0','{\"language\":\"ru-ru\",\"currency\":\"RUB\"}','2020-07-13 02:25:30'),('c88beb349329a614052ff29c86','{\"language\":\"ru-ru\",\"currency\":\"RUB\"}','2020-09-17 23:47:29'),('c8922c760aefacfb0f076b9031','{\"language\":\"ru-ru\",\"currency\":\"RUB\"}','2020-03-10 21:22:23'),('c89ae6c9141be0305bbdbb605b','{\"language\":\"ru-ru\",\"currency\":\"RUB\"}','2020-02-20 05:10:37'),('c8a232b5a1a3a5724e2c56628b','{\"language\":\"ru-ru\",\"currency\":\"RUB\"}','2020-07-10 02:30:01'),('c8a86bef4a867b18dd9153151f','{\"language\":\"ru-ru\",\"currency\":\"RUB\"}','2020-04-04 17:08:55'),('c8ac8ab71c4687256b7ea56d17','{\"language\":\"ru-ru\",\"currency\":\"RUB\",\"compare\":[]}','2020-08-25 23:21:03'),('c8bf391daf56e7403b02f460ef','{\"language\":\"ru-ru\",\"currency\":\"RUB\"}','2020-02-19 02:40:49'),('c8da003ba0cd0734ef9c9a373d','{\"language\":\"ru-ru\",\"currency\":\"RUB\"}','2020-02-20 05:08:49'),('c8e068ccf6c11ee4aef5d9d3f7','{\"language\":\"ru-ru\",\"currency\":\"RUB\"}','2020-10-01 03:53:39'),('c8ed0b3a8d54187b737de2b032','{\"language\":\"ru-ru\",\"currency\":\"RUB\"}','2020-05-19 08:25:26'),('c8fa92b36446c306724cd029a3','{\"language\":\"ru-ru\",\"currency\":\"RUB\"}','2020-02-20 05:05:54'),('c9275b2f1086ba22c2ac3e79d0','{\"language\":\"ru-ru\",\"currency\":\"RUB\"}','2020-09-18 07:38:22'),('c944beb2206519c0fd25e102dd','{\"language\":\"ru-ru\",\"currency\":\"RUB\"}','2020-02-22 23:37:42'),('c94cbf6273290a90353ae12f0a','{\"language\":\"ru-ru\",\"currency\":\"RUB\"}','2020-02-22 11:05:52'),('c9672df420f30c5eeeff72c68c','{\"language\":\"ru-ru\",\"currency\":\"RUB\"}','2020-02-19 02:37:26'),('c9956ada3b57903f467e374f6b','{\"language\":\"ru-ru\",\"currency\":\"RUB\"}','2020-02-20 05:05:51'),('c9963f4d196d84c92c9785f9ca','{\"language\":\"ru-ru\",\"currency\":\"RUB\"}','2020-09-18 02:13:00'),('c9bf283cd0ef12620655f1aab4','{\"language\":\"ru-ru\",\"currency\":\"RUB\"}','2020-02-20 05:10:47'),('c9e4c84fcd4442af4962865c1a','{\"language\":\"ru-ru\",\"currency\":\"RUB\"}','2020-03-05 12:00:35'),('c9e94f7de410b3097315c4b8cd','{\"language\":\"ru-ru\",\"currency\":\"RUB\"}','2020-02-20 05:11:24'),('ca15d9a29c5fe4b55fcf2546b0','{\"language\":\"ru-ru\",\"currency\":\"RUB\"}','2020-09-18 10:53:40'),('ca1d3934b31197549d4f6798b2','{\"language\":\"ru-ru\",\"currency\":\"RUB\"}','2020-09-23 10:05:17'),('ca2b9dd515d140ca3f7caa1e9e','{\"language\":\"ru-ru\",\"currency\":\"RUB\"}','2020-05-23 23:51:11'),('ca3f347eecaa2a927c4e6a1bd3','{\"language\":\"ru-ru\",\"currency\":\"RUB\"}','2020-03-07 16:10:12'),('ca3f768b117e9e44f8dca1617a','{\"language\":\"ru-ru\",\"currency\":\"RUB\"}','2020-08-11 04:06:53'),('ca43d7409ea07f72b38b4c69e7','{\"language\":\"ru-ru\",\"currency\":\"RUB\"}','2020-09-14 23:00:02'),('ca44bc4c793e829e7482ea9191','{\"language\":\"ru-ru\",\"currency\":\"RUB\"}','2020-09-24 08:58:09'),('ca5be46182130e7c74cce1521b','{\"language\":\"ru-ru\",\"currency\":\"RUB\"}','2020-02-22 11:05:42'),('ca7604b5d009725c622803347c','{\"language\":\"ru-ru\",\"currency\":\"RUB\"}','2020-04-11 07:05:06'),('cab4da4424f8c2a81537ffc328','{\"language\":\"ru-ru\",\"currency\":\"RUB\"}','2020-09-17 17:38:10'),('cab68226be87a38e8dbcd13e16','{\"language\":\"ru-ru\",\"currency\":\"RUB\"}','2020-02-19 02:39:18'),('cacaa4851d9a0d06fd77d2b33e','{\"language\":\"ru-ru\",\"currency\":\"RUB\"}','2020-02-28 21:12:09'),('cacafebb38547aaf54e01dd9b7','{\"language\":\"ru-ru\",\"currency\":\"RUB\"}','2020-08-21 16:42:08'),('cacce6332ad91068faee620a23','{\"language\":\"ru-ru\",\"currency\":\"RUB\"}','2020-02-20 21:55:37'),('cad2c00a8ab0f363fb0ba5f26e','{\"language\":\"ru-ru\",\"currency\":\"RUB\"}','2020-06-03 10:32:34'),('cadbc426d1163835e07bc382df','{\"language\":\"ru-ru\",\"currency\":\"RUB\"}','2020-02-20 05:07:53'),('cae0532cd2b55bec2f153f6d3f','{\"language\":\"ru-ru\",\"currency\":\"RUB\"}','2020-02-19 02:40:38'),('cae35ed78251a85cd5955626e9','{\"language\":\"ru-ru\",\"currency\":\"RUB\"}','2020-09-21 01:03:40'),('cae8a8c3c8bebbe2f1ad79df82','{\"language\":\"ru-ru\",\"currency\":\"RUB\"}','2020-02-20 21:53:06'),('cafc8b3d18e499ade2a8442668','{\"language\":\"ru-ru\",\"currency\":\"RUB\"}','2020-02-22 11:29:14'),('cb1b9c5cae2eb31168dff1942d','{\"language\":\"ru-ru\",\"currency\":\"RUB\"}','2020-09-24 11:46:46'),('cb2be5250b9738c79bb3d303b8','{\"language\":\"ru-ru\",\"currency\":\"RUB\"}','2020-02-19 02:48:51'),('cb2d5648cb3626b739928f57af','{\"language\":\"ru-ru\",\"currency\":\"RUB\"}','2020-02-04 07:08:49'),('cb4a46dc6c464f678e14ec166b','{\"language\":\"ru-ru\",\"currency\":\"RUB\"}','2020-03-11 17:32:40'),('cb564919b3bc36f4aca5e15048','{\"language\":\"ru-ru\",\"currency\":\"RUB\"}','2020-09-18 01:06:44'),('cb586af42b698a678509098578','{\"language\":\"ru-ru\",\"currency\":\"RUB\"}','2020-09-18 02:22:28'),('cb5b13e40b05b588e8d2b14bcd','{\"language\":\"ru-ru\",\"currency\":\"RUB\"}','2020-02-19 02:49:37'),('cb69a920e691e90d5e85630e09','{\"language\":\"ru-ru\",\"currency\":\"RUB\"}','2020-08-25 04:30:40'),('cb6bca4869079b10d09c2e3486','{\"language\":\"ru-ru\",\"currency\":\"RUB\",\"redirect\":\"https:\\/\\/umolab.ru\\/shop\\/index.php?route=account\\/address\"}','2020-07-18 05:06:05'),('cb744e096747df7597e17aa1c6','{\"language\":\"ru-ru\",\"currency\":\"RUB\"}','2020-02-19 02:43:03'),('cb9a31f9bf517196a62ac96b66','{\"language\":\"ru-ru\",\"currency\":\"RUB\"}','2020-02-19 02:51:20'),('cb9bc4bf61f5404cb6a6ce304e','{\"language\":\"ru-ru\",\"currency\":\"RUB\"}','2020-02-20 05:11:27'),('cba76119a83d4e3c56e16c499c','{\"language\":\"ru-ru\",\"currency\":\"RUB\"}','2020-02-20 15:08:48'),('cbabf0c43651e5c9b25fd1963b','{\"language\":\"ru-ru\",\"currency\":\"RUB\"}','2020-02-19 02:51:47'),('cbb8b320011805cdfba39cef05','{\"language\":\"ru-ru\",\"currency\":\"RUB\"}','2020-02-19 02:52:45'),('cbba9f8578f49b666f49133c68','{\"language\":\"ru-ru\",\"currency\":\"RUB\"}','2020-09-15 04:29:31'),('cbbed02bb74294b2872d44c206','{\"language\":\"ru-ru\",\"currency\":\"RUB\",\"redirect\":\"https:\\/\\/umolab.ru\\/shop\\/index.php?route=account\\/newsletter\"}','2020-05-15 11:21:12'),('cbd2deb3f908b979485d25616e','{\"language\":\"ru-ru\",\"currency\":\"RUB\"}','2020-08-25 00:41:11'),('cbf2033baaafa0f622758a1e50','{\"language\":\"ru-ru\",\"currency\":\"RUB\"}','2020-04-10 02:30:49'),('cbf6521af5eb78ef2b3ccb01e5','{\"language\":\"ru-ru\",\"currency\":\"RUB\"}','2020-09-16 06:22:48'),('cc003900d803145c1e841eb6bc','{\"language\":\"ru-ru\",\"currency\":\"RUB\"}','2020-10-01 02:54:29'),('cc3609615577f38940734b63e9','{\"language\":\"ru-ru\",\"currency\":\"RUB\"}','2020-08-08 14:29:35'),('cc4401d3faaa074cfcafc3bdbf','{\"language\":\"ru-ru\",\"currency\":\"RUB\"}','2020-09-22 17:36:45'),('cc4904e42ad9ddb183396605b0','{\"language\":\"ru-ru\",\"currency\":\"RUB\"}','2020-09-02 12:32:45'),('cc60b463135c9d90d52b150a25','{\"language\":\"ru-ru\",\"currency\":\"RUB\"}','2020-09-02 16:39:35'),('cc8eb2a04271747ea41c24ea00','{\"language\":\"ru-ru\",\"currency\":\"RUB\"}','2020-05-22 21:23:14'),('cc99f1eac8fb4cfd3f790c1529','{\"language\":\"ru-ru\",\"currency\":\"RUB\"}','2020-09-19 03:14:11'),('cca571a2769858f7997ab09373','{\"language\":\"ru-ru\",\"currency\":\"RUB\"}','2020-02-19 02:41:44'),('ccd09d2e9c6feb99312dd63344','{\"language\":\"ru-ru\",\"currency\":\"RUB\"}','2020-09-21 13:25:47'),('ccdd09bc3378ea55cc91528d42','{\"language\":\"ru-ru\",\"currency\":\"RUB\"}','2020-07-12 01:46:04'),('cce15fd18b42b53c2432950629','{\"language\":\"ru-ru\",\"currency\":\"RUB\"}','2020-09-17 17:40:41'),('ccf5e558131d3205ed5bfd1fc9','{\"language\":\"ru-ru\",\"currency\":\"RUB\"}','2020-07-09 02:51:08'),('ccfde478f371dc9bfcbd16376d','{\"language\":\"ru-ru\",\"currency\":\"RUB\"}','2020-02-20 05:15:11'),('cd0cadcea01ea634edfb477045','{\"language\":\"ru-ru\",\"currency\":\"RUB\"}','2020-09-18 22:07:24'),('cd399a53ba4c5726e90af93b98','{\"language\":\"ru-ru\",\"currency\":\"RUB\"}','2020-05-04 02:09:58'),('cd44e8517522f0b54e0da31057','{\"language\":\"ru-ru\",\"currency\":\"RUB\"}','2020-04-04 17:15:45'),('cd4e8c623c97575d4cfe01cbee','{\"language\":\"ru-ru\",\"currency\":\"RUB\"}','2020-06-19 19:21:12'),('cd7db1fdd74d207d2be23dc0b0','{\"language\":\"ru-ru\",\"currency\":\"RUB\"}','2020-02-19 02:42:03'),('cd8012eb6a78e316bdff99192e','{\"language\":\"ru-ru\",\"currency\":\"RUB\"}','2020-02-19 02:48:58'),('cd8050070e59c967b97b65eca0','{\"language\":\"ru-ru\",\"currency\":\"RUB\"}','2020-03-01 20:45:11'),('cd81c1df9d796210ef0998b0a1','{\"language\":\"ru-ru\",\"currency\":\"RUB\"}','2020-02-21 16:17:37'),('cd8e0aa7113aca1adcc27ca2ce','{\"language\":\"ru-ru\",\"currency\":\"RUB\"}','2020-09-16 06:31:21'),('cd93ebf570dbde612c54c0d883','{\"language\":\"ru-ru\",\"currency\":\"RUB\"}','2020-09-22 04:53:57'),('cde139537817267b6d20dc9d9d','{\"language\":\"ru-ru\",\"currency\":\"RUB\",\"redirect\":\"https:\\/\\/umolab.ru\\/shop\\/index.php?route=account\\/account\"}','2020-07-22 15:20:56'),('cde643caf397b4ec7dd61c0056','{\"language\":\"ru-ru\",\"currency\":\"RUB\"}','2020-07-19 03:18:48'),('cde65824b63a2c6cd35e56c805','{\"api_id\":\"1\"}','2020-09-02 08:04:46'),('ce004bf098c6730a10d01226ed','{\"language\":\"ru-ru\",\"currency\":\"RUB\"}','2020-09-22 11:31:33'),('ce0af614a092c4fd4d9bafa4af','{\"language\":\"ru-ru\",\"currency\":\"RUB\"}','2020-09-24 18:56:58'),('ce0d4f5d2af675f1aebffed6ae','{\"language\":\"ru-ru\",\"currency\":\"RUB\"}','2020-06-16 18:50:14'),('ce0f777f9a7af3c7c7cf4821b3','{\"language\":\"ru-ru\",\"currency\":\"RUB\"}','2020-03-01 23:33:19'),('ce1a653949d206a0763d55c6cf','{\"language\":\"ru-ru\",\"currency\":\"RUB\"}','2020-09-21 22:44:43'),('ce1cac04685075880150064b3b','{\"language\":\"ru-ru\",\"currency\":\"RUB\"}','2020-02-20 05:10:40'),('ce1fa6762c8319c3ce95aba731','{\"language\":\"ru-ru\",\"currency\":\"RUB\"}','2020-02-20 05:21:56'),('ce2b1ad2e6b74db447e67aa358','{\"language\":\"ru-ru\",\"currency\":\"RUB\",\"vouchers\":[]}','2020-09-20 17:24:18'),('ce2dbf6b990f0319fe68133208','{\"language\":\"ru-ru\",\"currency\":\"RUB\"}','2020-02-20 12:31:26'),('ce320c90e4c7bb21cbb3ef127b','{\"language\":\"ru-ru\",\"currency\":\"RUB\"}','2020-09-20 18:16:36'),('ce38bb7409c4b6f16ae4ede456','{\"language\":\"ru-ru\",\"currency\":\"RUB\"}','2020-07-24 19:16:47'),('ce4baa2b8fd10fc87276f35a4b','{\"language\":\"ru-ru\",\"currency\":\"RUB\"}','2020-02-20 05:23:46'),('ce4c4ff80fa41490ecbac7fc48','{\"language\":\"ru-ru\",\"currency\":\"RUB\"}','2020-08-25 23:21:14'),('ce59360132c77440289b421afa','{\"language\":\"en-gb\",\"currency\":\"RUB\"}','2020-07-09 11:02:46'),('ce64cd2b79314c020cc2982fae','{\"language\":\"ru-ru\",\"currency\":\"RUB\"}','2020-02-20 19:12:10'),('ce71a6fe0822be93f860b60168','{\"language\":\"ru-ru\",\"currency\":\"RUB\"}','2020-09-23 00:46:45'),('ce7ab4aa7229d8f5ec81dd10cd','{\"language\":\"ru-ru\",\"currency\":\"RUB\"}','2020-02-21 14:23:04'),('ce88903c56cbaa7b8103bd0c2a','{\"language\":\"ru-ru\",\"currency\":\"RUB\"}','2020-02-20 05:12:04'),('ce947efd6f5dd702d76f8f46c4','{\"language\":\"ru-ru\",\"currency\":\"RUB\"}','2020-02-19 02:39:03'),('ce95802dc01d3f9f9aa27b4b10','{\"language\":\"ru-ru\",\"currency\":\"RUB\"}','2020-02-20 05:19:54'),('ce966ef6b3e9495aa0f79b4eb9','{\"language\":\"ru-ru\",\"currency\":\"RUB\"}','2020-09-16 06:28:10'),('ce978083d9d6ee3793e42ebee4','{\"language\":\"ru-ru\",\"currency\":\"RUB\"}','2020-02-20 05:25:43'),('ced9f9d031263ed5d6c02dc37c','{\"language\":\"ru-ru\",\"currency\":\"RUB\",\"redirect\":\"https:\\/\\/umolab.ru\\/shop\\/index.php?route=account\\/return\"}','2020-03-01 03:24:25'),('cee79c88a401c0f120229472d3','{\"language\":\"ru-ru\",\"currency\":\"RUB\"}','2020-02-20 05:06:07'),('cefd8b787c68f15c49e0554f9a','{\"language\":\"ru-ru\",\"currency\":\"RUB\"}','2020-02-21 14:50:17'),('cf018ab96ea09a086b81b79e3d','{\"language\":\"ru-ru\",\"currency\":\"RUB\"}','2020-08-11 04:06:51'),('cf0215dd09590fa6701df05c19','{\"language\":\"ru-ru\",\"currency\":\"RUB\"}','2020-03-14 12:11:55'),('cf0cd9eb8462e2f7f5d6b3b6f5','{\"language\":\"ru-ru\",\"currency\":\"RUB\"}','2020-02-20 05:39:19'),('cf14a222a98550f7f87f79962a','{\"language\":\"ru-ru\",\"currency\":\"RUB\"}','2020-02-22 11:10:09'),('cf3049eedd28eac9ce67e147fc','{\"language\":\"ru-ru\",\"currency\":\"RUB\"}','2020-02-22 11:10:47'),('cf48a9de4dc12b0685d587995d','{\"language\":\"ru-ru\",\"currency\":\"RUB\"}','2020-08-14 09:04:23'),('cf58bcfe69635a72c52fa40a66','{\"language\":\"ru-ru\",\"currency\":\"RUB\"}','2020-09-19 01:54:45'),('cf62bc915acb931afdd2a7308d','{\"language\":\"en-gb\",\"currency\":\"RUB\"}','2020-05-18 21:25:49'),('cf75de101c740af22787028b4b','{\"language\":\"ru-ru\",\"currency\":\"RUB\",\"redirect\":\"https:\\/\\/umolab.ru\\/shop\\/index.php?route=account\\/return\"}','2020-07-15 05:38:53'),('cf77e16123e3deb54733b4ba5d','{\"language\":\"ru-ru\",\"currency\":\"RUB\"}','2020-08-29 22:47:59'),('cf7bce9b301eead2d7b42b808f','{\"language\":\"ru-ru\",\"currency\":\"RUB\"}','2020-09-20 21:44:42'),('cf9035e7ff58dd3447d4e47718','{\"language\":\"ru-ru\",\"currency\":\"RUB\"}','2020-09-23 03:37:09'),('cfb10fee60be9546695a094051','{\"language\":\"ru-ru\",\"currency\":\"RUB\"}','2020-02-19 02:36:52'),('cfc391be8e738d8db09734e156','{\"language\":\"ru-ru\",\"currency\":\"RUB\"}','2020-09-19 14:34:50'),('cfdfcdff1595a0e591b33edb19','{\"language\":\"ru-ru\",\"currency\":\"RUB\"}','2020-09-16 06:31:43'),('d0109067e97ecd81e56f36702d','{\"language\":\"ru-ru\",\"currency\":\"RUB\"}','2020-02-20 05:09:48'),('d014461818ebe27e9c6da92973','{\"language\":\"ru-ru\",\"currency\":\"RUB\"}','2020-02-20 05:09:12'),('d03dbda54c64f0507ce181a931','{\"language\":\"ru-ru\",\"currency\":\"RUB\"}','2020-06-19 02:57:23'),('d044ec073c53f959e7c7ed8b63','{\"language\":\"ru-ru\",\"currency\":\"RUB\"}','2020-05-15 11:17:46'),('d057e02ead1b944971ac200775','{\"language\":\"ru-ru\",\"currency\":\"RUB\"}','2020-02-19 02:51:44'),('d060e901fe5f7b8fcf07765da2','{\"language\":\"ru-ru\",\"currency\":\"RUB\"}','2020-08-12 22:07:36'),('d06c63a48276c482ceb2dbbf38','{\"language\":\"ru-ru\",\"currency\":\"RUB\"}','2020-02-20 05:30:38'),('d07334e776139f964c2dfe4c69','{\"language\":\"ru-ru\",\"currency\":\"RUB\"}','2020-05-24 13:12:52'),('d073e1d50f77b2dd8a05dd9ca3','{\"language\":\"ru-ru\",\"currency\":\"RUB\"}','2020-08-27 01:18:57'),('d079e1933c4f84cafb743a83b1','{\"language\":\"ru-ru\",\"currency\":\"RUB\"}','2020-09-20 14:11:23'),('d0882d0e0db1ec1ce9df70c8d2','{\"language\":\"ru-ru\",\"currency\":\"RUB\"}','2020-08-27 00:48:58'),('d093b3af31d42b74b76b316603','{\"language\":\"ru-ru\",\"currency\":\"RUB\"}','2020-02-20 05:08:38'),('d0a97b64041822d5620715fa02','{\"language\":\"ru-ru\",\"currency\":\"RUB\"}','2020-02-20 08:04:06'),('d0b749bd275de50a2a90bcc0bb','{\"language\":\"ru-ru\",\"currency\":\"RUB\"}','2020-02-19 02:32:30'),('d0be5979728defdf0dfaddb2d4','{\"language\":\"ru-ru\",\"currency\":\"RUB\"}','2020-02-20 05:17:28'),('d0d0380315fa244926f8d6840b','{\"language\":\"ru-ru\",\"currency\":\"RUB\"}','2020-02-19 02:31:00'),('d0facacf91dd428eb31d44cc4d','{\"language\":\"ru-ru\",\"currency\":\"RUB\"}','2020-02-29 18:33:21'),('d0fd1eb5d0266651a536f7efab','{\"language\":\"ru-ru\",\"currency\":\"RUB\"}','2020-09-29 16:55:46'),('d11c12a35ce144e7d903e80b81','{\"language\":\"ru-ru\",\"currency\":\"RUB\"}','2020-08-02 08:15:16'),('d12cbae3852896708f84571e8f','{\"language\":\"ru-ru\",\"currency\":\"RUB\"}','2020-03-13 17:38:22'),('d134e489e23e92ef9c7fd93d09','{\"language\":\"ru-ru\",\"currency\":\"RUB\",\"redirect\":\"https:\\/\\/umolab.ru\\/shop\\/index.php?route=account\\/account\"}','2020-09-20 23:33:22'),('d1413b0a1da93d33f089a73a9f','{\"language\":\"ru-ru\",\"currency\":\"RUB\"}','2020-09-12 15:23:52'),('d1503eb3eb3a749eb6a87aa0b2','{\"language\":\"ru-ru\",\"currency\":\"RUB\"}','2020-04-22 23:49:49'),('d154637892571c3b441054d1ba','{\"language\":\"ru-ru\",\"currency\":\"RUB\"}','2020-02-19 02:40:15'),('d17f03d67b7311ac8f2c674145','{\"language\":\"ru-ru\",\"currency\":\"RUB\",\"user_id\":\"1\",\"user_token\":\"f77O3oovyKvQYQhyO0QnSDVOvHUfE8BC\",\"customer_id\":\"2\",\"payment_address\":{\"address_id\":\"2\",\"firstname\":\"\\u041c\\u0430\\u043a\\u0441\\u0438\\u043c\",\"lastname\":\"\\u041f\\u044f\\u0442\\u043a\\u043e\\u0432\",\"company\":\"\",\"address_1\":\"\\u0443\\u043b 50 \\u043b\\u0435\\u0442 \\u0433\\u043e\\u0440\\u043e\\u0434\\u0430\",\"address_2\":\"\\u0443\\u043b 50 \\u043b\\u0435\\u0442 \\u0433\\u043e\\u0440\\u043e\\u0434\\u0430\",\"postcode\":\"652723\",\"city\":\"\\u041a\\u0438\\u0441\\u0435\\u043b\\u0435\\u0432\\u0441\\u043a\",\"zone_id\":\"2747\",\"zone\":\"\\u041a\\u0435\\u043c\\u0435\\u0440\\u043e\\u0432\\u0441\\u043a\\u0430\\u044f \\u043e\\u0431\\u043b\\u0430\\u0441\\u0442\\u044c\",\"zone_code\":\"KEM\",\"country_id\":\"176\",\"country\":\"\\u0420\\u043e\\u0441\\u0441\\u0438\\u0439\\u0441\\u043a\\u0430\\u044f \\u0424\\u0435\\u0434\\u0435\\u0440\\u0430\\u0446\\u0438\\u044f\",\"iso_code_2\":\"RU\",\"iso_code_3\":\"RUS\",\"address_format\":\"\",\"custom_field\":null},\"shipping_address\":{\"address_id\":\"2\",\"firstname\":\"\\u041c\\u0430\\u043a\\u0441\\u0438\\u043c\",\"lastname\":\"\\u041f\\u044f\\u0442\\u043a\\u043e\\u0432\",\"company\":\"\",\"address_1\":\"\\u0443\\u043b 50 \\u043b\\u0435\\u0442 \\u0433\\u043e\\u0440\\u043e\\u0434\\u0430\",\"address_2\":\"\\u0443\\u043b 50 \\u043b\\u0435\\u0442 \\u0433\\u043e\\u0440\\u043e\\u0434\\u0430\",\"postcode\":\"652723\",\"city\":\"\\u041a\\u0438\\u0441\\u0435\\u043b\\u0435\\u0432\\u0441\\u043a\",\"zone_id\":\"2747\",\"zone\":\"\\u041a\\u0435\\u043c\\u0435\\u0440\\u043e\\u0432\\u0441\\u043a\\u0430\\u044f \\u043e\\u0431\\u043b\\u0430\\u0441\\u0442\\u044c\",\"zone_code\":\"KEM\",\"country_id\":\"176\",\"country\":\"\\u0420\\u043e\\u0441\\u0441\\u0438\\u0439\\u0441\\u043a\\u0430\\u044f \\u0424\\u0435\\u0434\\u0435\\u0440\\u0430\\u0446\\u0438\\u044f\",\"iso_code_2\":\"RU\",\"iso_code_3\":\"RUS\",\"address_format\":\"\",\"custom_field\":null},\"last_order_id\":11}','2020-02-18 10:18:04'),('d18162fa5e8c341f273b4777b5','{\"language\":\"ru-ru\",\"currency\":\"RUB\"}','2020-09-02 12:00:23'),('d18b6d90c68dafbd55fd78c402','{\"language\":\"ru-ru\",\"currency\":\"RUB\"}','2020-02-19 02:37:45'),('d196626931089bdb23d4fffb6d','{\"language\":\"ru-ru\",\"currency\":\"RUB\"}','2020-03-07 13:36:04'),('d1a529d51d4b54aab41804f4aa','{\"language\":\"ru-ru\",\"currency\":\"RUB\"}','2020-02-20 10:42:19'),('d1cabeeb4e2257bd236ffdba96','{\"language\":\"ru-ru\",\"currency\":\"RUB\"}','2020-04-26 18:03:13'),('d1ccd8d1d83d0834436d343404','{\"language\":\"ru-ru\",\"currency\":\"RUB\"}','2020-03-05 20:16:18'),('d1ce8c6a0df770ad8a8f8cf2bc','{\"language\":\"ru-ru\",\"currency\":\"RUB\"}','2020-02-20 15:15:30'),('d1d1948b17be5efb1dc2f75fe8','{\"language\":\"en-gb\",\"currency\":\"RUB\"}','2020-07-21 17:57:36'),('d1d9c24feee670192fd41cbbe8','{\"language\":\"ru-ru\",\"currency\":\"RUB\"}','2020-02-19 02:52:39'),('d1da70c39a5794c66df1d8c17c','{\"language\":\"ru-ru\",\"currency\":\"RUB\"}','2020-09-19 10:26:00'),('d1df5fcd39038335295c793d1e','{\"language\":\"en-gb\",\"currency\":\"RUB\"}','2020-04-19 18:31:23'),('d1f1965f35c0aaf40ace6baec5','{\"language\":\"ru-ru\",\"currency\":\"RUB\"}','2020-02-19 02:39:39'),('d20bdcf19f0a57ac87937e0806','{\"language\":\"ru-ru\",\"currency\":\"RUB\"}','2020-03-12 07:26:13'),('d216c6acc71ebc6bd7cbea4009','{\"language\":\"ru-ru\",\"currency\":\"RUB\"}','2020-07-18 05:04:03'),('d22151fcfc5910a0ad3723bb47','{\"language\":\"ru-ru\",\"currency\":\"RUB\"}','2020-02-19 02:52:38'),('d22cc8265b13894440f52c1ae5','{\"language\":\"ru-ru\",\"currency\":\"RUB\"}','2020-07-12 02:28:18'),('d235153ba83b2ceec68e27f2be','{\"language\":\"ru-ru\",\"currency\":\"RUB\"}','2020-02-20 05:11:17'),('d23792a61691bb0a2695b5331d','{\"language\":\"ru-ru\",\"currency\":\"RUB\"}','2020-02-20 05:08:45'),('d2585cb64fd142d9725c2e154b','{\"language\":\"ru-ru\",\"currency\":\"RUB\"}','2020-03-13 18:27:31'),('d26b27c556f141f6ac58558981','{\"language\":\"ru-ru\",\"currency\":\"RUB\"}','2020-03-06 18:27:33'),('d2827945c48e87d43b0ee2ff07','{\"language\":\"ru-ru\",\"currency\":\"RUB\"}','2020-02-20 19:51:19'),('d29c1439ed7435662e8f6feecf','{\"language\":\"ru-ru\",\"currency\":\"RUB\"}','2020-04-06 07:43:35'),('d29c42e0537ab23d64576c587e','{\"language\":\"ru-ru\",\"currency\":\"RUB\"}','2020-02-21 14:21:52'),('d2b98b1410cdcce4e71969d2dd','{\"language\":\"ru-ru\",\"currency\":\"RUB\"}','2020-02-19 02:38:10'),('d2c755a5c9bbdeecf4feea90ab','{\"language\":\"ru-ru\",\"currency\":\"RUB\"}','2020-02-21 14:21:57'),('d2cf8be6a216f86499b2a11fd7','{\"language\":\"ru-ru\",\"currency\":\"RUB\"}','2020-09-20 13:22:18'),('d2e87fb7640dcbeea58bfe5d65','{\"language\":\"ru-ru\",\"currency\":\"RUB\"}','2020-09-17 17:42:43'),('d2e962b5089fa0038ccc55cbf1','{\"language\":\"ru-ru\",\"currency\":\"RUB\"}','2020-02-20 07:42:46'),('d2ea8aea66e8901b5bb67faed0','{\"language\":\"ru-ru\",\"currency\":\"RUB\"}','2020-09-02 12:32:50'),('d2f61241fc6650863e32e3bc0c','{\"language\":\"ru-ru\",\"currency\":\"RUB\"}','2020-09-12 07:22:13'),('d31d088aa3718ccbe63069e6b7','{\"language\":\"ru-ru\",\"currency\":\"RUB\"}','2020-07-24 04:41:25'),('d33b10dde8e93ef665f9a672e8','{\"language\":\"ru-ru\",\"currency\":\"RUB\"}','2020-09-17 13:32:13'),('d33fd2513e7404ee1a767a2301','{\"language\":\"ru-ru\",\"currency\":\"RUB\"}','2020-06-18 20:28:33'),('d34c77e2ae45951724c5220d22','{\"language\":\"ru-ru\",\"currency\":\"RUB\"}','2020-09-18 12:28:20'),('d35b7681cb83d94333b5c4b203','{\"language\":\"ru-ru\",\"currency\":\"RUB\"}','2020-07-24 04:41:12'),('d363487d7d18af31b6d7994c8c','{\"language\":\"ru-ru\",\"currency\":\"RUB\"}','2020-07-18 05:07:57'),('d3706c5a6eca44d874243292f7','{\"language\":\"ru-ru\",\"currency\":\"RUB\"}','2020-09-07 11:53:16'),('d37bc140baec64825f5c632a1b','{\"language\":\"ru-ru\",\"currency\":\"RUB\"}','2020-03-02 11:19:40'),('d3acb62c6d31e8c5ae34a586da','{\"language\":\"ru-ru\",\"currency\":\"RUB\"}','2020-02-20 05:14:22'),('d3bcc730d294dc7ed801ce9261','{\"language\":\"ru-ru\",\"currency\":\"RUB\"}','2020-07-15 05:38:32'),('d3c8231a6aa90b4905d5587a70','{\"language\":\"ru-ru\",\"currency\":\"RUB\"}','2020-07-01 18:14:35'),('d3d3f37328bbacc7706b97b35c','{\"language\":\"ru-ru\",\"currency\":\"RUB\"}','2020-03-09 14:58:12'),('d3d78c1ffa18cc71972449f4c9','{\"language\":\"ru-ru\",\"currency\":\"RUB\"}','2020-09-21 03:16:12'),('d3f156f493889ddfbd65482c0b','{\"language\":\"ru-ru\",\"currency\":\"RUB\"}','2020-03-10 02:25:44'),('d41b6a0b7e15ee86d023cd36a5','{\"language\":\"ru-ru\",\"currency\":\"RUB\"}','2020-02-19 02:46:39'),('d4358e0f85ec8109dcef383730','{\"language\":\"ru-ru\",\"currency\":\"RUB\"}','2020-03-12 07:26:46'),('d441699cdb2449fb17dc1c4b70','{\"language\":\"ru-ru\",\"currency\":\"RUB\"}','2020-09-16 06:26:39'),('d4a95d579c0818885c8b77f05a','{\"language\":\"ru-ru\",\"currency\":\"RUB\"}','2020-02-19 02:37:23'),('d4bcfbf9fe45e06022f7fa539e','{\"language\":\"ru-ru\",\"currency\":\"RUB\"}','2020-09-28 11:09:47'),('d4d4ae3cf8ae13cf8605adc0a6','{\"language\":\"ru-ru\",\"currency\":\"RUB\"}','2020-06-16 17:13:58'),('d4e1a206b899f73f76033ba3f3','{\"language\":\"ru-ru\",\"currency\":\"RUB\"}','2020-02-19 02:32:45'),('d4e34a27044c0d87024a312ae0','{\"language\":\"ru-ru\",\"currency\":\"RUB\"}','2020-06-19 04:05:40'),('d4e72f7471e3ec07b35e41e47f','{\"language\":\"ru-ru\",\"currency\":\"RUB\",\"redirect\":\"https:\\/\\/umolab.ru\\/shop\\/index.php?route=account\\/newsletter\"}','2020-07-18 05:09:11'),('d4ece35e79e70e100a1c063857','{\"language\":\"ru-ru\",\"currency\":\"RUB\"}','2020-09-11 23:41:47'),('d4edad8a632055bbba95387836','{\"language\":\"ru-ru\",\"currency\":\"RUB\"}','2020-02-19 02:49:51'),('d4f2b55434f2b24f3ec518837a','{\"language\":\"ru-ru\",\"currency\":\"RUB\"}','2020-02-27 02:59:31'),('d5079f79392505acff043c8aac','{\"language\":\"ru-ru\",\"currency\":\"RUB\"}','2020-02-20 11:38:32'),('d51ae6b037af79f18caec90570','{\"language\":\"ru-ru\",\"currency\":\"RUB\"}','2020-02-20 06:15:54'),('d51d24648a2f416a732a887bd2','{\"language\":\"ru-ru\",\"currency\":\"RUB\"}','2020-03-07 14:57:48'),('d52ecff84a838c84942a5832ee','{\"language\":\"ru-ru\",\"currency\":\"RUB\"}','2020-02-19 02:49:09'),('d54505b73742f6e1322205e354','{\"language\":\"ru-ru\",\"currency\":\"RUB\"}','2020-02-21 14:22:09'),('d55a35aa068aec0566341fe1be','{\"language\":\"ru-ru\",\"currency\":\"RUB\"}','2020-05-13 19:54:52'),('d55b7277768fbc5c3c709f2a79','{\"language\":\"ru-ru\",\"currency\":\"RUB\"}','2020-02-20 05:08:17'),('d5695f50ca2c4ab7c6f21787bb','{\"language\":\"ru-ru\",\"currency\":\"RUB\"}','2020-09-24 18:48:32'),('d571b7fdba1e6896f16899cc99','{\"language\":\"ru-ru\",\"currency\":\"RUB\"}','2020-02-19 02:40:12'),('d583d3ace0efbdc2b00db0fded','{\"language\":\"ru-ru\",\"currency\":\"RUB\"}','2020-02-21 14:22:23'),('d59132041785b7e81adf367cfb','{\"language\":\"ru-ru\",\"currency\":\"RUB\"}','2020-09-17 17:35:50'),('d592c04b1237cb853f3b1bbdcb','{\"language\":\"ru-ru\",\"currency\":\"RUB\"}','2020-02-20 08:00:02'),('d5afb036f6f2eed7e94ded0a78','{\"language\":\"ru-ru\",\"currency\":\"RUB\"}','2020-02-20 05:08:47'),('d5d881127d3bc6d15d1c445146','{\"language\":\"ru-ru\",\"currency\":\"RUB\"}','2020-08-20 12:01:37'),('d5e0030dd4d0d2dc0ab099590f','{\"language\":\"ru-ru\",\"currency\":\"RUB\"}','2020-02-19 02:38:25'),('d5e1c272705e86059edd009434','{\"language\":\"ru-ru\",\"currency\":\"RUB\"}','2020-07-05 10:18:37'),('d608a7e701efbb3325c695ac64','{\"language\":\"ru-ru\",\"currency\":\"RUB\"}','2020-05-20 06:51:13'),('d61bf6906348cd02de74a02985','{\"language\":\"ru-ru\",\"currency\":\"RUB\"}','2020-09-19 19:33:23'),('d638551638925b4fc73c9dbed3','{\"language\":\"ru-ru\",\"currency\":\"RUB\"}','2020-02-20 05:11:16'),('d63db1f6b834dcd9ee87c10894','{\"language\":\"ru-ru\",\"currency\":\"RUB\"}','2020-09-24 04:52:01'),('d66788f80efeabc0f3f712950e','{\"language\":\"ru-ru\",\"currency\":\"RUB\"}','2020-08-25 23:21:06'),('d66f109eea9fdb93548a293d1f','{\"language\":\"ru-ru\",\"currency\":\"RUB\"}','2020-09-19 17:39:46'),('d671df50e2e42fe1130ac5bcbb','{\"language\":\"ru-ru\",\"currency\":\"RUB\"}','2020-09-24 19:02:14'),('d677236521fe1411dc33b84e5a','{\"language\":\"ru-ru\",\"currency\":\"RUB\"}','2020-08-16 18:32:02'),('d68a73d60b2bb1899e4efdec0e','{\"language\":\"ru-ru\",\"currency\":\"RUB\"}','2020-09-17 20:03:48'),('d68d01eb564c198c2cac8771f6','{\"language\":\"ru-ru\",\"currency\":\"RUB\"}','2020-07-30 01:50:49'),('d695b4be4073500845f6dfd8d4','{\"language\":\"ru-ru\",\"currency\":\"RUB\"}','2020-03-12 07:26:38'),('d6a90188d647716eaa406df402','{\"language\":\"ru-ru\",\"currency\":\"RUB\"}','2020-03-01 01:52:25'),('d6cc44a58de35d661395650c49','{\"language\":\"ru-ru\",\"currency\":\"RUB\"}','2020-03-09 18:43:28'),('d6dcb72416fb88eeb65fcd5e46','{\"language\":\"ru-ru\",\"currency\":\"RUB\"}','2020-10-01 02:55:57'),('d700f773a4ae71c2f98e284d3b','{\"language\":\"ru-ru\",\"currency\":\"RUB\"}','2020-03-01 23:21:42'),('d709d13ad988746e37a0d78957','{\"language\":\"ru-ru\",\"currency\":\"RUB\"}','2020-02-19 02:46:37'),('d72aaae7639ecefd6ebd79b9f9','{\"language\":\"ru-ru\",\"currency\":\"RUB\"}','2020-02-19 02:41:29'),('d72bc973300929a44e43fc5bd8','{\"language\":\"ru-ru\",\"currency\":\"RUB\"}','2020-02-21 15:19:04'),('d72d8e525484646b219c863500','{\"language\":\"ru-ru\",\"currency\":\"RUB\"}','2020-02-21 03:24:27'),('d74a3eeae31489894a838b9ed2','{\"language\":\"ru-ru\",\"currency\":\"RUB\"}','2020-09-21 10:47:00'),('d762eee16b12c40b61d999a851','{\"language\":\"ru-ru\",\"currency\":\"RUB\"}','2020-09-02 13:31:37'),('d76c65e9f9ea7e5c40c6e7ae29','{\"language\":\"ru-ru\",\"currency\":\"RUB\"}','2020-06-28 11:01:27'),('d776a011d2e9c354f36fb3f756','{\"language\":\"ru-ru\",\"currency\":\"RUB\"}','2020-02-21 01:30:51'),('d77bda5587e79b5713f7e9f9ed','{\"language\":\"ru-ru\",\"currency\":\"RUB\"}','2020-02-29 08:42:01'),('d7850a9e60d32360c2dd86ceb0','{\"language\":\"ru-ru\",\"currency\":\"RUB\"}','2020-03-09 04:39:15'),('d7894ffeba3797400d2f28dfc6','{\"language\":\"ru-ru\",\"currency\":\"RUB\",\"compare\":[]}','2020-07-12 17:32:05'),('d78a1884ff3859142485057317','{\"language\":\"ru-ru\",\"currency\":\"RUB\"}','2020-03-05 05:36:07'),('d7be1850c1f13e7a96b5c252a7','{\"language\":\"ru-ru\",\"currency\":\"RUB\"}','2020-02-19 02:50:05'),('d7cb4c68740c62ec6aa443422b','{\"language\":\"ru-ru\",\"currency\":\"RUB\"}','2020-08-31 11:34:36'),('d7de7c593ecfdee1bd04c75367','{\"language\":\"ru-ru\",\"currency\":\"RUB\",\"redirect\":\"https:\\/\\/umolab.ru\\/shop\\/index.php?route=account\\/wishlist\"}','2020-06-14 19:55:34'),('d7e1d2aa068526572a9e2ce52a','{\"language\":\"ru-ru\",\"currency\":\"RUB\"}','2020-02-22 11:24:00'),('d7fe87d4aadb0f32cca74ec45b','{\"language\":\"ru-ru\",\"currency\":\"RUB\",\"compare\":[]}','2020-09-15 00:30:02'),('d8102df03f457ea7ec1b8d1af2','{\"language\":\"en-gb\",\"currency\":\"RUB\"}','2020-04-20 23:19:00'),('d8139f106d2970d28455e7cf37','{\"language\":\"ru-ru\",\"currency\":\"RUB\"}','2020-02-20 16:23:25'),('d81756ba31e552c742e886ddfa','{\"language\":\"ru-ru\",\"currency\":\"RUB\"}','2020-09-23 19:25:52'),('d81a1ed283cf99d6f3bf26385d','{\"language\":\"ru-ru\",\"currency\":\"RUB\"}','2020-04-13 16:19:41'),('d81bcfeaa8fe7d068aad079a00','{\"language\":\"ru-ru\",\"currency\":\"RUB\"}','2020-02-20 09:53:38'),('d858ea068f807d9f756b524c96','{\"language\":\"ru-ru\",\"currency\":\"RUB\"}','2020-02-19 02:51:54'),('d879aa4083dfebd51d983c3beb','{\"language\":\"ru-ru\",\"currency\":\"RUB\"}','2020-02-20 05:05:48'),('d87ff805a817f1f0b224501443','{\"language\":\"ru-ru\",\"currency\":\"RUB\"}','2020-02-20 05:21:38'),('d8873ae938398a671bb2165e6a','{\"language\":\"ru-ru\",\"currency\":\"RUB\"}','2020-02-19 02:34:37'),('d88ef64ef8e77edcc7e11ebbfe','{\"language\":\"ru-ru\",\"currency\":\"RUB\"}','2020-09-17 20:32:12'),('d89633eac14b287e75b47ef50d','{\"language\":\"ru-ru\",\"currency\":\"RUB\"}','2020-02-19 02:50:53'),('d8969cea3500b494b1f54b6478','{\"language\":\"ru-ru\",\"currency\":\"RUB\"}','2020-10-04 01:59:53'),('d8a84db6840097e43d6988b6da','{\"language\":\"ru-ru\",\"currency\":\"RUB\"}','2020-04-09 15:30:20'),('d8afd2b9432bdf33a413dd0551','{\"language\":\"ru-ru\",\"currency\":\"RUB\"}','2020-02-20 05:11:30'),('d8b602c0f613715790416f904c','{\"language\":\"ru-ru\",\"currency\":\"RUB\"}','2020-02-16 16:39:54'),('d8d32986c7082c83204a667e4b','{\"language\":\"ru-ru\",\"currency\":\"RUB\"}','2020-09-21 20:56:55'),('d8d8548d40d4cde91d8f213886','{\"language\":\"ru-ru\",\"currency\":\"RUB\"}','2020-02-20 11:56:42'),('d8f27203dd1d926a871340c76c','{\"language\":\"ru-ru\",\"currency\":\"RUB\"}','2020-09-20 13:19:57'),('d9052daf6ad2085245b7ca84f0','{\"language\":\"ru-ru\",\"currency\":\"RUB\"}','2020-02-19 02:46:28'),('d906c73744784003eddbede03f','{\"language\":\"ru-ru\",\"currency\":\"RUB\"}','2020-08-26 14:33:06'),('d9151526446382f3622bd25edc','{\"language\":\"ru-ru\",\"currency\":\"RUB\"}','2020-02-19 02:46:24'),('d9216e06fb71088743e3f72048','{\"language\":\"ru-ru\",\"currency\":\"RUB\"}','2020-07-18 05:04:22'),('d9370cdd45c0a3d42c7cdb5c21','{\"language\":\"ru-ru\",\"currency\":\"RUB\"}','2020-02-20 05:12:36'),('d94a92629618bafa1a53581b90','{\"language\":\"ru-ru\",\"currency\":\"RUB\"}','2020-02-27 03:00:25'),('d95b045ff227f4d1d8bd78dbbb','{\"language\":\"ru-ru\",\"currency\":\"RUB\"}','2020-05-17 21:39:40'),('d95d0723d72448a91403625603','{\"language\":\"ru-ru\",\"currency\":\"RUB\"}','2020-06-16 10:14:58'),('d95da349bfbdbef623cce5982f','{\"language\":\"ru-ru\",\"currency\":\"RUB\"}','2020-09-24 03:26:49'),('d971fc3b76268857ec5c94750f','{\"language\":\"ru-ru\",\"currency\":\"RUB\"}','2020-03-07 05:10:36'),('d97ce16870f561bcc619498347','{\"language\":\"ru-ru\",\"currency\":\"RUB\",\"redirect\":\"https:\\/\\/umolab.ru\\/shop\\/index.php?route=account\\/order\"}','2020-03-05 20:16:14'),('d97f5998110ce8fb8fb12ce8b4','{\"language\":\"ru-ru\",\"currency\":\"RUB\"}','2020-09-21 10:03:16'),('d981e89ef2f4a4b22c758adab9','{\"language\":\"ru-ru\",\"currency\":\"RUB\"}','2020-09-24 10:13:53'),('d9aa3482da76a45ccc1476128d','{\"language\":\"ru-ru\",\"currency\":\"RUB\"}','2020-02-20 05:17:58'),('d9ca02f02d83534d3df7f21bf5','{\"language\":\"ru-ru\",\"currency\":\"RUB\"}','2020-02-22 11:04:20'),('d9d72b50c9cfae5cae656e8521','{\"language\":\"ru-ru\",\"currency\":\"RUB\"}','2020-02-22 11:25:50'),('d9d92bf0ef5595d624268f37fd','{\"language\":\"ru-ru\",\"currency\":\"RUB\"}','2020-02-20 05:16:46'),('d9e494b58a347faf0b3874ca1a','{\"language\":\"ru-ru\",\"currency\":\"RUB\"}','2020-02-20 05:56:59'),('d9e884b90f3f8df80f59ec3e80','{\"language\":\"ru-ru\",\"currency\":\"RUB\"}','2020-03-09 21:00:06'),('d9ef58d0879d99d4ac21100d78','{\"language\":\"ru-ru\",\"currency\":\"RUB\"}','2020-02-19 02:47:29'),('d9fb469171eb673f258686971b','{\"language\":\"ru-ru\",\"currency\":\"RUB\"}','2020-02-19 02:50:56'),('da1c148bfec393c5e24043a325','{\"language\":\"ru-ru\",\"currency\":\"RUB\"}','2020-09-02 14:33:06'),('da1cd12adcb68d46fb5069e87c','{\"language\":\"ru-ru\",\"currency\":\"RUB\"}','2020-09-22 03:28:45'),('da1f94bb6e30e0cf9cfeb19904','{\"language\":\"ru-ru\",\"currency\":\"RUB\"}','2020-02-19 02:52:04'),('da24e3cb45ffe1a682da1aead1','{\"language\":\"ru-ru\",\"currency\":\"RUB\"}','2020-09-15 08:28:34'),('da2aa735512f4a5d7fd7675bba','{\"language\":\"ru-ru\",\"currency\":\"RUB\"}','2020-03-30 21:53:41'),('da37148d2100fdd24a46639d7f','{\"language\":\"ru-ru\",\"currency\":\"RUB\"}','2020-02-19 02:51:19'),('da47d67f87b1bb7591254b17dc','{\"language\":\"ru-ru\",\"currency\":\"RUB\"}','2020-08-21 18:41:12'),('da6d075ed62a350b0589c49a85','{\"language\":\"ru-ru\",\"currency\":\"RUB\"}','2020-05-01 06:37:11'),('da95ead65abeb6f211c848a792','{\"language\":\"ru-ru\",\"currency\":\"RUB\"}','2020-09-23 01:43:33'),('da9ad1ab6dac12b1b81f4660b0','{\"language\":\"ru-ru\",\"currency\":\"RUB\"}','2020-05-22 23:56:21'),('da9e34533e1b38fbf5448320c4','{\"language\":\"ru-ru\",\"currency\":\"RUB\"}','2020-02-20 05:09:37'),('daa14586c227887afd6f8e1bdc','{\"language\":\"ru-ru\",\"currency\":\"RUB\"}','2020-09-16 06:29:21'),('dac7b3bd0c6cfef35c62079c79','{\"language\":\"ru-ru\",\"currency\":\"RUB\"}','2020-09-02 12:41:43'),('dad2cd9387d8d6cabe86a5fc05','{\"language\":\"ru-ru\",\"currency\":\"RUB\"}','2020-03-07 11:09:21'),('dad5300ce5b44540315d077773','{\"language\":\"en-gb\",\"currency\":\"RUB\"}','2020-06-01 17:20:47'),('dad811aab016fb9c52bbc6c9af','{\"language\":\"ru-ru\",\"currency\":\"RUB\"}','2020-08-26 20:28:26'),('daea94b5d36ac6023198f49205','{\"language\":\"ru-ru\",\"currency\":\"RUB\"}','2020-09-02 12:32:43'),('daec576d02f2d16f5b5bcd2828','{\"language\":\"ru-ru\",\"currency\":\"RUB\"}','2020-02-19 02:44:41'),('daf4294fb6997802da4b27dfa8','{\"language\":\"ru-ru\",\"currency\":\"RUB\"}','2020-02-19 02:46:55'),('dafa955d067ded613b530d23bf','{\"language\":\"ru-ru\",\"currency\":\"RUB\"}','2020-02-20 05:14:47'),('db042ed52f9b29502e7677ac44','{\"language\":\"ru-ru\",\"currency\":\"RUB\"}','2020-02-22 11:18:59'),('db06939803bfb87376474f173b','{\"language\":\"ru-ru\",\"currency\":\"RUB\",\"redirect\":\"https:\\/\\/umolab.ru\\/shop\\/index.php?route=account\\/newsletter\"}','2020-04-15 10:01:13'),('db06c0be7dd0184c5f11587ce5','{\"language\":\"ru-ru\",\"currency\":\"RUB\"}','2020-02-20 15:12:36'),('db0a5da8be6466ceea690cdfa2','{\"language\":\"ru-ru\",\"currency\":\"RUB\"}','2020-09-23 04:33:57'),('db10cb0164b5350525a01c6e5e','{\"language\":\"ru-ru\",\"currency\":\"RUB\"}','2020-08-21 23:02:50'),('db3719161ea12755dbafe781af','{\"language\":\"en-gb\",\"currency\":\"RUB\"}','2020-07-11 12:59:14'),('db3b021567c4c81924727957a5','{\"language\":\"ru-ru\",\"currency\":\"RUB\"}','2020-02-20 05:11:51'),('db42af5e7cebcb8fbcbc1507c1','{\"language\":\"ru-ru\",\"currency\":\"RUB\"}','2020-09-02 18:19:51'),('db46f2b46a501c56de6c5b58d3','{\"language\":\"ru-ru\",\"currency\":\"RUB\"}','2020-09-23 07:54:01'),('db55d6a5986a160865cf1f341b','{\"language\":\"ru-ru\",\"currency\":\"RUB\"}','2020-09-22 00:47:49'),('db56d51f13c764d75bf6183d87','{\"language\":\"ru-ru\",\"currency\":\"RUB\"}','2020-04-24 00:37:44'),('db66f1758cec04f1828b5d9c68','{\"language\":\"ru-ru\",\"currency\":\"RUB\"}','2020-09-16 06:25:08'),('db733d0532fd30a8108e0646aa','{\"language\":\"ru-ru\",\"currency\":\"RUB\"}','2020-09-14 23:00:18'),('db8d62ddba9248ca2071fb9ce1','{\"language\":\"ru-ru\",\"currency\":\"RUB\"}','2020-05-21 14:24:45'),('db9d26fadd0dee1bf71be7b439','{\"language\":\"ru-ru\",\"currency\":\"RUB\"}','2020-09-19 23:30:03'),('dba0e080b71ac37bced4c05fc9','{\"language\":\"ru-ru\",\"currency\":\"RUB\"}','2020-07-15 05:38:43'),('dbaf37581a77d5b51106a83b5b','{\"language\":\"ru-ru\",\"currency\":\"RUB\"}','2020-02-20 05:08:51'),('dbbbcbe0aa25171cc8ecd5db39','{\"language\":\"ru-ru\",\"currency\":\"RUB\"}','2020-09-16 14:00:53'),('dbc6d4285e9f6ae17ce7030b70','{\"language\":\"ru-ru\",\"currency\":\"RUB\"}','2020-05-16 14:04:55'),('dbd5f456bcae6dc0787087cac8','{\"language\":\"ru-ru\",\"currency\":\"RUB\"}','2020-09-22 20:21:41'),('dbd6ee360624187ee9a4d977fc','{\"language\":\"ru-ru\",\"currency\":\"RUB\"}','2020-02-22 11:04:08'),('dbe25f941e3ede86602a453ee8','{\"language\":\"ru-ru\",\"currency\":\"RUB\"}','2020-07-14 03:12:23'),('dbe6dcd47cccc967c273f8320c','{\"language\":\"ru-ru\",\"currency\":\"RUB\"}','2020-09-06 07:57:13'),('dbfb5764a5bf3d2a577aeea69c','{\"language\":\"ru-ru\",\"currency\":\"RUB\"}','2020-09-20 09:39:56'),('dc0d0c3463c04064d30e7bc96a','{\"language\":\"ru-ru\",\"currency\":\"RUB\"}','2020-02-20 12:57:26'),('dc11c0ae06e4dbd6a1965747cb','{\"language\":\"en-gb\",\"currency\":\"RUB\"}','2020-05-18 21:25:51'),('dc18c2a710f28ca2652705b1f0','{\"language\":\"ru-ru\",\"currency\":\"RUB\"}','2020-03-12 10:25:42'),('dc2208185c1f83c8c296728734','{\"language\":\"ru-ru\",\"currency\":\"RUB\"}','2020-09-05 01:30:05'),('dc3ca9796b942876793f513833','{\"language\":\"ru-ru\",\"currency\":\"RUB\"}','2020-02-20 05:10:59'),('dc521c23e9489ca45f69432196','{\"language\":\"ru-ru\",\"currency\":\"RUB\",\"redirect\":\"https:\\/\\/umolab.ru\\/shop\\/index.php?route=account\\/edit\"}','2020-07-18 05:08:16'),('dc5f11ad4d50c139cae91193d1','{\"language\":\"ru-ru\",\"currency\":\"RUB\"}','2020-02-20 05:11:49'),('dc7c82d59413b86600f8d55f2d','{\"language\":\"ru-ru\",\"currency\":\"RUB\",\"redirect\":\"https:\\/\\/umolab.ru\\/shop\\/index.php?route=account\\/recurring\"}','2020-07-15 05:38:53'),('dc8b6c52506b919702a943440a','{\"language\":\"ru-ru\",\"currency\":\"RUB\"}','2020-08-04 09:09:57'),('dc98965c01857c771e36ba1346','{\"language\":\"ru-ru\",\"currency\":\"RUB\"}','2020-09-18 15:10:26'),('dcc109978dd8c57f92e8640f85','{\"language\":\"ru-ru\",\"currency\":\"RUB\"}','2020-09-14 06:28:58'),('dcc93f477f008e69f9d63c2749','{\"language\":\"ru-ru\",\"currency\":\"RUB\"}','2020-06-12 19:00:57'),('dcef0ddb683ff331b33992c673','{\"language\":\"ru-ru\",\"currency\":\"RUB\"}','2020-03-30 16:35:43'),('dcfaa18c98d67e15adabaccb20','{\"language\":\"ru-ru\",\"currency\":\"RUB\"}','2020-09-17 01:42:11'),('dcfcb53dea1099ba9fc68cebb7','{\"language\":\"ru-ru\",\"currency\":\"RUB\"}','2020-04-03 23:58:37'),('dcfd0207f5d5883e7d1f3e8703','{\"language\":\"ru-ru\",\"currency\":\"RUB\"}','2020-07-18 05:09:50'),('dcfe0b9ad069adf3b501063091','{\"language\":\"ru-ru\",\"currency\":\"RUB\"}','2020-09-04 17:09:25'),('dd043783d822686de412926cef','{\"language\":\"ru-ru\",\"currency\":\"RUB\"}','2020-06-10 20:57:34'),('dd1f89bf7a0cea37f6f417deac','{\"language\":\"ru-ru\",\"currency\":\"RUB\"}','2020-02-19 02:51:58'),('dd3652ee36a22cf16104ba1078','{\"language\":\"ru-ru\",\"currency\":\"RUB\"}','2020-07-18 05:07:27'),('dd4dea3e6b12378473adfbc646','{\"language\":\"ru-ru\",\"currency\":\"RUB\"}','2020-02-19 02:51:27'),('dd4ef26f4e239e8fe176a66841','{\"language\":\"ru-ru\",\"currency\":\"RUB\"}','2020-02-20 05:10:58'),('dd628c60f31c484516fcf08d98','{\"language\":\"ru-ru\",\"currency\":\"RUB\"}','2020-09-18 00:19:24'),('dd64ec63e4d3944b6fe67c101a','{\"language\":\"ru-ru\",\"currency\":\"RUB\"}','2020-09-16 06:23:52'),('dd6f0cbd67022bf8b180dd090c','{\"language\":\"ru-ru\",\"currency\":\"RUB\"}','2020-05-09 22:01:05'),('dd812338765ac1aff35c10beb5','{\"language\":\"en-gb\",\"currency\":\"RUB\"}','2020-07-09 11:02:38'),('dd9136fe63905666ae2de112fa','{\"language\":\"ru-ru\",\"currency\":\"RUB\"}','2020-03-11 02:20:23'),('ddafb25afcd877c95aa780e671','{\"language\":\"ru-ru\",\"currency\":\"RUB\"}','2020-04-11 09:14:54'),('ddb0c55a39cd9a3ef0b196eaa1','{\"language\":\"ru-ru\",\"currency\":\"RUB\"}','2020-02-20 05:16:56'),('ddbdb7901811dad513744985bc','{\"language\":\"ru-ru\",\"currency\":\"RUB\"}','2020-03-12 07:27:07'),('ddbe8ceed5c78dcaa3b399936d','{\"language\":\"ru-ru\",\"currency\":\"RUB\"}','2020-02-20 05:12:49'),('dddbe1da0207aa8693c974e26b','{\"language\":\"ru-ru\",\"currency\":\"RUB\"}','2020-09-23 18:36:51'),('dddc287ff310d629ed7ab90c74','{\"language\":\"ru-ru\",\"currency\":\"RUB\"}','2020-09-22 12:02:01'),('ddde49d9fa944d8a5d6eb9ce2c','{\"language\":\"ru-ru\",\"currency\":\"RUB\"}','2020-06-18 20:28:34'),('dde82e39ad7471984d9d2c8a6c','{\"language\":\"ru-ru\",\"currency\":\"RUB\"}','2020-09-18 15:18:44'),('ddee29027cc778f0ff094c9921','{\"language\":\"ru-ru\",\"currency\":\"RUB\"}','2020-09-20 23:33:11'),('de00fbf29ca11bf98f3786410e','{\"language\":\"ru-ru\",\"currency\":\"RUB\"}','2020-09-21 18:32:52'),('de1e17eee10d8e7fe4d46f58ed','{\"language\":\"ru-ru\",\"currency\":\"RUB\"}','2020-09-19 09:35:35'),('de1f7eb3b2e842d0a74f530186','{\"language\":\"ru-ru\",\"currency\":\"RUB\"}','2020-04-08 09:14:49'),('de2ab8d50c3543e9b931d8efd7','{\"language\":\"ru-ru\",\"currency\":\"RUB\"}','2020-03-03 09:00:15'),('de34c75b4b1a0f01d32c433d5b','{\"language\":\"ru-ru\",\"currency\":\"RUB\"}','2020-02-20 05:12:29'),('de3dd47c91a55d7ebf98a0ff57','{\"language\":\"ru-ru\",\"currency\":\"RUB\"}','2020-07-13 13:17:38'),('de3f0dfc0095a0efaf7989dd8f','{\"language\":\"ru-ru\",\"currency\":\"RUB\"}','2020-09-20 00:45:28'),('de4912f2df227fed187d2814c2','{\"language\":\"ru-ru\",\"currency\":\"RUB\"}','2020-03-04 19:25:43'),('de4c5853b9ce31c18d00d5b594','{\"language\":\"ru-ru\",\"currency\":\"RUB\"}','2020-02-22 11:31:37'),('de57700e72a47e80b02250c736','{\"language\":\"en-gb\",\"currency\":\"RUB\"}','2020-04-10 22:06:18'),('de5d07c8ebec245476690a135c','{\"language\":\"ru-ru\",\"currency\":\"RUB\"}','2020-07-30 01:50:42'),('deab4bf10b0cec8c289551c00e','{\"language\":\"ru-ru\",\"currency\":\"RUB\"}','2020-04-12 07:51:52'),('deadc22c22db0eac5252e84651','{\"language\":\"ru-ru\",\"currency\":\"RUB\"}','2020-09-03 07:53:59'),('dec6da8886bf389dc4c95d473c','{\"language\":\"ru-ru\",\"currency\":\"RUB\"}','2020-07-18 05:04:22'),('dec8b3de5c6632f2e89c3dd8af','{\"language\":\"ru-ru\",\"currency\":\"RUB\"}','2020-02-19 02:38:53'),('decc60bc2b0f2639c8af9d58a9','{\"language\":\"en-gb\",\"currency\":\"RUB\"}','2020-03-28 12:15:26'),('dee1ad7b5b437f03b202cc3e82','{\"language\":\"ru-ru\",\"currency\":\"RUB\"}','2020-09-20 03:36:11'),('deeea155fde56babe53bc3638e','{\"language\":\"ru-ru\",\"currency\":\"RUB\"}','2020-02-20 05:10:27'),('def59795c78eaaa529d403d7a4','{\"language\":\"ru-ru\",\"currency\":\"RUB\"}','2020-02-19 02:45:59'),('defa41744999af0b63be13e35f','{\"language\":\"ru-ru\",\"currency\":\"RUB\"}','2020-02-20 05:38:03'),('df031a8c84c0514cbc249f8749','{\"language\":\"ru-ru\",\"currency\":\"RUB\"}','2020-09-16 23:01:10'),('df1b1311134ff5cf45f566a9ac','{\"language\":\"ru-ru\",\"currency\":\"RUB\"}','2020-03-03 21:27:58'),('df47b30bd2b17e9c537542d86c','{\"language\":\"ru-ru\",\"currency\":\"RUB\"}','2020-03-05 13:23:43'),('df5063248272917162b49c7105','{\"language\":\"ru-ru\",\"currency\":\"RUB\"}','2020-02-20 05:04:52'),('df53ec27dfb8973978c677891a','{\"language\":\"ru-ru\",\"currency\":\"RUB\"}','2020-07-30 12:50:08'),('df59753728391be995ca0c763e','{\"language\":\"ru-ru\",\"currency\":\"RUB\"}','2020-02-19 02:39:38'),('df756bd2425e86d2fdb809de29','{\"language\":\"ru-ru\",\"currency\":\"RUB\"}','2020-02-20 05:09:30'),('df77ad98c5cf66fb8a353dfcf4','{\"language\":\"ru-ru\",\"currency\":\"RUB\"}','2020-02-19 02:40:17'),('df8d1985a769712e0490b5e178','{\"language\":\"ru-ru\",\"currency\":\"RUB\"}','2020-02-19 02:31:48'),('df9ac3bed992826a9b7817f6cf','{\"language\":\"ru-ru\",\"currency\":\"RUB\",\"vouchers\":[]}','2020-09-16 19:15:15'),('dfa2255eb338f90b6209e29fbd','{\"language\":\"ru-ru\",\"currency\":\"RUB\"}','2020-07-15 05:39:03'),('dfa8541370ec670044cd07a5ff','{\"language\":\"ru-ru\",\"currency\":\"RUB\"}','2020-09-22 19:13:59'),('dfa95fe6f93af9453eb0d05298','{\"language\":\"en-gb\",\"currency\":\"RUB\",\"redirect\":\"https:\\/\\/umolab.ru\\/shop\\/index.php?route=account\\/wishlist\"}','2020-03-28 12:15:29'),('dfadf713888fde46c5c4ca7bca','{\"language\":\"ru-ru\",\"currency\":\"RUB\"}','2020-02-20 22:50:37'),('dfd3ab2801f694f8fb3f7729b2','{\"language\":\"ru-ru\",\"currency\":\"RUB\"}','2020-03-04 09:17:29'),('dff09828cec1741d2d11fa1dec','{\"language\":\"ru-ru\",\"currency\":\"RUB\"}','2020-09-22 20:59:33'),('e011fb55530dc0b4301f5f1e4f','{\"language\":\"ru-ru\",\"currency\":\"RUB\"}','2020-09-24 09:36:01'),('e01c53444ae987bbf3ae505abe','{\"language\":\"ru-ru\",\"currency\":\"RUB\"}','2020-09-02 18:21:24'),('e034ab2d51488236a42ca757f5','{\"language\":\"ru-ru\",\"currency\":\"RUB\"}','2020-02-22 11:12:50'),('e0374fa47155fc0f1c19b7d9fc','{\"language\":\"ru-ru\",\"currency\":\"RUB\"}','2020-07-30 01:50:41'),('e0446863abf132395f06cf7c7c','{\"language\":\"ru-ru\",\"currency\":\"RUB\",\"redirect\":\"https:\\/\\/umolab.ru\\/shop\\/index.php?route=account\\/newsletter\"}','2020-07-15 05:38:42'),('e0735523048f43392e959adf28','{\"language\":\"ru-ru\",\"currency\":\"RUB\"}','2020-09-09 07:00:03'),('e0753ee5e7d67d102b7aab4321','{\"language\":\"ru-ru\",\"currency\":\"RUB\"}','2020-09-24 00:08:01'),('e077e8f6ebe1928a994eaa184d','{\"language\":\"ru-ru\",\"currency\":\"RUB\"}','2020-03-02 11:45:31'),('e087e3a78896b07b0dbe8e4a62','{\"language\":\"ru-ru\",\"currency\":\"RUB\"}','2020-09-20 09:18:06'),('e0960dc6c2ec4bcbb5867107ac','{\"language\":\"ru-ru\",\"currency\":\"RUB\"}','2020-09-21 03:56:35'),('e09f1d58daabd7977d8ae3a5f6','{\"language\":\"ru-ru\",\"currency\":\"RUB\"}','2020-02-20 05:21:18'),('e0bad90b75746957a3a977c009','{\"language\":\"ru-ru\",\"currency\":\"RUB\"}','2020-07-13 04:33:58'),('e0bffa1d9dbc8f7e39a1cc5aac','{\"language\":\"ru-ru\",\"currency\":\"RUB\"}','2020-03-01 03:24:22'),('e0c5c0aa193fd73ce78eac08ad','{\"language\":\"ru-ru\",\"currency\":\"RUB\"}','2020-02-20 05:19:26'),('e0cfbabe02358b59023545cd2d','{\"language\":\"ru-ru\",\"currency\":\"RUB\"}','2020-09-22 04:35:01'),('e0d22bd9e8f6b4484bc0039354','{\"language\":\"ru-ru\",\"currency\":\"RUB\"}','2020-02-19 02:52:50'),('e0fb6a0831bdcc6556f8c373e9','{\"language\":\"ru-ru\",\"currency\":\"RUB\"}','2020-02-21 21:27:28'),('e104395352d0ec2887a787687e','{\"language\":\"ru-ru\",\"currency\":\"RUB\"}','2020-02-20 05:47:31'),('e113ef164430db48a6efe15b96','{\"language\":\"ru-ru\",\"currency\":\"RUB\",\"redirect\":\"https:\\/\\/umolab.ru\\/shop\\/index.php?route=account\\/address\"}','2020-09-02 01:35:42'),('e127512b9a749e06813215e900','{\"language\":\"ru-ru\",\"currency\":\"RUB\"}','2020-09-16 06:29:04'),('e130db6b2b2058d247d0452293','{\"language\":\"ru-ru\",\"currency\":\"RUB\"}','2020-03-10 17:29:33'),('e13de05d79acf376ede7dbfb76','{\"language\":\"ru-ru\",\"currency\":\"RUB\"}','2020-04-11 19:52:59'),('e149c606efb2459560a0069db6','{\"language\":\"ru-ru\",\"currency\":\"RUB\"}','2020-07-30 01:50:50'),('e160a4724b17ee9c865ca4c02d','{\"language\":\"ru-ru\",\"currency\":\"RUB\"}','2020-07-18 05:08:55'),('e170c56838df0fb928a7b9839a','{\"language\":\"ru-ru\",\"currency\":\"RUB\"}','2020-09-18 07:15:56'),('e17d42e15f373335d017599130','{\"language\":\"ru-ru\",\"currency\":\"RUB\"}','2020-04-15 10:02:56'),('e17f681b67fd63a647e8a24607','{\"language\":\"ru-ru\",\"currency\":\"RUB\"}','2020-09-14 22:57:55'),('e193c932f781c8e95622f28ef6','{\"language\":\"ru-ru\",\"currency\":\"RUB\"}','2020-09-16 06:28:03'),('e1948bf31b8ef62dfc0080d636','{\"language\":\"en-gb\",\"currency\":\"RUB\",\"vouchers\":[]}','2020-07-09 11:02:47'),('e1a2e0ce0cc0bc340d09c137dd','{\"language\":\"ru-ru\",\"currency\":\"RUB\"}','2020-02-19 02:49:52'),('e1a6b83f617bc0e965fc05cfd0','{\"language\":\"ru-ru\",\"currency\":\"RUB\"}','2020-09-21 18:15:32'),('e1b3c6981645854dfc09c5cbc2','{\"language\":\"ru-ru\",\"currency\":\"RUB\"}','2020-09-24 18:11:43'),('e1d56a419665e63a9449635643','{\"language\":\"ru-ru\",\"currency\":\"RUB\"}','2020-03-05 01:59:18'),('e1e6e60d0b57352638798a8502','{\"language\":\"ru-ru\",\"currency\":\"RUB\"}','2020-09-25 16:48:40'),('e21bb0cd7e69abef1b7d2503e8','{\"language\":\"ru-ru\",\"currency\":\"RUB\"}','2020-09-21 08:38:04'),('e22dfc2be243fea6fc2df8a747','{\"language\":\"ru-ru\",\"currency\":\"RUB\"}','2020-07-24 04:40:54'),('e233169485155ed433e1e8c791','{\"language\":\"ru-ru\",\"currency\":\"RUB\"}','2020-03-11 07:30:44'),('e236b15e6207142d6651f644ef','{\"language\":\"ru-ru\",\"currency\":\"RUB\"}','2020-02-16 16:39:54'),('e2374d1bfb5eea851321fcca5e','{\"language\":\"ru-ru\",\"currency\":\"RUB\"}','2020-02-19 02:41:12'),('e27d9f79d51c07e2dc86eb67e2','{\"language\":\"ru-ru\",\"currency\":\"RUB\"}','2020-09-22 08:22:13'),('e28b2e3bbe0eea2e2e922ba6b0','{\"language\":\"ru-ru\",\"currency\":\"RUB\"}','2020-02-20 05:10:38'),('e2949c29117cd525f1a1ab8256','{\"language\":\"ru-ru\",\"currency\":\"RUB\"}','2020-06-22 17:48:01'),('e29a03d9242b917fde01ab4db4','{\"language\":\"ru-ru\",\"currency\":\"RUB\"}','2020-03-25 10:59:48'),('e2a75371753130bf05d8915dad','{\"language\":\"ru-ru\",\"currency\":\"RUB\",\"compare\":[]}','2020-09-29 01:12:19'),('e2aeeb2edccf9d8d1d3152d224','{\"language\":\"ru-ru\",\"currency\":\"RUB\"}','2020-02-20 05:29:33'),('e2b2710fdda72dd67c4ab370c7','{\"language\":\"ru-ru\",\"currency\":\"RUB\"}','2020-02-19 02:46:30'),('e2b404f25a52fab7f839699553','{\"language\":\"ru-ru\",\"currency\":\"RUB\",\"redirect\":\"https:\\/\\/umolab.ru\\/shop\\/index.php?route=account\\/order\"}','2020-07-24 04:40:56'),('e2b7d7d7cc11f46d480406cbcc','{\"language\":\"ru-ru\",\"currency\":\"RUB\"}','2020-02-21 16:31:47'),('e2ca6a65a69bccf7fbd8e8062e','{\"language\":\"ru-ru\",\"currency\":\"RUB\"}','2020-09-20 01:41:02'),('e2d59d7d23f3603cebed0f1f4d','{\"language\":\"ru-ru\",\"currency\":\"RUB\"}','2020-02-19 02:52:06'),('e2e46f08060db5b6e8669e0164','{\"language\":\"ru-ru\",\"currency\":\"RUB\"}','2020-09-17 19:07:00'),('e2f59ecd1322c9b8c5737d9b84','{\"language\":\"ru-ru\",\"currency\":\"RUB\"}','2020-02-20 05:16:33'),('e2f9835e33a840ef58be41c617','{\"language\":\"ru-ru\",\"currency\":\"RUB\"}','2020-09-20 00:04:27'),('e2ff5d9c81a9611f74746670ab','{\"language\":\"ru-ru\",\"currency\":\"RUB\"}','2020-09-20 02:29:55'),('e2ffda5845d124993ccde8edc4','{\"language\":\"ru-ru\",\"currency\":\"RUB\"}','2020-04-06 08:42:56'),('e30af26a02cae99882c3406231','{\"language\":\"ru-ru\",\"currency\":\"RUB\"}','2020-09-03 06:37:20'),('e319189ce3625d3c282c0e1be7','{\"language\":\"ru-ru\",\"currency\":\"RUB\",\"redirect\":\"https:\\/\\/umolab.ru\\/shop\\/index.php?route=account\\/account\"}','2020-05-15 11:20:14'),('e31b99b89860e0b1b7a9805723','{\"language\":\"ru-ru\",\"currency\":\"RUB\"}','2020-04-07 17:56:44'),('e34887ddb43b2d6df0c91f7fda','{\"language\":\"ru-ru\",\"currency\":\"RUB\"}','2020-05-15 08:55:45'),('e349a287e4a98c5b0c61183c57','{\"language\":\"ru-ru\",\"currency\":\"RUB\"}','2020-02-19 02:39:55'),('e35ffb5b24bbc60ebdcb5857d1','{\"language\":\"ru-ru\",\"currency\":\"RUB\"}','2020-02-20 05:22:28'),('e367de1a2b0b6c3c9562ede215','{\"language\":\"ru-ru\",\"currency\":\"RUB\"}','2020-02-20 05:06:52'),('e36fb999345dd7c8e707d515ab','{\"language\":\"ru-ru\",\"currency\":\"RUB\"}','2020-02-20 09:44:10'),('e37183c29201474c11519a6f95','{\"language\":\"ru-ru\",\"currency\":\"RUB\"}','2020-04-06 14:37:41'),('e384f685bdb78a8be2ed81ade5','{\"language\":\"ru-ru\",\"currency\":\"RUB\"}','2020-08-21 04:58:20'),('e386c7cd5bcb578fa70010a097','{\"language\":\"ru-ru\",\"currency\":\"RUB\"}','2020-08-04 17:32:17'),('e386db749105b67d08a76554a4','{\"language\":\"ru-ru\",\"currency\":\"RUB\"}','2020-02-19 02:39:45'),('e39d2166746707e3d108cbade4','{\"language\":\"ru-ru\",\"currency\":\"RUB\"}','2020-09-08 00:49:43'),('e3bd778ef80c9c293aa5f81ff2','{\"language\":\"ru-ru\",\"currency\":\"RUB\"}','2020-05-01 07:38:54'),('e3c8033e435efb385b0609abb8','{\"language\":\"ru-ru\",\"currency\":\"RUB\"}','2020-09-24 10:42:17'),('e3fd8c10415ac31edb5c8832f0','{\"language\":\"ru-ru\",\"currency\":\"RUB\"}','2020-09-19 15:27:15'),('e40cee8d4355ef98d5927c4c32','{\"language\":\"ru-ru\",\"currency\":\"RUB\"}','2020-02-20 05:10:43'),('e418854f1083f737a55f1f35e8','{\"language\":\"ru-ru\",\"currency\":\"RUB\"}','2020-02-21 14:13:31'),('e4523ecb7735160e3fe713e6b9','{\"language\":\"ru-ru\",\"currency\":\"RUB\",\"compare\":[]}','2020-09-07 07:47:52'),('e455d81ebd7be8a0181f7ff945','{\"language\":\"ru-ru\",\"currency\":\"RUB\"}','2020-02-19 02:51:10'),('e47aca69e79b5fcef6ecc6dd5d','{\"language\":\"ru-ru\",\"currency\":\"RUB\"}','2020-02-21 14:13:35'),('e4857901e3ff83b6deffbfd7c5','{\"language\":\"ru-ru\",\"currency\":\"RUB\"}','2020-05-24 09:55:37'),('e48baccc19a2602f12f3b7479a','{\"language\":\"ru-ru\",\"currency\":\"RUB\"}','2020-06-08 20:28:49'),('e48f9755c283df00fec05079e8','{\"language\":\"ru-ru\",\"currency\":\"RUB\"}','2020-09-18 17:21:32'),('e49180748c2a75574de18d160a','{\"language\":\"ru-ru\",\"currency\":\"RUB\"}','2020-02-19 02:46:49'),('e4954ba7f259026c27422c9747','{\"language\":\"ru-ru\",\"currency\":\"RUB\"}','2020-03-23 20:57:37'),('e4a9c87278168a26b92d5ff27c','{\"language\":\"ru-ru\",\"currency\":\"RUB\"}','2020-07-23 06:42:43'),('e4ae7543b53f63aa1c87780ff0','{\"language\":\"ru-ru\",\"currency\":\"RUB\"}','2020-03-12 20:22:03'),('e4c82ef5096feac01def60fa36','{\"language\":\"ru-ru\",\"currency\":\"RUB\"}','2020-07-15 05:38:42'),('e500a18d71f16415655b4623f6','{\"language\":\"en-gb\",\"currency\":\"RUB\"}','2020-02-20 01:14:56'),('e50a6ed5e128189a39ae9a92df','{\"language\":\"ru-ru\",\"currency\":\"RUB\"}','2020-09-27 20:28:20'),('e50f0a9a5d71da8dfc41739db6','{\"language\":\"ru-ru\",\"currency\":\"RUB\"}','2020-02-21 14:19:19'),('e52187cdb95bcc9e7196878b88','{\"language\":\"ru-ru\",\"currency\":\"RUB\"}','2020-02-22 11:23:03'),('e52726fd04c2ef60e6d8fc1666','{\"language\":\"ru-ru\",\"currency\":\"RUB\"}','2020-09-24 05:39:21'),('e52ddaf993acdbc2e4bacda6f3','{\"language\":\"ru-ru\",\"currency\":\"RUB\"}','2020-04-03 00:45:04'),('e534981063ce7d781fc7af9886','{\"language\":\"ru-ru\",\"currency\":\"RUB\"}','2020-02-20 07:23:07'),('e5410b3923d381ed9f8e16abda','{\"language\":\"ru-ru\",\"currency\":\"RUB\"}','2020-06-18 20:29:26'),('e54bedb1126d973ff4c50445a9','{\"language\":\"ru-ru\",\"currency\":\"RUB\"}','2020-02-20 11:28:18'),('e561454caf0ab2821726d58786','{\"language\":\"ru-ru\",\"currency\":\"RUB\"}','2020-09-02 15:45:34'),('e57169b765408c4c0b4aed44dd','{\"language\":\"ru-ru\",\"currency\":\"RUB\",\"redirect\":\"https:\\/\\/umolab.ru\\/shop\\/index.php?route=account\\/edit\"}','2020-09-05 01:30:04'),('e5be7793c8eb00121113a099d2','{\"language\":\"ru-ru\",\"currency\":\"RUB\"}','2020-02-19 02:52:01'),('e5c3ac3effa0b886b41c414339','{\"language\":\"ru-ru\",\"currency\":\"RUB\"}','2020-06-16 10:56:47'),('e5f7c1ac644e060b99735ff954','{\"language\":\"ru-ru\",\"currency\":\"RUB\"}','2020-03-29 21:47:48'),('e60f701bf6916860a3c51471f1','{\"language\":\"ru-ru\",\"currency\":\"RUB\"}','2020-02-19 02:46:52'),('e62be8e4dae0cc2bc6b80290d3','{\"language\":\"ru-ru\",\"currency\":\"RUB\"}','2020-09-17 18:29:08'),('e64238b4b71405cf991a934e29','{\"language\":\"ru-ru\",\"currency\":\"RUB\"}','2020-10-02 05:26:30'),('e6505128becbc23d58f0dbe227','{\"language\":\"ru-ru\",\"currency\":\"RUB\"}','2020-02-19 02:30:25'),('e6651145ab8fb3b17da5e66e6b','{\"language\":\"ru-ru\",\"currency\":\"RUB\"}','2020-06-18 20:29:30'),('e68ef99487bae26181d0fbaa97','{\"language\":\"ru-ru\",\"currency\":\"RUB\"}','2020-03-25 10:59:48'),('e6bbaf2d2cba96234ae5ca2e3a','{\"language\":\"ru-ru\",\"currency\":\"RUB\"}','2020-09-03 01:34:12'),('e6dc4dab4cdfeb7444e93c7321','{\"language\":\"ru-ru\",\"currency\":\"RUB\"}','2020-03-02 00:44:18'),('e6dd57d68527e9d878a7aa9b58','{\"language\":\"ru-ru\",\"currency\":\"RUB\"}','2020-09-01 22:17:05'),('e6ddac3ee429c8c68d0fabf0e3','{\"language\":\"ru-ru\",\"currency\":\"RUB\"}','2020-07-10 08:41:10'),('e6faaee0f77ab5f7d1a78ba0c1','{\"language\":\"ru-ru\",\"currency\":\"RUB\"}','2020-08-26 14:36:57'),('e6fd12759a1221a8da3847d1b4','{\"language\":\"ru-ru\",\"currency\":\"RUB\"}','2020-09-23 03:27:41'),('e70acaf09a27a87b4c0f0e9c68','{\"language\":\"ru-ru\",\"currency\":\"RUB\"}','2020-05-24 17:25:39'),('e71ef5eb68282c1912e9f44d63','{\"language\":\"ru-ru\",\"currency\":\"RUB\"}','2020-02-19 02:31:54'),('e722f9b76de0d3d60e780f4ee9','{\"language\":\"ru-ru\",\"currency\":\"RUB\"}','2020-09-18 10:34:48'),('e73d6487efc33e843f87819a3b','{\"language\":\"ru-ru\",\"currency\":\"RUB\"}','2020-05-05 06:12:02'),('e74573b551ee58abd7beea1d56','{\"language\":\"ru-ru\",\"currency\":\"RUB\"}','2020-07-15 19:24:17'),('e748441fb8ade0f7123529dccf','{\"language\":\"ru-ru\",\"currency\":\"RUB\"}','2020-06-19 02:57:19'),('e7575aa84b5cff5aca57b59705','{\"language\":\"ru-ru\",\"currency\":\"RUB\"}','2020-02-20 05:11:31'),('e76360b061bb95b3d10d357d70','{\"language\":\"ru-ru\",\"currency\":\"RUB\"}','2020-09-05 06:30:59'),('e77a146a9ddc055a87b2a1b966','{\"language\":\"ru-ru\",\"currency\":\"RUB\"}','2020-02-22 11:10:08'),('e780f1bad479f11e8d6f45713e','{\"language\":\"ru-ru\",\"currency\":\"RUB\"}','2020-02-19 02:52:46'),('e796b7caaaaf70aae2c5feed78','{\"language\":\"ru-ru\",\"currency\":\"RUB\"}','2020-02-19 02:36:03'),('e7ca093016a85e68e65b1cebfa','{\"language\":\"ru-ru\",\"currency\":\"RUB\"}','2020-08-28 14:22:24'),('e7cb54a21a1bd18035a049d74c','{\"language\":\"ru-ru\",\"currency\":\"RUB\"}','2020-02-20 14:13:02'),('e7d480febb13de117be8e33938','{\"language\":\"ru-ru\",\"currency\":\"RUB\"}','2020-09-16 06:28:34'),('e7ed08c77f3b2c2388d02e3582','{\"language\":\"ru-ru\",\"currency\":\"RUB\"}','2020-02-20 10:59:54'),('e7eefe0c681414d9696e6e0ead','{\"language\":\"ru-ru\",\"currency\":\"RUB\"}','2020-07-18 05:07:17'),('e8181c560a6620f4bec9f62b5d','{\"language\":\"ru-ru\",\"currency\":\"RUB\"}','2020-05-20 14:29:41'),('e819127659ea3c5bce420a197d','{\"language\":\"ru-ru\",\"currency\":\"RUB\"}','2020-08-02 22:38:22'),('e83387299ef40d9039c82c57d6','{\"language\":\"ru-ru\",\"currency\":\"RUB\"}','2020-09-18 04:16:04'),('e846d9888be264b8b26cce1a2a','{\"language\":\"ru-ru\",\"currency\":\"RUB\"}','2020-09-13 08:35:07'),('e8728f90e628987c452c94558d','{\"language\":\"ru-ru\",\"currency\":\"RUB\"}','2020-05-05 12:25:39'),('e87ef8dc3943de2b8327734ab9','{\"language\":\"ru-ru\",\"currency\":\"RUB\"}','2020-07-17 01:58:26'),('e888af8feeb4b36ca3c13ec078','{\"language\":\"ru-ru\",\"currency\":\"RUB\"}','2020-02-19 02:38:17'),('e88c6d7ad4a688ee7bedbd9bea','{\"language\":\"ru-ru\",\"currency\":\"RUB\"}','2020-09-18 07:21:16'),('e88e56562ec00c197498b35f4a','{\"language\":\"ru-ru\",\"currency\":\"RUB\"}','2020-07-22 19:55:32'),('e894a61b3a18449f21c3696105','{\"language\":\"ru-ru\",\"currency\":\"RUB\"}','2020-03-25 19:39:52'),('e898c1e5c66e2460f9f27fb197','{\"language\":\"ru-ru\",\"currency\":\"RUB\"}','2020-02-20 05:12:20'),('e89e4dc7cd1ade8e82952d53a2','{\"language\":\"ru-ru\",\"currency\":\"RUB\"}','2020-05-21 22:37:52'),('e8b9ef2340efd9fd62cb6e6123','{\"language\":\"ru-ru\",\"currency\":\"RUB\"}','2020-09-22 05:41:17'),('e8c0f6dc4b88486fc6394229d0','{\"language\":\"ru-ru\",\"currency\":\"RUB\",\"vouchers\":[]}','2020-04-15 09:59:56'),('e8d063a2f860f459a6ae2f74c0','{\"language\":\"ru-ru\",\"currency\":\"RUB\"}','2020-02-22 23:43:10'),('e8e49ab8ac836642742ccb855f','{\"language\":\"ru-ru\",\"currency\":\"RUB\"}','2020-02-20 05:18:40'),('e900d1dfb90bb158bbefeab15c','{\"language\":\"ru-ru\",\"currency\":\"RUB\"}','2020-07-30 01:50:46'),('e918a392d68264f083cc0560d4','{\"language\":\"ru-ru\",\"currency\":\"RUB\"}','2020-09-23 20:36:28'),('e91fdb44e010ffc39fe664a541','{\"language\":\"ru-ru\",\"currency\":\"RUB\"}','2020-09-17 21:47:55'),('e925fa3a2744a00ad1e0348d65','{\"language\":\"ru-ru\",\"currency\":\"RUB\"}','2020-09-25 14:24:06'),('e9275ea14082750349112efe72','{\"language\":\"ru-ru\",\"currency\":\"RUB\"}','2020-02-20 05:18:47'),('e9372a7f2e7df851da5f8cb223','{\"language\":\"ru-ru\",\"currency\":\"RUB\",\"redirect\":\"https:\\/\\/umolab.ru\\/shop\\/index.php?route=account\\/order\"}','2020-06-14 19:56:09'),('e952c4e4ae029d982f224543ac','{\"language\":\"ru-ru\",\"currency\":\"RUB\"}','2020-02-19 02:40:57'),('e95b9c0df3179817b6df63ba7c','{\"language\":\"ru-ru\",\"currency\":\"RUB\"}','2020-03-09 22:34:17'),('e95cc624eceb4a2c0fc50d8476','{\"language\":\"ru-ru\",\"currency\":\"RUB\"}','2020-02-19 02:32:18'),('e95faad03abf95eeae1acc9d48','{\"language\":\"ru-ru\",\"currency\":\"RUB\"}','2020-09-20 04:14:03'),('e963b1d23bee33bdcf754664f7','{\"language\":\"ru-ru\",\"currency\":\"RUB\"}','2020-02-20 05:13:08'),('e9843ecdcb91a20c138fd48cec','{\"language\":\"ru-ru\",\"currency\":\"RUB\"}','2020-09-19 14:55:33'),('e98798fce8dc7f5b34f4f53a3e','{\"language\":\"ru-ru\",\"currency\":\"RUB\"}','2020-09-29 13:39:52'),('e99d1a7bf29c8de589842300ea','{\"language\":\"ru-ru\",\"currency\":\"RUB\"}','2020-02-19 02:50:06'),('e9a08af5e6149c50651e200df2','{\"language\":\"ru-ru\",\"currency\":\"RUB\"}','2020-02-20 05:09:03'),('e9b3da4bae937e7c0105fb741a','{\"language\":\"ru-ru\",\"currency\":\"RUB\"}','2020-02-19 02:39:37'),('e9cdaeb38793c9af6936a2dafa','{\"language\":\"ru-ru\",\"currency\":\"RUB\"}','2020-09-18 02:03:32'),('e9d029f8cbbb57547deca2150c','{\"language\":\"ru-ru\",\"currency\":\"RUB\"}','2020-02-19 02:39:52'),('e9d6a6880325121cc0293ba618','{\"language\":\"ru-ru\",\"currency\":\"RUB\"}','2020-07-22 23:07:34'),('e9dc566e615ac347f75949f7a9','{\"language\":\"ru-ru\",\"currency\":\"RUB\"}','2020-02-20 05:10:07'),('e9e63322e6542d482e98259371','{\"language\":\"ru-ru\",\"currency\":\"RUB\"}','2020-02-20 07:59:48'),('e9e818d91a3330630f412668a2','{\"language\":\"ru-ru\",\"currency\":\"RUB\"}','2020-04-15 10:03:19'),('e9f23bd8e652cc237b33136fd8','{\"language\":\"ru-ru\",\"currency\":\"RUB\"}','2020-02-19 02:50:22'),('e9fa2e67324d5b02f18f9c6815','{\"language\":\"ru-ru\",\"currency\":\"RUB\",\"vouchers\":[]}','2020-09-02 12:32:41'),('ea0182fbea6e1f42f034ee69bc','{\"language\":\"ru-ru\",\"currency\":\"RUB\"}','2020-02-20 14:18:42'),('ea058e7e6d66b0012f73b2d7d1','{\"language\":\"ru-ru\",\"currency\":\"RUB\"}','2020-02-20 05:12:14'),('ea0efcd1f6db0e39dc054f9fb4','{\"language\":\"ru-ru\",\"currency\":\"RUB\"}','2020-08-27 05:04:43'),('ea1f833e14c739a9fa01881b51','{\"language\":\"ru-ru\",\"currency\":\"RUB\"}','2020-03-19 08:21:33'),('ea42a761d89bf292f5cc6951dd','{\"language\":\"ru-ru\",\"currency\":\"RUB\"}','2020-09-16 06:31:45'),('ea5ad4199910d2e74e7252310a','{\"language\":\"ru-ru\",\"currency\":\"RUB\"}','2020-09-17 21:19:32'),('ea6b7f5a786543440ff86b8eb1','{\"language\":\"ru-ru\",\"currency\":\"RUB\"}','2020-05-14 04:40:05'),('ea6d034179fc9913b8459df187','{\"language\":\"ru-ru\",\"currency\":\"RUB\"}','2020-02-22 23:42:48'),('ea73814123c0e0da9d50e48966','{\"language\":\"ru-ru\",\"currency\":\"RUB\"}','2020-02-22 11:09:40'),('ea7bf355f3af52ba5c8fee6c92','{\"language\":\"ru-ru\",\"currency\":\"RUB\"}','2020-09-24 19:01:34'),('ea89907e3750f0ae6782e08691','{\"language\":\"ru-ru\",\"currency\":\"RUB\"}','2020-09-23 10:43:09'),('eaadcefeb68c60b8311d91f8c4','{\"language\":\"ru-ru\",\"currency\":\"RUB\"}','2020-02-26 05:22:24'),('eab8598cb554d2385f93cbde94','{\"language\":\"ru-ru\",\"currency\":\"RUB\"}','2020-02-27 02:57:29'),('eaba5012a29a7c240272edd6b8','{\"language\":\"ru-ru\",\"currency\":\"RUB\"}','2020-06-19 09:31:32'),('eabd5896be8a7b082126d54386','{\"language\":\"ru-ru\",\"currency\":\"RUB\"}','2020-07-25 01:33:14'),('eac6418b9ab58e8392cfd25d8a','{\"language\":\"ru-ru\",\"currency\":\"RUB\"}','2020-03-31 21:51:14'),('eace5d906ccea276dcf1e3f0af','{\"language\":\"ru-ru\",\"currency\":\"RUB\"}','2020-07-17 04:06:11'),('ead3c92b6c6e11b5c679bc8671','{\"language\":\"ru-ru\",\"currency\":\"RUB\"}','2020-09-24 10:23:21'),('eada5dbae804e8a22982901d75','{\"language\":\"ru-ru\",\"currency\":\"RUB\"}','2020-02-20 05:19:33'),('eb0246724f9076c52954082fc8','{\"language\":\"ru-ru\",\"currency\":\"RUB\"}','2020-09-23 22:42:49'),('eb13afb8dc04e5b73ac62a3355','{\"language\":\"ru-ru\",\"currency\":\"RUB\"}','2020-05-21 16:13:14'),('eb1db9e4268ef584783b05d3fd','{\"language\":\"ru-ru\",\"currency\":\"RUB\"}','2020-09-23 04:06:01'),('eb1f01bb6e2b69f3955ae8e505','{\"language\":\"ru-ru\",\"currency\":\"RUB\"}','2020-10-01 03:23:53'),('eb2a30b5f7b649ddc421f888dc','{\"language\":\"ru-ru\",\"currency\":\"RUB\"}','2020-09-22 01:06:45'),('eb30fddf213c7367356afa2d4c','{\"language\":\"ru-ru\",\"currency\":\"RUB\"}','2020-03-12 23:32:25'),('eb32e5db806b3d64c6528dd7b1','{\"language\":\"ru-ru\",\"currency\":\"RUB\"}','2020-03-14 06:45:27'),('eb41f20dcd9c9581bc6fac4c73','{\"language\":\"ru-ru\",\"currency\":\"RUB\"}','2020-07-15 05:38:54'),('eb7ac6dc36b5cf9c18d5400d88','{\"language\":\"ru-ru\",\"currency\":\"RUB\"}','2020-09-24 03:55:13'),('eb86421b8b72b4ab510e943933','{\"language\":\"ru-ru\",\"currency\":\"RUB\"}','2020-02-22 11:19:37'),('eb878c853b280745671e372374','{\"language\":\"ru-ru\",\"currency\":\"RUB\"}','2020-02-19 02:50:45'),('eb8fffea495205daaf0781d032','{\"language\":\"ru-ru\",\"currency\":\"RUB\"}','2020-09-03 00:18:25'),('ebabf135fc8182c2231dddad0b','{\"language\":\"ru-ru\",\"currency\":\"RUB\"}','2020-02-20 12:15:38'),('ebb5c5e7185c840cb1aa097f11','{\"language\":\"ru-ru\",\"currency\":\"RUB\"}','2020-09-26 05:55:39'),('ebbbbeb4da8aec5043a9983385','{\"language\":\"ru-ru\",\"currency\":\"RUB\"}','2020-03-15 04:27:50'),('ebc797eda23538e6d3b7e2fc55','{\"language\":\"ru-ru\",\"currency\":\"RUB\"}','2020-08-27 03:26:25'),('ebdc8259ce3d7797c78c1fd723','{\"language\":\"ru-ru\",\"currency\":\"RUB\"}','2020-02-19 02:38:58'),('ebe9c0c3a8488d00d46becdb8b','{\"language\":\"ru-ru\",\"currency\":\"RUB\"}','2020-09-24 00:17:29'),('ebf1741724a058cd3fdd3eb66f','{\"language\":\"ru-ru\",\"currency\":\"RUB\"}','2020-09-30 08:21:27'),('ec043a0fa0df02768c5f24113b','{\"language\":\"ru-ru\",\"currency\":\"RUB\"}','2020-02-19 02:31:29'),('ec07e3e851fbac95775ab05fcd','{\"language\":\"ru-ru\",\"currency\":\"RUB\"}','2020-02-20 05:11:01'),('ec0aa7f49b9a4542fb68def07a','{\"language\":\"ru-ru\",\"currency\":\"RUB\"}','2020-02-20 05:13:34'),('ec1db0c6e7146daa23c646349c','{\"language\":\"ru-ru\",\"currency\":\"RUB\"}','2020-02-20 05:13:28'),('ec1eba7174f075fb82ab3b8ded','{\"language\":\"ru-ru\",\"currency\":\"RUB\"}','2020-09-25 14:20:12'),('ec4c5ec3def758ada786c4126a','{\"language\":\"ru-ru\",\"currency\":\"RUB\"}','2020-02-21 14:09:11'),('ec5f74e8a172d2f3260d54c33c','{\"language\":\"ru-ru\",\"currency\":\"RUB\"}','2020-09-24 05:27:05'),('ec6484345b7414bf98d9c41860','{\"language\":\"ru-ru\",\"currency\":\"RUB\"}','2020-07-18 05:08:34'),('ec7790ada52c1956b3d25508c2','{\"language\":\"ru-ru\",\"currency\":\"RUB\"}','2020-02-20 22:21:33'),('ec8c88fa5c4d56222a24b99a19','{\"language\":\"ru-ru\",\"currency\":\"RUB\"}','2020-09-24 08:39:13'),('eca675c13b190a7eb6f1cc69d2','{\"language\":\"ru-ru\",\"currency\":\"RUB\"}','2020-02-19 02:41:51'),('ecc8b3101d86a6a59d086ead0c','{\"language\":\"ru-ru\",\"currency\":\"RUB\"}','2020-03-15 04:28:38'),('ece317c6394323e6994519677f','{\"language\":\"ru-ru\",\"currency\":\"RUB\"}','2020-09-24 18:53:40'),('ece4403626c1b47d48361d0dfb','{\"language\":\"ru-ru\",\"currency\":\"RUB\"}','2020-09-19 15:01:59'),('ece54ac2adfc5643c6e3899d7e','{\"language\":\"ru-ru\",\"currency\":\"RUB\"}','2020-02-21 18:11:53'),('ece68a3ee6e4a83f508fb8cf68','{\"language\":\"ru-ru\",\"currency\":\"RUB\"}','2020-05-11 23:57:19'),('ecf6ecaa82fa63006a5b9f9612','{\"language\":\"ru-ru\",\"currency\":\"RUB\",\"vouchers\":[]}','2020-07-24 04:41:11'),('ed089389e0cd62786d13ebd62f','{\"language\":\"ru-ru\",\"currency\":\"RUB\"}','2020-09-18 03:28:44'),('ed3db4e5ff1197921748af267d','{\"language\":\"ru-ru\",\"currency\":\"RUB\"}','2020-06-20 15:15:32'),('ed602b7ad76bc0c58e9de22653','{\"language\":\"ru-ru\",\"currency\":\"RUB\"}','2020-08-27 09:20:48'),('ed732fa20da6056764fb04a28f','{\"language\":\"ru-ru\",\"currency\":\"RUB\"}','2020-09-20 07:13:54'),('ed75d0fba7b12a25ca32455294','{\"language\":\"ru-ru\",\"currency\":\"RUB\"}','2020-02-19 02:49:18'),('ed795ed6028250a4aeb86622dd','{\"language\":\"ru-ru\",\"currency\":\"RUB\"}','2020-02-20 05:10:41'),('ed7c774ea2128bea7d762b25b1','{\"language\":\"ru-ru\",\"currency\":\"RUB\"}','2020-07-03 22:57:45'),('ed7d74cb23953e5ac04beaf160','{\"language\":\"ru-ru\",\"currency\":\"RUB\"}','2020-09-21 01:32:04'),('ed8a50eda2d09dc751bac38ea9','{\"language\":\"ru-ru\",\"currency\":\"RUB\"}','2020-02-19 02:49:58'),('ed8e15c3f0a03696067e3851f8','{\"language\":\"ru-ru\",\"currency\":\"RUB\"}','2020-09-23 04:15:01'),('ed94df203abe91f2755019f893','{\"language\":\"en-gb\",\"currency\":\"RUB\"}','2020-07-09 11:02:36'),('edad617bd56b704d75f19df2ed','{\"language\":\"ru-ru\",\"currency\":\"RUB\"}','2020-02-20 15:43:54'),('edbc0180141f8794f92510fe98','{\"language\":\"ru-ru\",\"currency\":\"RUB\"}','2020-02-19 02:46:22'),('edd89f86844d787034ca32def5','{\"language\":\"ru-ru\",\"currency\":\"RUB\"}','2020-02-19 02:31:09'),('edde2ea1c6cd231362ae570905','{\"language\":\"ru-ru\",\"currency\":\"RUB\"}','2020-09-23 16:44:48'),('ee0b215690682ee128010c0b8b','{\"language\":\"ru-ru\",\"currency\":\"RUB\"}','2020-02-20 05:10:36'),('ee22c209c3abf4f5aa90ddb7b5','{\"language\":\"ru-ru\",\"currency\":\"RUB\"}','2020-02-20 21:05:46'),('ee5df2e47f2b1b0c33a0d1c6d4','{\"language\":\"en-gb\",\"currency\":\"RUB\"}','2020-08-22 15:52:19'),('ee68420fa1f69c51ecaf6a3e85','{\"language\":\"ru-ru\",\"currency\":\"RUB\"}','2020-03-13 20:54:24'),('ee6b5c32968ad643f05fda9bca','{\"language\":\"ru-ru\",\"currency\":\"RUB\"}','2020-08-25 23:21:23'),('ee86e76aee01797fd0dd58f490','{\"language\":\"ru-ru\",\"currency\":\"RUB\"}','2020-09-18 16:15:32'),('ee8d3bd4c41f13776266ff7cdd','{\"language\":\"ru-ru\",\"currency\":\"RUB\"}','2020-09-27 19:17:45'),('ee93bf25e3dcb72d04b83ccde9','{\"language\":\"ru-ru\",\"currency\":\"RUB\"}','2020-02-19 02:45:32'),('ee9c15e7e683225728b7171878','{\"language\":\"ru-ru\",\"currency\":\"RUB\"}','2020-09-19 21:45:55'),('eec399801c2f8ac12a41b2c89b','{\"language\":\"ru-ru\",\"currency\":\"RUB\"}','2020-02-20 05:12:54'),('eed9b8d31aeb103f22665903bc','{\"language\":\"ru-ru\",\"currency\":\"RUB\"}','2020-09-23 12:36:45'),('eee91cbde4d4b532648caa17a8','{\"language\":\"ru-ru\",\"currency\":\"RUB\"}','2020-09-20 12:28:43'),('eef0821c7fb264b646c53b2783','{\"language\":\"ru-ru\",\"currency\":\"RUB\"}','2020-02-20 10:43:16'),('eef3d24b5c25008158c1ad8d34','{\"language\":\"ru-ru\",\"currency\":\"RUB\"}','2020-02-20 05:12:09'),('eef4113b611c12ed35f6b95d6c','{\"language\":\"ru-ru\",\"currency\":\"RUB\"}','2020-02-19 02:52:38'),('eef59acf27106d68d74182b91d','{\"language\":\"ru-ru\",\"currency\":\"RUB\"}','2020-06-06 19:01:08'),('eef7fb851f704929554316e5de','{\"language\":\"ru-ru\",\"currency\":\"RUB\"}','2020-02-22 11:06:47'),('ef080d2257903a9ed414a2ac0d','{\"language\":\"ru-ru\",\"currency\":\"RUB\"}','2020-02-20 09:44:58'),('ef1f5e9f684cbfbe12accc7191','{\"language\":\"ru-ru\",\"currency\":\"RUB\"}','2020-02-20 05:21:51'),('ef22e7effc60ff939857ce9007','{\"language\":\"ru-ru\",\"currency\":\"RUB\"}','2020-02-19 02:52:28'),('ef2ac80e86970cf8f97a92f105','{\"language\":\"ru-ru\",\"currency\":\"RUB\"}','2020-09-07 12:21:58'),('ef2b779b550e5dc123df6a1ae9','{\"language\":\"ru-ru\",\"currency\":\"RUB\"}','2020-04-25 08:14:05'),('ef3416adba33aba047ed670e95','{\"language\":\"ru-ru\",\"currency\":\"RUB\"}','2020-02-19 02:39:57'),('ef411a5cdff8d332404414014e','{\"language\":\"ru-ru\",\"currency\":\"RUB\"}','2020-09-18 00:09:56'),('ef56cd99dc557f3404ad083804','{\"language\":\"en-gb\",\"currency\":\"RUB\"}','2020-04-20 00:04:14'),('ef6ce65a93b6c5437f1ea6cd55','{\"language\":\"ru-ru\",\"currency\":\"RUB\"}','2020-07-12 19:01:35'),('ef7e97e7628f42a29fd552e97f','{\"language\":\"ru-ru\",\"currency\":\"RUB\"}','2020-02-21 14:08:55'),('ef7ebd75f8599831ececcbb2ae','{\"language\":\"ru-ru\",\"currency\":\"RUB\"}','2020-02-20 08:02:54'),('ef7ec8b2b1fd8306c9e24f71e6','{\"language\":\"ru-ru\",\"currency\":\"RUB\"}','2020-02-21 14:10:03'),('ef8c63e20880ef1aef3c682110','{\"language\":\"ru-ru\",\"currency\":\"RUB\"}','2020-07-18 05:05:29'),('ef92603dcc3613791c5813a227','{\"language\":\"ru-ru\",\"currency\":\"RUB\"}','2020-10-02 15:39:46'),('efa9c5479473f6880b2263d8d0','{\"language\":\"ru-ru\",\"currency\":\"RUB\"}','2020-09-21 20:56:25'),('efaf2e07bdbe5bd740cb163b98','{\"language\":\"ru-ru\",\"currency\":\"RUB\"}','2020-02-19 02:44:08'),('efb7578d1eb2d1d16ce04d1b5d','{\"language\":\"ru-ru\",\"currency\":\"RUB\"}','2020-02-19 02:40:54'),('efb9c522c502b7e9ae86fcb208','{\"language\":\"ru-ru\",\"currency\":\"RUB\"}','2020-02-21 01:41:07'),('efd2e0e37d591a8a1503e09bc5','{\"language\":\"ru-ru\",\"currency\":\"RUB\"}','2020-03-21 08:08:30'),('eff35d29e6de53064c1265922d','{\"language\":\"ru-ru\",\"currency\":\"RUB\"}','2020-09-15 07:59:09'),('eff55ed15a537d716fd0abb7f0','{\"language\":\"ru-ru\",\"currency\":\"RUB\"}','2020-07-27 19:19:55'),('f0575cdeaeb6adc818d3878f56','{\"language\":\"ru-ru\",\"currency\":\"RUB\"}','2020-05-24 02:32:17'),('f0586efbf7f39a22b0ff27943f','{\"language\":\"ru-ru\",\"currency\":\"RUB\"}','2020-02-19 02:41:01'),('f059fcf36eadde4897918d843b','{\"language\":\"ru-ru\",\"currency\":\"RUB\"}','2020-05-29 18:49:30'),('f05be499ba9643a91c2f3e5bc7','{\"language\":\"ru-ru\",\"currency\":\"RUB\"}','2020-07-18 05:10:18'),('f05c34e02b2b7a0d2315e63f05','{\"language\":\"ru-ru\",\"currency\":\"RUB\"}','2020-03-29 08:14:27'),('f088acae2cc9296c56cdc16ede','{\"language\":\"ru-ru\",\"currency\":\"RUB\"}','2020-02-20 05:11:53'),('f09d5e7d927e79821684ef5084','{\"language\":\"ru-ru\",\"currency\":\"RUB\"}','2020-05-23 15:21:20'),('f0a366ba12290ef3d6b8b7e9f9','{\"language\":\"ru-ru\",\"currency\":\"RUB\"}','2020-02-26 15:17:33'),('f0a5f71635634cab2af4f98463','{\"language\":\"ru-ru\",\"currency\":\"RUB\"}','2020-06-15 06:55:59'),('f0ac7e29f8db823e3b6983c53d','{\"language\":\"ru-ru\",\"currency\":\"RUB\"}','2020-02-21 14:07:44'),('f0b808af6d2f32d1b83002f920','{\"language\":\"ru-ru\",\"currency\":\"RUB\"}','2020-02-20 14:56:34'),('f0c3453ba84b1c53c2f1928d19','{\"language\":\"ru-ru\",\"currency\":\"RUB\"}','2020-02-20 05:13:03'),('f0c6084ffc1dc8dbe8f8a5beaf','{\"language\":\"ru-ru\",\"currency\":\"RUB\"}','2020-05-05 01:26:48'),('f0cb76390e1d227c27ff65f142','{\"language\":\"ru-ru\",\"currency\":\"RUB\"}','2020-02-19 02:38:14'),('f0e384bb827f36f5b9a6645178','{\"language\":\"ru-ru\",\"currency\":\"RUB\"}','2020-04-29 05:10:05'),('f0e840b7de612f54c68b45ea45','{\"language\":\"ru-ru\",\"currency\":\"RUB\"}','2020-02-21 02:56:02'),('f0f19fc4e89ef9f3ed2c7d7812','{\"language\":\"ru-ru\",\"currency\":\"RUB\"}','2020-02-21 02:08:43'),('f1199cb30e43419d0df76952df','{\"language\":\"ru-ru\",\"currency\":\"RUB\"}','2020-09-07 23:18:09'),('f14563a0f5c02cca6ad694de2a','{\"language\":\"ru-ru\",\"currency\":\"RUB\"}','2020-02-20 15:24:58'),('f1461bff54803954b3c7a8044a','{\"language\":\"ru-ru\",\"currency\":\"RUB\"}','2020-02-19 02:50:38'),('f14b506087581e7f7c0c1d7b8b','{\"language\":\"ru-ru\",\"currency\":\"RUB\"}','2020-02-20 05:10:16'),('f1583d0b483039e1d88917251f','{\"language\":\"ru-ru\",\"currency\":\"RUB\"}','2020-08-24 07:14:35'),('f1792b788b5433f3902e6d13f5','{\"language\":\"ru-ru\",\"currency\":\"RUB\"}','2020-02-22 11:11:38'),('f195bf34b0a9f06190f60496b4','{\"language\":\"ru-ru\",\"currency\":\"RUB\"}','2020-02-21 14:08:44'),('f1a7728af3aac59d528a2d0980','{\"language\":\"ru-ru\",\"currency\":\"RUB\"}','2020-02-20 13:20:34'),('f1c1a09887dfd319bcb5c0745f','{\"language\":\"ru-ru\",\"currency\":\"RUB\"}','2020-02-27 03:00:07'),('f1cd4bdd76c247a929b233687c','{\"language\":\"ru-ru\",\"currency\":\"RUB\"}','2020-02-19 02:46:42'),('f1daa04f3fb6e3c0ff82fc0962','{\"language\":\"ru-ru\",\"currency\":\"RUB\"}','2020-02-21 14:12:33'),('f1e652afeddb97ad41ed0d5f94','{\"language\":\"ru-ru\",\"currency\":\"RUB\"}','2020-09-07 02:31:49'),('f1e8494a83f3cd3360c21c29b5','{\"language\":\"ru-ru\",\"currency\":\"RUB\"}','2020-09-22 15:37:44'),('f1ef7ba27ffeb725aa4a181964','{\"language\":\"ru-ru\",\"currency\":\"RUB\"}','2020-02-21 14:20:53'),('f228342e1631c399d488b43ffc','{\"language\":\"ru-ru\",\"currency\":\"RUB\"}','2020-08-19 21:57:58'),('f27d9a9e35bd30bdcb27c2e551','{\"language\":\"ru-ru\",\"currency\":\"RUB\"}','2020-09-22 08:50:37'),('f294f01d36c738b094314c34fd','{\"language\":\"ru-ru\",\"currency\":\"RUB\"}','2020-03-06 12:39:21'),('f2a7a25286cd2954cbd626a813','{\"language\":\"ru-ru\",\"currency\":\"RUB\"}','2020-02-20 05:09:44'),('f2b3e094f533c5918c9c23b26a','{\"language\":\"ru-ru\",\"currency\":\"RUB\"}','2020-09-24 19:03:20'),('f2cbbce062b9ecf2553c38dc53','{\"language\":\"ru-ru\",\"currency\":\"RUB\"}','2020-03-06 11:10:39'),('f2fa93509917418f9d5c9045ff','{\"language\":\"ru-ru\",\"currency\":\"RUB\"}','2020-07-24 06:44:03'),('f30da77e8ab31bf20478c4ff98','{\"language\":\"ru-ru\",\"currency\":\"RUB\"}','2020-02-19 02:50:03'),('f31df354373c245b0d4145e852','{\"language\":\"ru-ru\",\"currency\":\"RUB\"}','2020-04-15 10:03:24'),('f322570c8da2843c8c57bbc110','{\"language\":\"ru-ru\",\"currency\":\"RUB\"}','2020-09-20 20:38:36'),('f32444f30341658f99fc60b1b3','{\"language\":\"ru-ru\",\"currency\":\"RUB\"}','2020-02-19 02:50:39'),('f32b645d0ceae8b699a8a4ac31','{\"language\":\"ru-ru\",\"currency\":\"RUB\"}','2020-07-15 05:38:32'),('f3399b4fddfa044bd113a4c30d','{\"language\":\"ru-ru\",\"currency\":\"RUB\"}','2020-02-20 05:07:39'),('f33e38c62b48b8748a176f1c7f','{\"language\":\"ru-ru\",\"currency\":\"RUB\"}','2020-09-23 18:35:23'),('f348bd2a0e35493ccef5640273','{\"language\":\"ru-ru\",\"currency\":\"RUB\"}','2020-02-19 02:39:54'),('f35a35b7398b9f3b4f827a3f3d','{\"language\":\"ru-ru\",\"currency\":\"RUB\"}','2020-02-20 05:11:18'),('f35dcbe04a22564273b9837ed3','{\"language\":\"ru-ru\",\"currency\":\"RUB\"}','2020-03-06 23:55:49'),('f36a6feaf68123ae989f41a6a2','{\"language\":\"ru-ru\",\"currency\":\"RUB\"}','2020-07-18 05:10:26'),('f36b4abb5a45e165b89c5d4786','{\"language\":\"ru-ru\",\"currency\":\"RUB\"}','2020-02-20 21:00:41'),('f370cb3ebb07eaa73923f87459','{\"language\":\"ru-ru\",\"currency\":\"RUB\"}','2020-03-02 11:36:23'),('f3879d009bca1647ffa4ecb211','{\"language\":\"ru-ru\",\"currency\":\"RUB\"}','2020-08-25 02:02:41'),('f39d24bd60ff66f891da3639ff','{\"language\":\"ru-ru\",\"currency\":\"RUB\"}','2020-02-21 03:25:57'),('f3a0004d128ac783e1ae2aa2b2','{\"language\":\"ru-ru\",\"currency\":\"RUB\"}','2020-03-15 04:29:49'),('f3a1720a5d9146161086981c93','{\"language\":\"ru-ru\",\"currency\":\"RUB\"}','2020-02-20 16:31:15'),('f3d2b820d76a642cb9d1d0a9e9','{\"language\":\"ru-ru\",\"currency\":\"RUB\"}','2020-09-16 06:25:39'),('f3e88cff6c31b3bbbd78264929','{\"language\":\"ru-ru\",\"currency\":\"RUB\"}','2020-02-19 02:46:36'),('f3ee3fe85df6d5104a988b4ae5','{\"language\":\"ru-ru\",\"currency\":\"RUB\"}','2020-09-20 23:33:02'),('f3ff1b80fd52d2fcddf343e06c','{\"language\":\"ru-ru\",\"currency\":\"RUB\"}','2020-09-25 14:26:04'),('f400546be46ca075f99caa09bb','{\"language\":\"ru-ru\",\"currency\":\"RUB\"}','2020-02-28 20:59:43'),('f42335e501cb35f281c3deb90e','{\"language\":\"ru-ru\",\"currency\":\"RUB\"}','2020-08-24 20:43:13'),('f42bdd5c98d67b5af7816c2f37','{\"language\":\"ru-ru\",\"currency\":\"RUB\"}','2020-02-20 10:17:00'),('f42ed991b973780d9a5bc48139','{\"language\":\"ru-ru\",\"currency\":\"RUB\"}','2020-09-18 11:03:08'),('f4315ab81b6dd890c378221f26','{\"language\":\"ru-ru\",\"currency\":\"RUB\"}','2020-09-18 03:00:25'),('f44ec5a210da4e909ecd320cd1','{\"language\":\"ru-ru\",\"currency\":\"RUB\"}','2020-07-18 05:09:11'),('f459efd57f83d98fbad6e8ada4','{\"language\":\"ru-ru\",\"currency\":\"RUB\"}','2020-08-18 04:45:18'),('f468196204729f98f6d0713acd','{\"language\":\"ru-ru\",\"currency\":\"RUB\"}','2020-09-22 03:57:09'),('f477407532e1c791952031049d','{\"language\":\"ru-ru\",\"currency\":\"RUB\"}','2020-02-19 02:32:21'),('f48e62316a1c174bc7a49962f0','{\"language\":\"ru-ru\",\"currency\":\"RUB\"}','2020-02-20 05:12:16'),('f49373de357acbc38522c03102','{\"language\":\"ru-ru\",\"currency\":\"RUB\"}','2020-03-04 07:59:46'),('f49e9248ae5bbf1dd4564b0139','{\"language\":\"ru-ru\",\"currency\":\"RUB\"}','2020-09-20 23:29:00'),('f4a0bbda09c8a12d727de3fe49','{\"language\":\"ru-ru\",\"currency\":\"RUB\"}','2020-07-11 05:37:43'),('f4a6910de62bfa3b081db90dcd','{\"language\":\"ru-ru\",\"currency\":\"RUB\"}','2020-02-20 05:09:49'),('f4c1d9c454f61910604cdcebde','{\"language\":\"ru-ru\",\"currency\":\"RUB\"}','2020-02-26 04:43:37'),('f4c228fcc3ec4faad3ec6bd1c7','{\"language\":\"ru-ru\",\"currency\":\"RUB\"}','2020-07-06 18:27:28'),('f4d3d0cdb39584fedc15341f76','{\"language\":\"ru-ru\",\"currency\":\"RUB\"}','2020-09-17 18:38:36'),('f4f0a95d8f3a51aa5a14b4f605','{\"language\":\"ru-ru\",\"currency\":\"RUB\"}','2020-07-06 13:15:30'),('f4f5bfaccde1260fd3ed8913cf','{\"language\":\"ru-ru\",\"currency\":\"RUB\"}','2020-02-21 16:59:52'),('f4f93793b58bafa4f9ac117e74','{\"language\":\"ru-ru\",\"currency\":\"RUB\"}','2020-06-21 18:58:28'),('f504242cd7daf295cf1333e6fc','{\"language\":\"ru-ru\",\"currency\":\"RUB\",\"redirect\":\"https:\\/\\/umolab.ru\\/shop\\/index.php?route=account\\/address\"}','2020-09-18 04:52:25'),('f50a0c859e0834debceb60005d','{\"language\":\"ru-ru\",\"currency\":\"RUB\"}','2020-03-03 12:43:35'),('f50d3307d272d7b5e5ff3d4250','{\"language\":\"ru-ru\",\"currency\":\"RUB\"}','2020-02-22 11:27:02'),('f517c0f1caf050eed7df043ab3','{\"language\":\"ru-ru\",\"currency\":\"RUB\"}','2020-09-03 21:42:09'),('f5234de0ad56e8fd8543cd4c8f','{\"language\":\"ru-ru\",\"currency\":\"RUB\"}','2020-05-07 17:28:47'),('f52c7342e5ec2934285a65d01d','{\"language\":\"ru-ru\",\"currency\":\"RUB\"}','2020-09-17 22:35:16'),('f531ca3df53b39dd00236e94c6','{\"language\":\"ru-ru\",\"currency\":\"RUB\"}','2020-09-20 04:36:00'),('f541df734674a29ad4c160ab3a','{\"language\":\"ru-ru\",\"currency\":\"RUB\"}','2020-02-20 05:10:11'),('f544dbb06aa828496b8d78742e','{\"language\":\"ru-ru\",\"currency\":\"RUB\"}','2020-08-03 21:16:46'),('f557bbda0819012c43ff2b8a03','{\"language\":\"ru-ru\",\"currency\":\"RUB\"}','2020-05-03 20:50:13'),('f56aa91619863ac1b3515b255d','{\"language\":\"ru-ru\",\"currency\":\"RUB\"}','2020-09-03 05:28:10'),('f57985367ea0fb60eb22fe8cb4','{\"language\":\"ru-ru\",\"currency\":\"RUB\"}','2020-09-23 10:33:41'),('f57d0a1fd0d68f8d57626c41a9','{\"language\":\"ru-ru\",\"currency\":\"RUB\"}','2020-03-30 00:14:04'),('f5802501b65606086852cff60d','{\"language\":\"ru-ru\",\"currency\":\"RUB\",\"vouchers\":[]}','2020-08-24 04:51:22'),('f5909a9d0caa3e0a1fd538cf4a','{\"language\":\"ru-ru\",\"currency\":\"RUB\"}','2020-08-26 11:30:16'),('f597ed4d4975a2ef063d48f1db','{\"language\":\"ru-ru\",\"currency\":\"RUB\"}','2020-02-19 02:49:21'),('f5980f26bab7d0104ac6277c2a','{\"language\":\"ru-ru\",\"currency\":\"RUB\",\"redirect\":\"https:\\/\\/umolab.ru\\/shop\\/index.php?route=account\\/account\"}','2020-08-04 12:31:09'),('f5d90cc0387a2ee9ff714e53eb','{\"language\":\"ru-ru\",\"currency\":\"RUB\"}','2020-03-18 21:39:00'),('f5de326c2d52661d8903b9ea81','{\"language\":\"ru-ru\",\"currency\":\"RUB\"}','2020-09-18 03:47:40'),('f5df3c75804ea051f145a3c09a','{\"language\":\"ru-ru\",\"currency\":\"RUB\"}','2020-07-12 09:56:38'),('f5e9a5f846225464293f761cb4','{\"language\":\"ru-ru\",\"currency\":\"RUB\"}','2020-03-08 22:24:44'),('f5ed7561c575df943d2f6c4f5d','{\"language\":\"ru-ru\",\"currency\":\"RUB\"}','2020-09-24 03:45:45'),('f5ed898228eb29dc5b1e73b4b8','{\"language\":\"ru-ru\",\"currency\":\"RUB\"}','2020-02-20 05:09:38'),('f5f0fe4273fb0be514e38d05b0','{\"language\":\"ru-ru\",\"currency\":\"RUB\"}','2020-02-19 02:38:20'),('f5fde3be5b62b25a1766a2c725','{\"language\":\"ru-ru\",\"currency\":\"RUB\"}','2020-09-21 22:25:49'),('f6041c0e4f1cc6cae8173aec1d','{\"language\":\"ru-ru\",\"currency\":\"RUB\"}','2020-05-25 22:20:06'),('f607983b12502366266309d7fa','{\"language\":\"ru-ru\",\"currency\":\"RUB\"}','2020-09-13 13:43:20'),('f62791c3688169df79e5caef39','{\"language\":\"ru-ru\",\"currency\":\"RUB\"}','2020-02-20 05:11:56'),('f62fb26aab8e5895531df9e0e3','{\"language\":\"ru-ru\",\"currency\":\"RUB\"}','2020-09-19 15:55:39'),('f63953e3f247bfd49e4a03304d','{\"language\":\"ru-ru\",\"currency\":\"RUB\",\"vouchers\":[],\"user_id\":\"1\",\"user_token\":\"Obn7VZfpPczU56HEkXmiSsByEXCDhov0\"}','2020-02-17 12:03:32'),('f64a6f0a503fcb43be66e31d90','{\"language\":\"ru-ru\",\"currency\":\"RUB\"}','2020-03-02 17:44:05'),('f65d8b6271034d3d7db82b6c6b','{\"language\":\"ru-ru\",\"currency\":\"RUB\"}','2020-06-21 06:41:11'),('f6606231d02e1765c7119a129a','{\"language\":\"ru-ru\",\"currency\":\"RUB\"}','2020-02-19 02:48:48'),('f6646085dcaa0e36fc701a9ff2','{\"language\":\"ru-ru\",\"currency\":\"RUB\"}','2020-07-18 05:11:31'),('f6799371dcb0fb689ae3531fe2','{\"language\":\"ru-ru\",\"currency\":\"RUB\"}','2020-07-09 13:36:41'),('f69a14b88b648574b95758c37d','{\"language\":\"ru-ru\",\"currency\":\"RUB\"}','2020-02-20 15:53:22'),('f6ab2e0c284130d6ebd0f8cbee','{\"language\":\"ru-ru\",\"currency\":\"RUB\"}','2020-09-24 00:26:49'),('f6aeeb0ab36f0ffd7c949c8fbd','{\"language\":\"ru-ru\",\"currency\":\"RUB\"}','2020-07-23 05:41:30'),('f6b150c0327283583190693c4a','{\"language\":\"ru-ru\",\"currency\":\"RUB\"}','2020-02-19 02:45:06'),('f6b67e4f0d5685530bf338b49a','{\"language\":\"ru-ru\",\"currency\":\"RUB\"}','2020-09-14 12:00:11'),('f6bddf69c81a05fbe9a658aca7','{\"language\":\"ru-ru\",\"currency\":\"RUB\",\"redirect\":\"https:\\/\\/umolab.ru\\/shop\\/index.php?route=account\\/order\"}','2020-05-15 11:18:26'),('f6c7325874e7d37a6ca177f8ac','{\"language\":\"ru-ru\",\"currency\":\"RUB\"}','2020-06-18 03:25:47'),('f6cdc278619c292459bb79cb3d','{\"language\":\"ru-ru\",\"currency\":\"RUB\"}','2020-02-20 05:20:50'),('f6d6aedfdce061453d00981c19','{\"language\":\"ru-ru\",\"currency\":\"RUB\"}','2020-03-15 04:27:15'),('f6f0c0c5f65e8e4b55c868e536','{\"language\":\"ru-ru\",\"currency\":\"RUB\"}','2020-09-22 11:41:01'),('f6f1627b4b2bff3d312dcb2004','{\"language\":\"ru-ru\",\"currency\":\"RUB\"}','2020-03-05 07:57:51'),('f6f7e9758e02e225480124cd00','{\"language\":\"ru-ru\",\"currency\":\"RUB\"}','2020-02-19 02:41:53'),('f6feb82d46c3fa07b329110dab','{\"language\":\"ru-ru\",\"currency\":\"RUB\"}','2020-09-24 02:20:33'),('f71ac74c8d9e2c43e52a42b082','{\"language\":\"ru-ru\",\"currency\":\"RUB\"}','2020-02-20 11:20:24'),('f724d0a883c531a5f14f6be1b3','{\"language\":\"ru-ru\",\"currency\":\"RUB\"}','2020-09-20 14:57:48'),('f7317ae02ad1866c30fd5fb000','{\"language\":\"ru-ru\",\"currency\":\"RUB\"}','2020-02-19 02:50:56'),('f74060f48f764874beed251751','{\"language\":\"ru-ru\",\"currency\":\"RUB\"}','2020-08-02 11:56:47'),('f741ce57cace286da298c28d8b','{\"language\":\"ru-ru\",\"currency\":\"RUB\"}','2020-04-01 04:51:40'),('f746a89b82fccb66d5e74b85d4','{\"language\":\"ru-ru\",\"currency\":\"RUB\"}','2020-09-05 04:32:16'),('f75f65ba2ef574d9e9c67b7489','{\"language\":\"ru-ru\",\"currency\":\"RUB\"}','2020-04-04 06:01:25'),('f779ce0fe97ecb2e0b4eaa8bcb','{\"language\":\"ru-ru\",\"currency\":\"RUB\"}','2020-09-26 02:46:40'),('f78108c8d2a518f78d67f7e8ae','{\"language\":\"ru-ru\",\"currency\":\"RUB\"}','2020-09-02 05:38:39'),('f7862765dc8fc5b55536644070','{\"language\":\"ru-ru\",\"currency\":\"RUB\"}','2020-02-19 02:38:15'),('f79db0516bb9fede44706c98f7','{\"language\":\"ru-ru\",\"currency\":\"RUB\"}','2020-02-20 05:22:19'),('f7ccd35ffdfcb817384251ba95','{\"language\":\"ru-ru\",\"currency\":\"RUB\"}','2020-07-03 18:32:38'),('f7d854d837cbc25b4f38cea68d','{\"language\":\"ru-ru\",\"currency\":\"RUB\"}','2020-09-02 00:39:19'),('f7db30bdc7f621d0115cd28003','{\"language\":\"ru-ru\",\"currency\":\"RUB\"}','2020-02-19 02:38:18'),('f7df657a88f9f987c874ee0e7a','{\"language\":\"ru-ru\",\"currency\":\"RUB\"}','2020-09-04 17:07:59'),('f7e28f716325d2aabba2db7522','{\"language\":\"ru-ru\",\"currency\":\"RUB\"}','2020-02-19 02:38:46'),('f7e82667c403129d281de7299d','{\"language\":\"ru-ru\",\"currency\":\"RUB\"}','2020-02-21 14:13:17'),('f81754f04e1f0d7b0a51f0e3e2','{\"language\":\"ru-ru\",\"currency\":\"RUB\"}','2020-10-01 03:53:39'),('f819444a769e99cc3ace2f22f5','{\"language\":\"ru-ru\",\"currency\":\"RUB\"}','2020-02-21 00:30:13'),('f8243749e4ebf1f7583b5d0a1c','{\"language\":\"ru-ru\",\"currency\":\"RUB\"}','2020-09-24 08:06:35'),('f826496f2db214cfaaff8ca2d6','{\"language\":\"ru-ru\",\"currency\":\"RUB\",\"redirect\":\"https:\\/\\/umolab.ru\\/shop\\/index.php?route=account\\/account\"}','2020-04-17 04:39:36'),('f82a0d1b4f4b80915015a4469e','{\"language\":\"ru-ru\",\"currency\":\"RUB\"}','2020-09-29 22:40:53'),('f82c5025ed94c9a9a26ea032ec','{\"language\":\"ru-ru\",\"currency\":\"RUB\"}','2020-09-23 11:46:13'),('f83395a08343fd731a6e3318aa','{\"language\":\"ru-ru\",\"currency\":\"RUB\"}','2020-03-06 03:35:34'),('f837778d5d585a8df335a779e8','{\"language\":\"ru-ru\",\"currency\":\"RUB\"}','2020-09-21 10:12:44'),('f865870433dbd84c8af3163ba1','{\"language\":\"ru-ru\",\"currency\":\"RUB\"}','2020-02-20 05:05:01'),('f86c3bdac78b3e669ea7f4e4ba','{\"language\":\"ru-ru\",\"currency\":\"RUB\"}','2020-02-19 02:35:53'),('f88e45856d1b7d09015eab5b5c','{\"language\":\"ru-ru\",\"currency\":\"RUB\"}','2020-06-16 13:04:58'),('f89247e6c7c953f2c3b9db7ca0','{\"language\":\"ru-ru\",\"currency\":\"RUB\",\"customer_id\":\"1\",\"shipping_address\":{\"address_id\":\"1\",\"firstname\":\"\\u041c\\u0430\\u043a\\u0441\\u0438\\u043c\",\"lastname\":\"\\u041f\\u044f\\u0442\\u043a\\u043e\\u0432\",\"company\":\"\",\"address_1\":\"\\u0443\\u043b 50 \\u043b\\u0435\\u0442 \\u0433\\u043e\\u0440\\u043e\\u0434\\u0430\",\"address_2\":\"\\u0443\\u043b 50 \\u043b\\u0435\\u0442 \\u0433\\u043e\\u0440\\u043e\\u0434\\u0430\",\"postcode\":\"652723\",\"city\":\"\\u041a\\u0438\\u0441\\u0435\\u043b\\u0435\\u0432\\u0441\\u043a\",\"zone_id\":\"2747\",\"zone\":\"\\u041a\\u0435\\u043c\\u0435\\u0440\\u043e\\u0432\\u0441\\u043a\\u0430\\u044f \\u043e\\u0431\\u043b\\u0430\\u0441\\u0442\\u044c\",\"zone_code\":\"KEM\",\"country_id\":\"176\",\"country\":\"\\u0420\\u043e\\u0441\\u0441\\u0438\\u0439\\u0441\\u043a\\u0430\\u044f \\u0424\\u0435\\u0434\\u0435\\u0440\\u0430\\u0446\\u0438\\u044f\",\"iso_code_2\":\"RU\",\"iso_code_3\":\"RUS\",\"address_format\":\"\",\"custom_field\":null},\"payment_address\":{\"address_id\":\"1\",\"firstname\":\"\\u041c\\u0430\\u043a\\u0441\\u0438\\u043c\",\"lastname\":\"\\u041f\\u044f\\u0442\\u043a\\u043e\\u0432\",\"company\":\"\",\"address_1\":\"\\u0443\\u043b 50 \\u043b\\u0435\\u0442 \\u0433\\u043e\\u0440\\u043e\\u0434\\u0430\",\"address_2\":\"\\u0443\\u043b 50 \\u043b\\u0435\\u0442 \\u0433\\u043e\\u0440\\u043e\\u0434\\u0430\",\"postcode\":\"652723\",\"city\":\"\\u041a\\u0438\\u0441\\u0435\\u043b\\u0435\\u0432\\u0441\\u043a\",\"zone_id\":\"2747\",\"zone\":\"\\u041a\\u0435\\u043c\\u0435\\u0440\\u043e\\u0432\\u0441\\u043a\\u0430\\u044f \\u043e\\u0431\\u043b\\u0430\\u0441\\u0442\\u044c\",\"zone_code\":\"KEM\",\"country_id\":\"176\",\"country\":\"\\u0420\\u043e\\u0441\\u0441\\u0438\\u0439\\u0441\\u043a\\u0430\\u044f \\u0424\\u0435\\u0434\\u0435\\u0440\\u0430\\u0446\\u0438\\u044f\",\"iso_code_2\":\"RU\",\"iso_code_3\":\"RUS\",\"address_format\":\"\",\"custom_field\":null},\"last_order_id\":13}','2020-02-18 12:54:27'),('f8a197059acb29e1489cfba1f6','{\"language\":\"ru-ru\",\"currency\":\"RUB\"}','2020-03-10 06:37:35'),('f8a4b5b2aaf4dbe0c2362102dc','{\"language\":\"ru-ru\",\"currency\":\"RUB\"}','2020-02-19 02:40:48'),('f8a5e5412fac95a11531c164ea','{\"language\":\"ru-ru\",\"currency\":\"RUB\"}','2020-09-12 07:17:10'),('f8a81391c9cc8e04d7b3ee7332','{\"language\":\"ru-ru\",\"currency\":\"RUB\"}','2020-04-11 21:16:00'),('f8ab854a32cfed14cd5d0b0385','{\"language\":\"ru-ru\",\"currency\":\"RUB\"}','2020-07-23 02:57:28'),('f8ae1fff2b03f78fdb88c57837','{\"language\":\"ru-ru\",\"currency\":\"RUB\"}','2020-06-28 23:55:48'),('f8ce145b5c4f693deb981f379b','{\"language\":\"ru-ru\",\"currency\":\"RUB\"}','2020-09-24 15:33:55'),('f8e9e4f83f0513d614703c57a8','{\"language\":\"ru-ru\",\"currency\":\"RUB\"}','2020-02-20 05:07:42'),('f8fa6dae1586bc8d6589699a6b','{\"language\":\"ru-ru\",\"currency\":\"RUB\"}','2020-02-19 02:51:11'),('f90a3b5417b7298a0d6d884110','{\"language\":\"ru-ru\",\"currency\":\"RUB\"}','2020-02-19 02:38:30'),('f90c6b4c09023247f6aea05109','{\"language\":\"ru-ru\",\"currency\":\"RUB\"}','2020-09-21 12:44:12'),('f90f1cd1c8b345a94ea6882b8c','{\"language\":\"ru-ru\",\"currency\":\"RUB\"}','2020-09-04 12:15:19'),('f913cd44d917f8d4f3b643d8f3','{\"language\":\"ru-ru\",\"currency\":\"RUB\"}','2020-03-02 12:08:47'),('f919b3eda61c3be33fbb3e87c0','{\"language\":\"ru-ru\",\"currency\":\"RUB\"}','2020-09-20 22:14:17'),('f91a23f51066f25408a09a9a8c','{\"language\":\"ru-ru\",\"currency\":\"RUB\"}','2020-02-20 14:57:11'),('f91d3ea6d67a07dfd3fdf0910d','{\"language\":\"ru-ru\",\"currency\":\"RUB\"}','2020-02-19 02:36:35'),('f91f07fa7e3d50a4e73ac7a9ee','{\"language\":\"ru-ru\",\"currency\":\"RUB\"}','2020-09-22 11:40:49'),('f9325e25e68b975325c2fd8078','{\"language\":\"ru-ru\",\"currency\":\"RUB\"}','2020-03-22 10:49:01'),('f935d3a9d06ae7d39d967ec69d','{\"language\":\"ru-ru\",\"currency\":\"RUB\"}','2020-09-20 22:51:08'),('f9394b7db4125fb4fa510bf3b6','{\"language\":\"ru-ru\",\"currency\":\"RUB\"}','2020-04-24 23:46:48'),('f94539badb4ce23cb3b97e9545','{\"language\":\"ru-ru\",\"currency\":\"RUB\"}','2020-09-18 09:47:24'),('f958fbf600f4c24168e903df34','{\"language\":\"ru-ru\",\"currency\":\"RUB\"}','2020-08-31 21:12:24'),('f95ce4a0abe08bf2eef20f56fc','{\"language\":\"ru-ru\",\"currency\":\"RUB\"}','2020-02-19 02:41:58'),('f9630277e97e6728adcdf4b30d','{\"language\":\"ru-ru\",\"currency\":\"RUB\"}','2020-07-18 05:05:41'),('f966b781f20cca6b208137eba6','{\"language\":\"ru-ru\",\"currency\":\"RUB\"}','2020-09-23 02:02:29'),('f96d4b5ba26de958755f6e36e2','{\"language\":\"ru-ru\",\"currency\":\"RUB\"}','2020-07-15 05:38:53'),('f987f18e0b70db7b2d28d2d141','{\"language\":\"ru-ru\",\"currency\":\"RUB\"}','2020-02-20 07:15:31'),('f98d9a60cb176e854fa867b1ff','{\"language\":\"ru-ru\",\"currency\":\"RUB\"}','2020-02-21 14:12:09'),('f98df126ea031169bccd9934a1','{\"language\":\"ru-ru\",\"currency\":\"RUB\"}','2020-08-26 22:04:35'),('f98f29cf2130dbfb768de69e45','{\"language\":\"ru-ru\",\"currency\":\"RUB\"}','2020-02-19 02:42:02'),('f9908695a94e78938b6639634e','{\"language\":\"ru-ru\",\"currency\":\"RUB\"}','2020-04-07 01:14:37'),('f99d8507b9e7327fb36771c7b3','{\"language\":\"ru-ru\",\"currency\":\"RUB\"}','2020-07-18 05:06:05'),('f9b7de314d8ec8cb2c41993e37','{\"language\":\"ru-ru\",\"currency\":\"RUB\"}','2020-02-20 11:30:52'),('f9bc86e226db930b91b01f6a8a','{\"language\":\"ru-ru\",\"currency\":\"RUB\"}','2020-09-19 20:58:35'),('f9bfe1b0bd5b093110078c25b0','{\"language\":\"ru-ru\",\"currency\":\"RUB\"}','2020-09-22 18:37:33'),('f9d0b9855776ed862678518a29','{\"language\":\"ru-ru\",\"currency\":\"RUB\"}','2020-09-22 12:37:49'),('f9db92d8b7aa45ce9419f5c87f','{\"language\":\"ru-ru\",\"currency\":\"RUB\"}','2020-10-01 03:53:39'),('f9e013b223eb177ac384cc77bf','{\"language\":\"ru-ru\",\"currency\":\"RUB\"}','2020-03-05 20:23:11'),('f9e615882764ef4ed7dc0d69b0','{\"language\":\"ru-ru\",\"currency\":\"RUB\"}','2020-02-19 02:33:12'),('f9edc997531c5ebe2dae9c48ad','{\"language\":\"ru-ru\",\"currency\":\"RUB\"}','2020-09-21 10:41:08'),('f9fcd9b64e5411a62571ffdb1e','{\"language\":\"ru-ru\",\"currency\":\"RUB\"}','2020-02-22 11:05:30'),('f9fecafc7581280f78c2f64673','{\"language\":\"ru-ru\",\"currency\":\"RUB\",\"redirect\":\"https:\\/\\/umolab.ru\\/shop\\/index.php?route=account\\/password\"}','2020-02-29 03:35:54'),('fa0b689eaf0b95c14407a1b216','{\"language\":\"ru-ru\",\"currency\":\"RUB\"}','2020-02-21 14:23:13'),('fa143fe124a8b7f8122fe84ab8','{\"language\":\"ru-ru\",\"currency\":\"RUB\"}','2020-08-03 20:42:53'),('fa1c02947c696dd9374fc5ecff','{\"language\":\"ru-ru\",\"currency\":\"RUB\"}','2020-09-20 23:10:04'),('fa226c0447345bb32f5434b1ae','{\"language\":\"ru-ru\",\"currency\":\"RUB\"}','2020-02-19 02:40:40'),('fa2314b3ec8eabdd849ae34a0a','{\"language\":\"ru-ru\",\"currency\":\"RUB\"}','2020-09-20 10:57:07'),('fa345153721d93d439dba2cf93','{\"language\":\"ru-ru\",\"currency\":\"RUB\"}','2020-07-15 05:38:54'),('fa46f49ffdce648e41c9b34ba1','{\"language\":\"ru-ru\",\"currency\":\"RUB\"}','2020-02-19 02:40:00'),('fa65bb16f2a9a5be50d4603af6','{\"language\":\"ru-ru\",\"currency\":\"RUB\"}','2020-02-20 05:11:17'),('fa6ac086c4787446884e52474a','{\"language\":\"ru-ru\",\"currency\":\"RUB\"}','2020-02-19 02:39:37'),('fa74f77f38ad6a029a1bdea81b','{\"language\":\"ru-ru\",\"currency\":\"RUB\"}','2020-03-14 06:28:07'),('fa76c110e84b7b8a5a6e40d9eb','{\"language\":\"ru-ru\",\"currency\":\"RUB\"}','2020-09-22 20:40:37'),('fa8e79354e8bbcee33decddb0b','{\"language\":\"ru-ru\",\"currency\":\"RUB\",\"user_id\":\"1\",\"user_token\":\"JyUQ2U2Iznvl8NwObEFw0bP7ta2FGohe\"}','2020-03-10 16:26:54'),('fa98c239b353499d715299a016','{\"language\":\"ru-ru\",\"currency\":\"RUB\",\"redirect\":\"https:\\/\\/umolab.ru\\/shop\\/index.php?route=account\\/password\"}','2020-07-18 05:08:55'),('fadadf384879ddc8a9373de01d','{\"language\":\"ru-ru\",\"currency\":\"RUB\"}','2020-02-20 13:21:39'),('fae70ef2d299ad4b1d88e7298c','{\"language\":\"ru-ru\",\"currency\":\"RUB\"}','2020-09-20 05:43:33'),('faeafe9717b6247b6864de8136','{\"language\":\"ru-ru\",\"currency\":\"RUB\"}','2020-02-20 05:21:32'),('faec5284d38d118bdb0ae3815b','{\"language\":\"ru-ru\",\"currency\":\"RUB\"}','2020-09-19 22:19:23'),('faf2b9017013eb282aec1fc772','{\"language\":\"ru-ru\",\"currency\":\"RUB\"}','2020-09-30 04:43:49'),('faf7f1594c4304f2976dc26baa','{\"language\":\"ru-ru\",\"currency\":\"RUB\"}','2020-02-21 14:20:21'),('faf9eb116b27dcd6d14b8d8303','{\"language\":\"ru-ru\",\"currency\":\"RUB\"}','2020-02-19 02:51:51'),('fb1aac790e72e6c327034a968f','{\"language\":\"ru-ru\",\"currency\":\"RUB\"}','2020-09-22 16:53:25'),('fb1af8144b2951fe9110e1ecfd','{\"language\":\"ru-ru\",\"currency\":\"RUB\"}','2020-07-30 01:50:49'),('fb3c1a3c949378450e0f2c9d9b','{\"language\":\"ru-ru\",\"currency\":\"RUB\"}','2020-07-18 05:09:30'),('fb3da68b0d646ab5667f6908ac','{\"language\":\"ru-ru\",\"currency\":\"RUB\"}','2020-02-19 02:35:33'),('fb4678515cd9e2cb4d7d052cf6','{\"language\":\"ru-ru\",\"currency\":\"RUB\"}','2020-09-15 09:17:45'),('fb4aab87f711af9104a9a48b44','{\"language\":\"ru-ru\",\"currency\":\"RUB\"}','2020-09-02 19:07:37'),('fb779073303a32b5509954af9d','{\"language\":\"ru-ru\",\"currency\":\"RUB\"}','2020-07-29 05:39:34'),('fb7efdee528c1ac72ad81f6bbf','{\"language\":\"ru-ru\",\"currency\":\"RUB\"}','2020-09-18 01:25:40'),('fb7f27cb17ae55db303b6b598e','{\"language\":\"ru-ru\",\"currency\":\"RUB\"}','2020-02-20 05:05:09'),('fb826c4f9d3039e76d59d2ad99','{\"language\":\"ru-ru\",\"currency\":\"RUB\"}','2020-09-20 22:32:12'),('fb867224b2d89c207719641568','{\"language\":\"ru-ru\",\"currency\":\"RUB\"}','2020-09-22 12:59:30'),('fb90ff77963d9f4cfe8017e1f9','{\"language\":\"ru-ru\",\"currency\":\"RUB\"}','2020-09-02 01:12:17'),('fbb156b906514bb7461cfe5b3f','{\"language\":\"ru-ru\",\"currency\":\"RUB\"}','2020-02-19 02:48:21'),('fbba5cc1b7a47878f4b11d6131','{\"language\":\"ru-ru\",\"currency\":\"RUB\"}','2020-09-23 19:42:57'),('fbbd918017ad7cc1abb878dfa1','{\"language\":\"ru-ru\",\"currency\":\"RUB\"}','2020-02-20 05:11:36'),('fbc438fccfb51d29ae238ed024','{\"language\":\"ru-ru\",\"currency\":\"RUB\"}','2020-02-20 05:08:38'),('fbd1fb2d24471bb82757d212f7','{\"language\":\"ru-ru\",\"currency\":\"RUB\"}','2020-02-20 05:13:16'),('fbda84b543430bddc3c92b4ce2','{\"language\":\"ru-ru\",\"currency\":\"RUB\"}','2020-02-20 05:20:15'),('fbdcc85c5ff7c08784041b0ff2','{\"language\":\"ru-ru\",\"currency\":\"RUB\"}','2020-02-20 05:10:23'),('fbdd565a718aa394f80b2291b5','{\"language\":\"ru-ru\",\"currency\":\"RUB\"}','2020-09-21 05:47:40'),('fbe553108ee077416392c33cd5','{\"language\":\"ru-ru\",\"currency\":\"RUB\"}','2020-09-15 00:20:34'),('fbf5dfe7cb30985c1293cc60de','{\"language\":\"ru-ru\",\"currency\":\"RUB\"}','2020-02-20 18:06:49'),('fc032cb7b49a23fe7bd71320d1','{\"language\":\"ru-ru\",\"currency\":\"RUB\"}','2020-09-09 03:17:44'),('fc048186297bc08e0e82e62bd3','{\"language\":\"ru-ru\",\"currency\":\"RUB\"}','2020-09-23 02:31:46'),('fc086fb3cbbf749efa711655f8','{\"language\":\"ru-ru\",\"currency\":\"RUB\"}','2020-09-16 21:32:35'),('fc0a2e55f1769055c49c6089ed','{\"language\":\"ru-ru\",\"currency\":\"RUB\"}','2020-02-20 12:34:34'),('fc1577d8fe903f2a1bbaa2ea83','{\"language\":\"ru-ru\",\"currency\":\"RUB\"}','2020-02-21 14:16:08'),('fc1def0d48a480b4c1935567b1','{\"language\":\"ru-ru\",\"currency\":\"RUB\"}','2020-05-31 23:41:12'),('fc23d56e1a69c5e9e643817571','{\"language\":\"ru-ru\",\"currency\":\"RUB\"}','2020-09-21 12:15:20'),('fc4370d6f174fa1b8900a2ee59','{\"language\":\"ru-ru\",\"currency\":\"RUB\"}','2020-04-02 14:50:20'),('fc77d9c53599419234f0681451','{\"language\":\"ru-ru\",\"currency\":\"RUB\"}','2020-09-18 04:06:36'),('fc780ae4136e91d3575cd8ec79','{\"language\":\"ru-ru\",\"currency\":\"RUB\"}','2020-02-21 14:11:57'),('fc87736643930894dddd680dfa','{\"language\":\"ru-ru\",\"currency\":\"RUB\"}','2020-09-23 20:58:41'),('fc90a6e155fe21aef8cd44779c','{\"language\":\"ru-ru\",\"currency\":\"RUB\"}','2020-02-21 14:17:23'),('fc9159f702d276d1b729096d66','{\"language\":\"ru-ru\",\"currency\":\"RUB\"}','2020-02-19 02:37:39'),('fc97abd92bc18281be1ed8721f','{\"language\":\"ru-ru\",\"currency\":\"RUB\"}','2020-09-10 15:50:49'),('fccad25e6b7482041bd4b10303','{\"language\":\"ru-ru\",\"currency\":\"RUB\"}','2020-08-09 18:19:30'),('fcf03df0da3a73f5226f122a20','{\"language\":\"ru-ru\",\"currency\":\"RUB\"}','2020-08-04 07:15:28'),('fcf7b99e95dbd32ecedd4ba959','{\"language\":\"ru-ru\",\"currency\":\"RUB\"}','2020-08-18 20:19:21'),('fd07088f2c7e4f9180358bf2e1','{\"language\":\"ru-ru\",\"currency\":\"RUB\"}','2020-07-08 12:51:45'),('fd2b18abf741d355a3656450e4','{\"language\":\"ru-ru\",\"currency\":\"RUB\"}','2020-09-16 06:30:36'),('fd5077160829683895987d6b0f','{\"language\":\"ru-ru\",\"currency\":\"RUB\"}','2020-09-19 13:34:13'),('fd5648fcd12dec8d59d8c343fc','{\"language\":\"ru-ru\",\"currency\":\"RUB\"}','2020-03-03 13:56:25'),('fd72ec2f036a870c18f6cf4636','{\"language\":\"ru-ru\",\"currency\":\"RUB\"}','2020-02-20 09:01:03'),('fd953a58f751959329581202d6','{\"language\":\"ru-ru\",\"currency\":\"RUB\"}','2020-02-20 19:21:39'),('fd9eeb64ced92a1ca7bfd33692','{\"language\":\"ru-ru\",\"currency\":\"RUB\"}','2020-02-19 02:36:54'),('fda2a8da1e51450dcb128773cc','{\"language\":\"ru-ru\",\"currency\":\"RUB\"}','2020-03-27 17:07:13'),('fdc138caa123db3e5f339c0a23','{\"language\":\"ru-ru\",\"currency\":\"RUB\"}','2020-04-03 09:32:16'),('fdc747d63aae9369a0de288ac6','{\"language\":\"ru-ru\",\"currency\":\"RUB\"}','2020-09-07 07:39:08'),('fdd2fd298c9b20ed42df8f87e6','{\"language\":\"ru-ru\",\"currency\":\"RUB\"}','2020-10-01 02:54:29'),('fddb8c32ba16ae3135d94d0b6f','{\"language\":\"ru-ru\",\"currency\":\"RUB\"}','2020-02-20 05:10:49'),('fde10cd24090955d3bc18a9bb7','{\"language\":\"ru-ru\",\"currency\":\"RUB\"}','2020-04-02 15:04:31'),('fdf5a2e8eb73dd39d1358573ee','{\"language\":\"ru-ru\",\"currency\":\"RUB\"}','2020-02-16 16:40:16'),('fdf7efd45668ae85db04460087','{\"language\":\"ru-ru\",\"currency\":\"RUB\"}','2020-09-13 22:43:41'),('fdfcc9a412a9980aaa106b1932','{\"language\":\"ru-ru\",\"currency\":\"RUB\"}','2020-02-19 02:47:41'),('fe106a4a59174e59f1e2a4f42c','{\"language\":\"ru-ru\",\"currency\":\"RUB\"}','2020-02-20 17:56:26'),('fe219854b54697a6090bf0e0e3','{\"language\":\"ru-ru\",\"currency\":\"RUB\"}','2020-07-06 22:26:00'),('fe356396bf017c29a4fb1367e1','{\"language\":\"ru-ru\",\"currency\":\"RUB\"}','2020-02-21 14:20:42'),('fe37aeec95d34e15bae27b33af','{\"user_id\":\"1\",\"user_token\":\"jiktBr7uJGA31IKvRONEOW0qrfJfL1sz\",\"language\":\"ru-ru\",\"currency\":\"RUB\"}','2020-03-30 09:17:49'),('fe43cf342191a283e8376604bb','{\"language\":\"ru-ru\",\"currency\":\"RUB\"}','2020-04-11 13:43:22'),('fe53abed71c30c18fda8453ddb','{\"language\":\"ru-ru\",\"currency\":\"RUB\"}','2020-02-19 02:51:17'),('fe5f792c8d5f2087770216fcf3','{\"language\":\"ru-ru\",\"currency\":\"RUB\"}','2020-04-06 01:50:43'),('fe67f7d3316bc2c6dd9192a3d8','{\"language\":\"ru-ru\",\"currency\":\"RUB\"}','2020-09-23 05:11:49'),('fe6820f7ba97a6a94a9570cb27','{\"language\":\"ru-ru\",\"currency\":\"RUB\"}','2020-03-03 20:23:35'),('fe74c7b29cee9392e8443fd60e','{\"language\":\"ru-ru\",\"currency\":\"RUB\"}','2020-03-12 07:26:41'),('fe79011bf129266c0d610189da','{\"language\":\"ru-ru\",\"currency\":\"RUB\",\"redirect\":\"https:\\/\\/umolab.ru\\/shop\\/index.php?route=account\\/order\"}','2020-03-12 07:26:29'),('fea9cf5e16980e8b0ece6b7973','{\"language\":\"ru-ru\",\"currency\":\"RUB\"}','2020-09-22 23:31:01'),('feaba96832f5051f0de067687f','{\"language\":\"ru-ru\",\"currency\":\"RUB\"}','2020-08-20 17:05:10'),('feca8092877344b7722154459c','{\"language\":\"ru-ru\",\"currency\":\"RUB\"}','2020-02-19 02:37:51'),('feeb44517a0cc5240c6b376f92','{\"language\":\"ru-ru\",\"currency\":\"RUB\"}','2020-09-18 01:44:36'),('fef3eb2dcbf048a60c7c7b32c9','{\"language\":\"ru-ru\",\"currency\":\"RUB\"}','2020-09-25 14:18:31'),('ff01fc7e2d6677e5082c43b0a1','{\"language\":\"en-gb\",\"currency\":\"RUB\"}','2020-07-09 11:02:29'),('ff08ac298fe6780ae859263f5c','{\"language\":\"ru-ru\",\"currency\":\"RUB\"}','2020-09-18 14:21:56'),('ff12e583a595ee770668067116','{\"language\":\"ru-ru\",\"currency\":\"RUB\"}','2020-09-22 14:21:57'),('ff164eb7a20b7cc524a9b0bd87','{\"language\":\"ru-ru\",\"currency\":\"RUB\"}','2020-05-07 01:10:39'),('ff1de68bd0d07684278fd4129e','{\"language\":\"ru-ru\",\"currency\":\"RUB\"}','2020-02-20 22:03:43'),('ff1ec90612de2aaf8bbc20e5a4','{\"language\":\"ru-ru\",\"currency\":\"RUB\"}','2020-09-21 10:57:49'),('ff1fd7f978447c38ea60253ce6','{\"language\":\"ru-ru\",\"currency\":\"RUB\"}','2020-09-29 14:40:09'),('ff2a1331ccff9404e81f76288a','{\"language\":\"ru-ru\",\"currency\":\"RUB\"}','2020-02-19 02:50:34'),('ff2e20f9546d2021d975c0c298','{\"language\":\"ru-ru\",\"currency\":\"RUB\"}','2020-02-19 02:41:49'),('ff2ee86e14ddc40b143de25831','{\"language\":\"ru-ru\",\"currency\":\"RUB\",\"redirect\":\"https:\\/\\/umolab.ru\\/shop\\/index.php?route=account\\/edit\"}','2020-03-07 10:42:01'),('ff405dff58712807d14c781695','{\"language\":\"ru-ru\",\"currency\":\"RUB\"}','2020-09-18 01:35:08'),('ff4d462bb84bd39d1775eb1907','{\"language\":\"ru-ru\",\"currency\":\"RUB\",\"redirect\":\"https:\\/\\/umolab.ru\\/shop\\/index.php?route=account\\/return\"}','2020-07-18 05:05:40'),('ff4e5d96a871fa28be49531c17','{\"language\":\"ru-ru\",\"currency\":\"RUB\"}','2020-09-18 11:31:32'),('ff6fc82aa1d7886b461d838f4e','{\"language\":\"ru-ru\",\"currency\":\"RUB\"}','2020-03-12 03:35:03'),('ff905d91130fd248b4c728dcb2','{\"language\":\"ru-ru\",\"currency\":\"RUB\"}','2020-02-20 21:18:53'),('ff995ee185b0468e91d97251c4','{\"language\":\"ru-ru\",\"currency\":\"RUB\"}','2020-02-20 07:07:07'),('ffa81a71903fab4bfdbc33f5bc','{\"language\":\"ru-ru\",\"currency\":\"RUB\"}','2020-09-14 22:16:20'),('ffab4252520561242099183e4b','{\"language\":\"ru-ru\",\"currency\":\"RUB\"}','2020-02-19 02:50:58'),('ffb6e44d70962290d2f27d3b6b','{\"language\":\"ru-ru\",\"currency\":\"RUB\"}','2020-09-21 16:03:00'),('ffc23a337d05cb939ee945a335','{\"language\":\"ru-ru\",\"currency\":\"RUB\"}','2020-09-18 23:06:41'),('ffc77652ed4986434ea79d9606','{\"language\":\"ru-ru\",\"currency\":\"RUB\"}','2020-02-20 08:18:58'),('ffcfcbd3184669b36cf280c486','{\"language\":\"ru-ru\",\"currency\":\"RUB\"}','2020-09-24 17:41:30'),('fff06e9930fab02e04e5c7f17b','{\"language\":\"ru-ru\",\"currency\":\"RUB\"}','2020-09-24 19:51:40');
/*!40000 ALTER TABLE `umo_session` ENABLE KEYS */;
UNLOCK TABLES;

--
-- Table structure for table `umo_setting`
--

DROP TABLE IF EXISTS `umo_setting`;
/*!40101 SET @saved_cs_client     = @@character_set_client */;
/*!40101 SET character_set_client = utf8 */;
CREATE TABLE `umo_setting` (
  `setting_id` int(11) NOT NULL AUTO_INCREMENT,
  `store_id` int(11) NOT NULL DEFAULT '0',
  `code` varchar(128) NOT NULL,
  `key` varchar(128) NOT NULL,
  `value` text NOT NULL,
  `serialized` tinyint(1) NOT NULL,
  PRIMARY KEY (`setting_id`)
) ENGINE=MyISAM AUTO_INCREMENT=4902 DEFAULT CHARSET=utf8;
/*!40101 SET character_set_client = @saved_cs_client */;

--
-- Dumping data for table `umo_setting`
--

LOCK TABLES `umo_setting` WRITE;
/*!40000 ALTER TABLE `umo_setting` DISABLE KEYS */;
INSERT INTO `umo_setting` VALUES (2170,0,'payment_apirone','payment_apirone_ltc','',0),(4428,0,'payment_cod','payment_cod_order_status_id','1',0),(4427,0,'payment_cod','payment_cod_total','10000',0),(4901,0,'config','config_valide_params','tracking\r\nutm_source\r\nutm_campaign\r\nutm_medium\r\ntype\r\nsource\r\nblock\r\nposition\r\nkeyword\r\nyclid\r\ngclid',0),(4889,0,'config','config_file_ext_allowed','zip\r\ntxt\r\npng\r\njpe\r\njpeg\r\njpg\r\ngif\r\nbmp\r\nico\r\ntiff\r\ntif\r\nsvg\r\nsvgz\r\nzip\r\nrar\r\nmsi\r\ncab\r\nmp3\r\nqt\r\nmov\r\npdf\r\npsd\r\nai\r\neps\r\nps\r\ndoc',0),(4900,0,'config','config_valide_param_flag','0',0),(4899,0,'config','config_page_postfix','',0),(4898,0,'config','config_seopro_lowercase','0',0),(4897,0,'config','config_seopro_addslash','0',0),(4896,0,'config','config_seo_url_cache','0',0),(4895,0,'config','config_seo_url_include_path','0',0),(4894,0,'config','config_seo_pro','0',0),(4893,0,'config','config_error_filename','error.log',0),(4892,0,'config','config_error_log','1',0),(4891,0,'config','config_error_display','1',0),(3245,0,'payment_pp_express','payment_pp_express_canceled_reversal_status_id','9',0),(3858,0,'shipping_flat2','shipping_flat2_cost','3000',0),(4890,0,'config','config_file_mime_allowed','text/plain\r\nimage/png\r\nimage/jpeg\r\nimage/gif\r\nimage/bmp\r\nimage/tiff\r\nimage/svg+xml\r\napplication/zip\r\n&quot;application/zip&quot;\r\napplication/x-zip\r\n&quot;application/x-zip&quot;\r\napplication/x-zip-compressed\r\n&quot;application/x-zip-compressed&quot;\r\napplication/rar\r\n&quot;application/rar&quot;\r\napplication/x-rar\r\n&quot;application/x-rar&quot;\r\napplication/x-rar-compressed\r\n&quot;application/x-rar-compressed&quot;\r\napplication/octet-stream\r\n&quot;application/octet-stream&quot;\r\naudio/mpeg\r\nvideo/quicktime\r\napplication/pdf',0),(4883,0,'config','config_compression','0',0),(4884,0,'config','config_secure','1',0),(4885,0,'config','config_password','1',0),(4886,0,'config','config_shared','0',0),(4887,0,'config','config_encryption','aRyXnSAJk4qHXqCCYgaFWLd8WpVakO2GfXGhCXsazyxqzafkp3OHByj0HDl6O4VYMCS6wj3aNQEl9NPbFjJAP5jMiyn67ledWZx35yz46GW0nepXQzmhf8Cqyi7lvmcnCwPnXZopdy2DFC3BKjxuGMrefiCxW6ACMrt8caqQoaQbWlY8Jh9tXLNGQKPgRUA7t8vVNFF2wp2mhp13Kj0UcDAyD966jKPvak4LhqytDpmSy5BBZwmJtqsOa8mAsA5JKqNdEGAJwGTXjBI3q1JaOIZNyeNd4qRDPjuN8OaURcIELOEZFvelpdmDZVhEqe4SzBUaZ5guC5hd0gr0CAmerbhopI1djeUwpphZv2zAyzs69WUOyu0sG2JWJeFt6MvbhZVtaDf7pL7n4wP90X6T3ffiadMNs64PgzJwrVD9EE7PpsAnDLqXxkQUnn1dow2qf1Op5TZHLaahhDj8KbMkM5CKwZVT5TJojJlbC5JYrC1KDyVuexY0lLuKUxZ7Q6X7ZchREkyx4yuiYnne3b7yOOLvxwfYZm6Rexie4WpeuwJXOy6Ylt3MfdU06zhmraugoVA0p0FOdLdnulqYiEnm5nUenAUBuqSlOzXSQn7ogjtpuDLQ2VF9cdSUVL0ZSLAy1lcuOgsk7p1UHBPY4gfkSlYcjVJWtoQdgxj1EG5p4AjQSaIp0bqVw0J8dxAPsxK5QJ9dgfNvaF0a7dHVXGfy5GN0PznExLIU0x1CFOF4RP211VIWduo5SdJc2mGtZnDWhJ1kaQVnu9zyUiiJFurEoXHFSGofaihNYJubq6c61w9G4ymQVnr11HSNmtCJWEBW8D9bCL3YVt55x2cgQj6lltGpsfaFAgsknPFDalkC3ZBovGkN9KQpuEcIl8Z0IURYRrO4JhngZcmueZD3mZqPx1rRJjwoEopp8GYVlBqNyyhCXZXuYCcVJKhWQ9TGs8OMtcfiJd8ZNfraLPJQGHaR1rOZimk9OscbEFDjVQF3IGwuRZo9W3eHxarbt33jYNVs',0),(4888,0,'config','config_file_max_size','3000000',0),(4,0,'voucher','total_voucher_sort_order','8',0),(5,0,'voucher','total_voucher_status','1',0),(4868,0,'config','config_captcha_page','[\"review\",\"return\",\"contact\"]',1),(4869,0,'config','config_logo','catalog/u_logo_3d.png',0),(4870,0,'config','config_icon','catalog/u-logo3.png',0),(4871,0,'config','config_mail_engine','mail',0),(4872,0,'config','config_mail_parameter','order@supertod2.ru',0),(4873,0,'config','config_mail_smtp_hostname','localhost',0),(4874,0,'config','config_mail_smtp_username','maxim',0),(4875,0,'config','config_mail_smtp_password','ctdfcnjgjkm',0),(4876,0,'config','config_mail_smtp_port','25',0),(4877,0,'config','config_mail_smtp_timeout','5',0),(4878,0,'config','config_mail_alert','[\"account\",\"affiliate\",\"order\",\"review\"]',1),(4879,0,'config','config_mail_alert_email','',0),(4880,0,'config','config_maintenance','0',0),(4881,0,'config','config_seo_url','0',0),(4882,0,'config','config_robots','abot\r\ndbot\r\nebot\r\nhbot\r\nkbot\r\nlbot\r\nmbot\r\nnbot\r\nobot\r\npbot\r\nrbot\r\nsbot\r\ntbot\r\nvbot\r\nybot\r\nzbot\r\nbot.\r\nbot/\r\n_bot\r\n.bot\r\n/bot\r\n-bot\r\n:bot\r\n(bot\r\ncrawl\r\nslurp\r\nspider\r\nseek\r\naccoona\r\nacoon\r\nadressendeutschland\r\nah-ha.com\r\nahoy\r\naltavista\r\nananzi\r\nanthill\r\nappie\r\narachnophilia\r\narale\r\naraneo\r\naranha\r\narchitext\r\naretha\r\narks\r\nasterias\r\natlocal\r\natn\r\natomz\r\naugurfind\r\nbackrub\r\nbannana_bot\r\nbaypup\r\nbdfetch\r\nbig brother\r\nbiglotron\r\nbjaaland\r\nblackwidow\r\nblaiz\r\nblog\r\nblo.\r\nbloodhound\r\nboitho\r\nbooch\r\nbradley\r\nbutterfly\r\ncalif\r\ncassandra\r\nccubee\r\ncfetch\r\ncharlotte\r\nchurl\r\ncienciaficcion\r\ncmc\r\ncollective\r\ncomagent\r\ncombine\r\ncomputingsite\r\ncsci\r\ncurl\r\ncusco\r\ndaumoa\r\ndeepindex\r\ndelorie\r\ndepspid\r\ndeweb\r\ndie blinde kuh\r\ndigger\r\nditto\r\ndmoz\r\ndocomo\r\ndownload express\r\ndtaagent\r\ndwcp\r\nebiness\r\nebingbong\r\ne-collector\r\nejupiter\r\nemacs-w3 search engine\r\nesther\r\nevliya celebi\r\nezresult\r\nfalcon\r\nfelix ide\r\nferret\r\nfetchrover\r\nfido\r\nfindlinks\r\nfireball\r\nfish search\r\nfouineur\r\nfunnelweb\r\ngazz\r\ngcreep\r\ngenieknows\r\ngetterroboplus\r\ngeturl\r\nglx\r\ngoforit\r\ngolem\r\ngrabber\r\ngrapnel\r\ngralon\r\ngriffon\r\ngromit\r\ngrub\r\ngulliver\r\nhamahakki\r\nharvest\r\nhavindex\r\nhelix\r\nheritrix\r\nhku www octopus\r\nhomerweb\r\nhtdig\r\nhtml index\r\nhtml_analyzer\r\nhtmlgobble\r\nhubater\r\nhyper-decontextualizer\r\nia_archiver\r\nibm_planetwide\r\nichiro\r\niconsurf\r\niltrovatore\r\nimage.kapsi.net\r\nimagelock\r\nincywincy\r\nindexer\r\ninfobee\r\ninformant\r\ningrid\r\ninktomisearch.com\r\ninspector web\r\nintelliagent\r\ninternet shinchakubin\r\nip3000\r\niron33\r\nisraeli-search\r\nivia\r\njack\r\njakarta\r\njavabee\r\njetbot\r\njumpstation\r\nkatipo\r\nkdd-explorer\r\nkilroy\r\nknowledge\r\nkototoi\r\nkretrieve\r\nlabelgrabber\r\nlachesis\r\nlarbin\r\nlegs\r\nlibwww\r\nlinkalarm\r\nlink validator\r\nlinkscan\r\nlockon\r\nlwp\r\nlycos\r\nmagpie\r\nmantraagent\r\nmapoftheinternet\r\nmarvin/\r\nmattie\r\nmediafox\r\nmediapartners\r\nmercator\r\nmerzscope\r\nmicrosoft url control\r\nminirank\r\nmiva\r\nmj12\r\nmnogosearch\r\nmoget\r\nmonster\r\nmoose\r\nmotor\r\nmultitext\r\nmuncher\r\nmuscatferret\r\nmwd.search\r\nmyweb\r\nnajdi\r\nnameprotect\r\nnationaldirectory\r\nnazilla\r\nncsa beta\r\nnec-meshexplorer\r\nnederland.zoek\r\nnetcarta webmap engine\r\nnetmechanic\r\nnetresearchserver\r\nnetscoop\r\nnewscan-online\r\nnhse\r\nnokia6682/\r\nnomad\r\nnoyona\r\nnutch\r\nnzexplorer\r\nobjectssearch\r\noccam\r\nomni\r\nopen text\r\nopenfind\r\nopenintelligencedata\r\norb search\r\nosis-project\r\npack rat\r\npageboy\r\npagebull\r\npage_verifier\r\npanscient\r\nparasite\r\npartnersite\r\npatric\r\npear.\r\npegasus\r\nperegrinator\r\npgp key agent\r\nphantom\r\nphpdig\r\npicosearch\r\npiltdownman\r\npimptrain\r\npinpoint\r\npioneer\r\npiranha\r\nplumtreewebaccessor\r\npogodak\r\npoirot\r\npompos\r\npoppelsdorf\r\npoppi\r\npopular iconoclast\r\npsycheclone\r\npublisher\r\npython\r\nrambler\r\nraven search\r\nroach\r\nroad runner\r\nroadhouse\r\nrobbie\r\nrobofox\r\nrobozilla\r\nrules\r\nsalty\r\nsbider\r\nscooter\r\nscoutjet\r\nscrubby\r\nsearch.\r\nsearchprocess\r\nsemanticdiscovery\r\nsenrigan\r\nsg-scout\r\nshai\'hulud\r\nshark\r\nshopwiki\r\nsidewinder\r\nsift\r\nsilk\r\nsimmany\r\nsite searcher\r\nsite valet\r\nsitetech-rover\r\nskymob.com\r\nsleek\r\nsmartwit\r\nsna-\r\nsnappy\r\nsnooper\r\nsohu\r\nspeedfind\r\nsphere\r\nsphider\r\nspinner\r\nspyder\r\nsteeler/\r\nsuke\r\nsuntek\r\nsupersnooper\r\nsurfnomore\r\nsven\r\nsygol\r\nszukacz\r\ntach black widow\r\ntarantula\r\ntempleton\r\n/teoma\r\nt-h-u-n-d-e-r-s-t-o-n-e\r\ntheophrastus\r\ntitan\r\ntitin\r\ntkwww\r\ntoutatis\r\nt-rex\r\ntutorgig\r\ntwiceler\r\ntwisted\r\nucsd\r\nudmsearch\r\nurl check\r\nupdated\r\nvagabondo\r\nvalkyrie\r\nverticrawl\r\nvictoria\r\nvision-search\r\nvolcano\r\nvoyager/\r\nvoyager-hc\r\nw3c_validator\r\nw3m2\r\nw3mir\r\nwalker\r\nwallpaper\r\nwanderer\r\nwauuu\r\nwavefire\r\nweb core\r\nweb hopper\r\nweb wombat\r\nwebbandit\r\nwebcatcher\r\nwebcopy\r\nwebfoot\r\nweblayers\r\nweblinker\r\nweblog monitor\r\nwebmirror\r\nwebmonkey\r\nwebquest\r\nwebreaper\r\nwebsitepulse\r\nwebsnarf\r\nwebstolperer\r\nwebvac\r\nwebwalk\r\nwebwatch\r\nwebwombat\r\nwebzinger\r\nwhizbang\r\nwhowhere\r\nwild ferret\r\nworldlight\r\nwwwc\r\nwwwster\r\nxenu\r\nxget\r\nxift\r\nxirq\r\nyandex\r\nyanga\r\nyeti\r\nyodao\r\nzao\r\nzippp\r\nzyborg',0),(4864,0,'config','config_affiliate_id','4',0),(4865,0,'config','config_return_id','0',0),(4866,0,'config','config_return_status_id','2',0),(4867,0,'config','config_captcha','google',0),(1955,0,'yandex_money','yandex_money_market_delivery_days_to','{\"1\":\"\",\"2\":\"\",\"3\":\"\",\"4\":\"\",\"5\":\"\"}',1),(1954,0,'yandex_money','yandex_money_market_delivery_days_from','{\"1\":\"\",\"2\":\"\",\"3\":\"\",\"4\":\"\",\"5\":\"\"}',1),(3847,0,'shipping_pickup','shipping_pickup_sort_order','',0),(3846,0,'shipping_pickup','shipping_pickup_status','1',0),(3845,0,'shipping_pickup','shipping_pickup_geo_zone_id','0',0),(3857,0,'shipping_flat','shipping_flat_sort_order','1',0),(3856,0,'shipping_flat','shipping_flat_status','1',0),(3855,0,'shipping_flat','shipping_flat_geo_zone_id','5',0),(3854,0,'shipping_flat','shipping_flat_tax_class_id','9',0),(3853,0,'shipping_flat','shipping_flat_cost','1400',0),(108,0,'total_shipping','total_shipping_sort_order','3',0),(109,0,'total_sub_total','sub_total_sort_order','1',0),(110,0,'total_sub_total','total_sub_total_status','1',0),(111,0,'total_tax','total_tax_status','1',0),(112,0,'total_total','total_total_sort_order','9',0),(113,0,'total_total','total_total_status','1',0),(114,0,'total_tax','total_tax_sort_order','5',0),(115,0,'total_credit','total_credit_sort_order','7',0),(116,0,'total_credit','total_credit_status','1',0),(117,0,'total_reward','total_reward_sort_order','2',0),(118,0,'total_reward','total_reward_status','1',0),(119,0,'total_shipping','total_shipping_status','1',0),(120,0,'total_shipping','total_shipping_estimator','1',0),(121,0,'total_coupon','total_coupon_sort_order','4',0),(122,0,'total_coupon','total_coupon_status','1',0),(123,0,'module_category','module_category_status','1',0),(124,0,'module_account','module_account_status','1',0),(3035,0,'theme_default','theme_default_image_location_width','301',0),(3036,0,'theme_default','theme_default_image_location_height','108',0),(3034,0,'theme_default','theme_default_image_cart_height','200',0),(3033,0,'theme_default','theme_default_image_cart_width','200',0),(3032,0,'theme_default','theme_default_image_wishlist_height','47',0),(3031,0,'theme_default','theme_default_image_wishlist_width','47',0),(3030,0,'theme_default','theme_default_image_compare_height','90',0),(3029,0,'theme_default','theme_default_image_compare_width','90',0),(3028,0,'theme_default','theme_default_image_related_height','200',0),(3027,0,'theme_default','theme_default_image_related_width','200',0),(3026,0,'theme_default','theme_default_image_additional_height','166',0),(3025,0,'theme_default','theme_default_image_additional_width','166',0),(3024,0,'theme_default','theme_default_image_product_height','300',0),(3023,0,'theme_default','theme_default_image_product_width','300',0),(3022,0,'theme_default','theme_default_image_popup_height','800',0),(3021,0,'theme_default','theme_default_image_popup_width','800',0),(3020,0,'theme_default','theme_default_image_thumb_height','300',0),(3019,0,'theme_default','theme_default_image_thumb_width','300',0),(3018,0,'theme_default','theme_default_image_manufacturer_height','80',0),(3016,0,'theme_default','theme_default_image_category_height','80',0),(151,0,'dashboard_activity','dashboard_activity_status','1',0),(152,0,'dashboard_activity','dashboard_activity_sort_order','7',0),(153,0,'dashboard_sale','dashboard_sale_status','1',0),(154,0,'dashboard_sale','dashboard_sale_width','3',0),(155,0,'dashboard_chart','dashboard_chart_status','1',0),(156,0,'dashboard_chart','dashboard_chart_width','6',0),(157,0,'dashboard_customer','dashboard_customer_status','1',0),(158,0,'dashboard_customer','dashboard_customer_width','3',0),(159,0,'dashboard_map','dashboard_map_status','1',0),(160,0,'dashboard_map','dashboard_map_width','6',0),(161,0,'dashboard_online','dashboard_online_status','1',0),(162,0,'dashboard_online','dashboard_online_width','3',0),(163,0,'dashboard_order','dashboard_order_sort_order','1',0),(164,0,'dashboard_order','dashboard_order_status','1',0),(165,0,'dashboard_order','dashboard_order_width','3',0),(166,0,'dashboard_sale','dashboard_sale_sort_order','2',0),(167,0,'dashboard_customer','dashboard_customer_sort_order','3',0),(168,0,'dashboard_online','dashboard_online_sort_order','4',0),(169,0,'dashboard_map','dashboard_map_sort_order','5',0),(170,0,'dashboard_chart','dashboard_chart_sort_order','6',0),(171,0,'dashboard_recent','dashboard_recent_status','1',0),(172,0,'dashboard_recent','dashboard_recent_sort_order','8',0),(173,0,'dashboard_activity','dashboard_activity_width','4',0),(174,0,'dashboard_recent','dashboard_recent_width','8',0),(175,0,'report_customer_activity','report_customer_activity_status','1',0),(176,0,'report_customer_activity','report_customer_activity_sort_order','1',0),(177,0,'report_customer_order','report_customer_order_status','1',0),(178,0,'report_customer_order','report_customer_order_sort_order','2',0),(179,0,'report_customer_reward','report_customer_reward_status','1',0),(180,0,'report_customer_reward','report_customer_reward_sort_order','3',0),(181,0,'report_customer_search','report_customer_search_sort_order','3',0),(182,0,'report_customer_search','report_customer_search_status','1',0),(183,0,'report_customer_transaction','report_customer_transaction_status','1',0),(184,0,'report_customer_transaction','report_customer_transaction_status_sort_order','4',0),(185,0,'report_sale_tax','report_sale_tax_status','1',0),(186,0,'report_sale_tax','report_sale_tax_sort_order','5',0),(187,0,'report_sale_shipping','report_sale_shipping_status','1',0),(188,0,'report_sale_shipping','report_sale_shipping_sort_order','6',0),(189,0,'report_sale_return','report_sale_return_status','1',0),(190,0,'report_sale_return','report_sale_return_sort_order','7',0),(191,0,'report_sale_order','report_sale_order_status','1',0),(192,0,'report_sale_order','report_sale_order_sort_order','8',0),(193,0,'report_sale_coupon','report_sale_coupon_status','1',0),(194,0,'report_sale_coupon','report_sale_coupon_sort_order','9',0),(195,0,'report_product_viewed','report_product_viewed_status','1',0),(196,0,'report_product_viewed','report_product_viewed_sort_order','10',0),(197,0,'report_product_purchased','report_product_purchased_status','1',0),(198,0,'report_product_purchased','report_product_purchased_sort_order','11',0),(199,0,'report_marketing','report_marketing_status','1',0),(200,0,'report_marketing','report_marketing_sort_order','12',0),(201,0,'developer','developer_theme','1',0),(202,0,'developer','developer_sass','1',0),(3050,0,'configblog','configblog_review_mail','1',0),(3049,0,'configblog','configblog_review_guest','1',0),(3047,0,'configblog','configblog_article_download','1',0),(3048,0,'configblog','configblog_review_status','1',0),(3046,0,'configblog','configblog_blog_menu','0',0),(3044,0,'configblog','configblog_article_description_length','200',0),(3045,0,'configblog','configblog_limit_admin','20',0),(3043,0,'configblog','configblog_article_limit','20',0),(3042,0,'configblog','configblog_article_count','1',0),(3041,0,'configblog','configblog_meta_keyword','Блог для интернет магазина на OpenCart',0),(3040,0,'configblog','configblog_meta_description','Блог для интернет магазина на OpenCart',0),(3039,0,'configblog','configblog_meta_title','Блог для интернет магазина на OpenCart',0),(3038,0,'configblog','configblog_html_h1','Блог для интернет магазина на OpenCart',0),(3037,0,'configblog','configblog_name','Блог',0),(223,0,'module_blog_category','module_blog_category_status','1',0),(4863,0,'config','config_affiliate_commission','5',0),(4862,0,'config','config_affiliate_auto','0',0),(4861,0,'config','config_affiliate_approval','0',0),(4859,0,'config','config_stock_checkout','0',0),(4860,0,'config','config_affiliate_group_id','1',0),(4858,0,'config','config_stock_warning','0',0),(4857,0,'config','config_stock_display','0',0),(4856,0,'config','config_api_id','1',0),(4855,0,'config','config_fraud_status_id','16',0),(4854,0,'config','config_complete_status','[\"5\"]',1),(4853,0,'config','config_processing_status','[\"2\",\"3\",\"1\",\"12\",\"5\"]',1),(4852,0,'config','config_order_status_id','1',0),(4851,0,'config','config_checkout_id','5',0),(4850,0,'config','config_checkout_guest','0',0),(4849,0,'config','config_cart_weight','0',0),(4848,0,'config','config_invoice_prefix','UL-2020-00',0),(4847,0,'config','config_account_id','3',0),(4845,0,'config','config_customer_price','0',0),(1956,0,'yandex_money','yandex_money_market_delivery_order_before','{\"1\":\"\",\"2\":\"\",\"3\":\"\",\"4\":\"\",\"5\":\"\"}',1),(1953,0,'yandex_money','yandex_money_market_delivery_cost','{\"1\":\"\",\"2\":\"\",\"3\":\"\",\"4\":\"\",\"5\":\"\"}',1),(1952,0,'yandex_money','yandex_money_market_category_all','',0),(1951,0,'yandex_money','yandex_money_market_currency_plus','{\"RUB\":\"\",\"USD\":\"0\",\"EUR\":\"0\",\"UAH\":\"0\"}',1),(1949,0,'yandex_money','yandex_money_market_full_shopname','Umolab.Ru',0),(1950,0,'yandex_money','yandex_money_market_currency_rate','{\"RUB\":\"CBRF\",\"USD\":\"\",\"EUR\":\"\",\"UAH\":\"\"}',1),(1948,0,'yandex_money','yandex_money_market_shopname','Umolab.Ru',0),(1947,0,'yandex_money','yandex_money_metrika_pw','',0),(1946,0,'yandex_money','yandex_money_metrika_idapp','',0),(1945,0,'yandex_money','yandex_money_metrika_number','',0),(1944,0,'yandex_money','yandex_money_metrika_active','',0),(1943,0,'yandex_money','yandex_money_billing_sort_order','0',0),(1942,0,'yandex_money','yandex_money_billing_geo_zone','0',0),(1941,0,'yandex_money','yandex_money_billing_minimum_payment_amount','0',0),(1940,0,'yandex_money','yandex_money_billing_success_order_status','16',0),(1939,0,'yandex_money','yandex_money_billing_display_name','Яндекс.Платежка (банковские карты, кошелек)',0),(1938,0,'yandex_money','yandex_money_billing_purpose','Номер заказа %order_id% Оплата через Яндекс.Платежку',0),(1937,0,'yandex_money','yandex_money_billing_form_id','',0),(1935,0,'yandex_money','yandex_money_wallet_geo_zone','0',0),(1936,0,'yandex_money','yandex_money_wallet_sort_order','0',0),(1934,0,'yandex_money','yandex_money_wallet_minimum_payment_amount','100',0),(1933,0,'yandex_money','yandex_money_wallet_success_order_status','5',0),(1932,0,'yandex_money','yandex_money_wallet_create_order_before_redirect','1',0),(1931,0,'yandex_money','yandex_money_wallet_display_name','Яндекс.Деньги (банковские карты, кошелек)',0),(1929,0,'yandex_money','yandex_money_wallet_account_id','4100110843120474',0),(1930,0,'yandex_money','yandex_money_wallet_password','RTsHuvRvbMuES7zhKWpeqfeE',0),(1928,0,'yandex_money','yandex_money_wallet_enabled','on',0),(1927,0,'yandex_money','yandex_money_kassa_sort_order','0',0),(1926,0,'yandex_money','yandex_money_kassa_debug_log','off',0),(1925,0,'yandex_money','yandex_money_kassa_geo_zone','0',0),(1924,0,'yandex_money','yandex_money_kassa_minimum_payment_amount','0',0),(1923,0,'yandex_money','yandex_money_kassa_success_order_status','16',0),(1922,0,'yandex_money','yandex_money_kassa_invoice_message','',0),(1921,0,'yandex_money','yandex_money_kassa_invoice_subject','',0),(1920,0,'yandex_money','yandex_money_kassa_show_in_footer','off',0),(1919,0,'yandex_money','yandex_money_kassa_second_receipt_status','16',0),(1918,0,'yandex_money','yandex_money_kassa_second_receipt_enable','0',0),(1917,0,'yandex_money','yandex_money_kassa_payment_subject_default','commodity',0),(1916,0,'yandex_money','yandex_money_kassa_payment_mode_default','full_prepayment',0),(1915,0,'yandex_money','yandex_money_kassa_tax_rates','{\"9\":\"1\",\"10\":\"1\"}',1),(1914,0,'yandex_money','yandex_money_kassa_tax_rate_default','1',0),(1912,0,'yandex_money','yandex_money_kassa_payment_description','',0),(1913,0,'yandex_money','yandex_money_kassa_display_name','Яндекс.Касса (банковские карты, электронные деньги и другое)',0),(1911,0,'yandex_money','yandex_money_kassa_cancel_order_status','16',0),(1910,0,'yandex_money','yandex_money_kassa_hold_order_status','16',0),(1909,0,'yandex_money','yandex_money_kassa_b2b_tax_rates','{\"9\":\"untaxed\",\"10\":\"untaxed\"}',1),(1908,0,'yandex_money','yandex_money_kassa_b2b_tax_rate_default','untaxed',0),(1907,0,'yandex_money','yandex_money_kassa_b2b_sberbank_payment_purpose','',0),(1906,0,'yandex_money','yandex_money_metrika_o2auth','',0),(1905,0,'yandex_money','yandex_money_metrika_code','',0),(1904,0,'yandex_money','yandex_money_nps_prev_vote_time','',0),(1903,0,'yandex_money','yandex_money_kassa_shop_id','',0),(1902,0,'yandex_money','yandex_money_kassa_payment_mode','kassa',0),(1901,0,'yandex_money','yandex_money_kassa_password','',0),(1898,0,'payment_yandex_money','payment_yandex_money_sort_order','0',0),(1899,0,'payment_yandex_money','payment_yandex_money_status','1',0),(1900,0,'payment_yandex_money_b2b_sberbank','payment_yandex_money_b2b_sberbank_status','',0),(1957,0,'yandex_money','yandex_money_market_simple','',0),(1958,0,'yandex_money','yandex_money_market_name_template','%model% %manufacturer% %name%',0),(1959,0,'yandex_money','yandex_money_market_available_available','{\"non-zero-quantity\":\"none\",\"7\":\"none\",\"5\":\"none\",\"6\":\"none\",\"8\":\"none\"}',1),(1960,0,'yandex_money','yandex_money_market_available_delivery','{\"non-zero-quantity\":\"\",\"7\":\"\",\"5\":\"\",\"6\":\"\",\"8\":\"\"}',1),(1961,0,'yandex_money','yandex_money_market_available_pickup','{\"non-zero-quantity\":\"\",\"7\":\"\",\"5\":\"\",\"6\":\"\",\"8\":\"\"}',1),(1962,0,'yandex_money','yandex_money_market_available_store','{\"non-zero-quantity\":\"\",\"7\":\"\",\"5\":\"\",\"6\":\"\",\"8\":\"\"}',1),(1963,0,'yandex_money','yandex_money_market_vat','{\"9\":\"VAT_18\",\"10\":\"VAT_18\"}',1),(1964,0,'yandex_money','yandex_money_market_option_color_option_id','2',0),(1965,0,'yandex_money','yandex_money_market_option_size_option_id','2',0),(1966,0,'yandex_money','yandex_money_wallet_clear_cart_before_redirect','',0),(1967,0,'yandex_money','yandex_money_market_features','',0),(1968,0,'yandex_money','yandex_money_market_dimensions','',0),(1969,0,'yandex_money','yandex_money_market_category_list','',0),(1970,0,'yandex_money','yandex_money_market_vat_enabled','',0),(1971,0,'yandex_money','yandex_money_metrika_webvizor','',0),(1972,0,'yandex_money','yandex_money_metrika_clickmap','',0),(1973,0,'yandex_money','yandex_money_metrika_hash','',0),(2171,0,'payment_apirone','payment_apirone_timeout','1800',0),(2169,0,'payment_apirone','payment_apirone_merchant','1PkF5NEJiCjjnK9h9bTqMCuoxTRmiyBzLu',0),(2168,0,'payment_apirone','payment_apirone_secret','f16b6adad84db3d75d50710d12fcfdcd',0),(2172,0,'payment_apirone','payment_apirone_order_status_id','5',0),(2173,0,'payment_apirone','payment_apirone_pending_status_id','1',0),(2174,0,'payment_apirone','payment_apirone_voided_status_id','16',0),(2175,0,'payment_apirone','payment_apirone_geo_zone_id','0',0),(2176,0,'payment_apirone','payment_apirone_status','1',0),(2177,0,'payment_apirone','payment_apirone_sort_order','0',0),(2178,0,'payment_apirone','payment_apirone_merchantname','',0),(2179,0,'payment_apirone','payment_apirone_test_mode','1',0),(2180,0,'payment_apirone','payment_apirone_confirmation','1',0),(2279,0,'captcha_google','captcha_google_secret','6Lf0PMAUAAAAAEEC8GZ-ae2lvcCPUluzSjBtriml',0),(2278,0,'captcha_google','captcha_google_key','6Lf0PMAUAAAAAER8luLhkbzwjoY8IOx3qn4EVoVl',0),(4846,0,'config','config_login_attempts','5',0),(3017,0,'theme_default','theme_default_image_manufacturer_width','80',0),(2280,0,'captcha_google','captcha_google_status','1',0),(3015,0,'theme_default','theme_default_image_category_width','80',0),(3014,0,'theme_default','theme_default_product_description_length','100',0),(3013,0,'theme_default','theme_default_product_limit','15',0),(4844,0,'config','config_customer_group_display','[\"1\"]',1),(3012,0,'theme_default','theme_default_status','1',0),(3011,0,'theme_default','theme_default_directory','default',0),(3246,0,'payment_pp_express','payment_pp_express_completed_status_id','5',0),(3051,0,'configblog','configblog_image_category_width','50',0),(3052,0,'configblog','configblog_image_category_height','50',0),(3053,0,'configblog','configblog_image_article_width','150',0),(3054,0,'configblog','configblog_image_article_height','150',0),(3055,0,'configblog','configblog_image_related_width','200',0),(3056,0,'configblog','configblog_image_related_height','200',0),(3247,0,'payment_pp_express','payment_pp_express_denied_status_id','8',0),(3248,0,'payment_pp_express','payment_pp_express_expired_status_id','14',0),(3249,0,'payment_pp_express','payment_pp_express_failed_status_id','10',0),(3250,0,'payment_pp_express','payment_pp_express_pending_status_id','1',0),(3251,0,'payment_pp_express','payment_pp_express_processed_status_id','15',0),(3252,0,'payment_pp_express','payment_pp_express_refunded_status_id','11',0),(3253,0,'payment_pp_express','payment_pp_express_reversed_status_id','12',0),(3254,0,'payment_pp_express','payment_pp_express_voided_status_id','16',0),(3255,0,'payment_pp_express','payment_pp_express_incontext_disable','0',0),(3256,0,'payment_pp_express','payment_pp_express_status','0',0),(3257,0,'payment_pp_express','payment_pp_express_currency','USD',0),(3258,0,'payment_pp_standard','payment_pp_standard_email','m_sp@mail.ru',0),(3259,0,'payment_pp_standard','payment_pp_standard_test','0',0),(3260,0,'payment_pp_standard','payment_pp_standard_debug','0',0),(3261,0,'payment_pp_standard','payment_pp_standard_transaction','0',0),(3262,0,'payment_pp_standard','payment_pp_standard_total','',0),(3263,0,'payment_pp_standard','payment_pp_standard_geo_zone_id','0',0),(3264,0,'payment_pp_standard','payment_pp_standard_status','1',0),(3265,0,'payment_pp_standard','payment_pp_standard_sort_order','',0),(3266,0,'payment_pp_standard','payment_pp_standard_canceled_reversal_status_id','16',0),(3267,0,'payment_pp_standard','payment_pp_standard_completed_status_id','16',0),(3268,0,'payment_pp_standard','payment_pp_standard_denied_status_id','16',0),(3269,0,'payment_pp_standard','payment_pp_standard_expired_status_id','16',0),(3270,0,'payment_pp_standard','payment_pp_standard_failed_status_id','16',0),(3271,0,'payment_pp_standard','payment_pp_standard_pending_status_id','16',0),(3272,0,'payment_pp_standard','payment_pp_standard_processed_status_id','16',0),(3273,0,'payment_pp_standard','payment_pp_standard_refunded_status_id','16',0),(3274,0,'payment_pp_standard','payment_pp_standard_reversed_status_id','16',0),(3275,0,'payment_pp_standard','payment_pp_standard_voided_status_id','16',0),(4843,0,'config','config_customer_group_id','1',0),(4842,0,'config','config_customer_search','1',0),(4841,0,'config','config_customer_activity','0',0),(4840,0,'config','config_customer_online','0',0),(4839,0,'config','config_tax_customer','shipping',0),(4838,0,'config','config_tax_default','shipping',0),(4837,0,'config','config_tax','0',0),(4836,0,'config','config_voucher_max','10000',0),(4834,0,'config','config_review_guest','0',0),(4835,0,'config','config_voucher_min','1000',0),(4833,0,'config','config_review_status','1',0),(4832,0,'config','config_limit_admin','20',0),(4831,0,'config','config_product_count','1',0),(4830,0,'config','config_weight_class_id','1',0),(4829,0,'config','config_length_class_id','1',0),(4828,0,'config','config_currency_auto','1',0),(4827,0,'config','config_currency','RUB',0),(4826,0,'config','config_admin_language','ru-ru',0),(4825,0,'config','config_language','ru-ru',0),(4824,0,'config','config_zone_id','2747',0),(4823,0,'config','config_country_id','176',0),(4821,0,'config','config_open','',0),(4822,0,'config','config_comment','',0),(4820,0,'config','config_image','catalog/about2.png',0),(4818,0,'config','config_telephone','+7 960-907-3906',0),(4819,0,'config','config_fax','',0),(4817,0,'config','config_email','umolab@umolab.ru',0),(4816,0,'config','config_geocode','',0),(4815,0,'config','config_address','Telegram\r\nWhatsapp\r\nViber\r\n',0),(4814,0,'config','config_owner','Umolab',0),(4813,0,'config','config_name','Umolab.Ru',0),(4812,0,'config','config_layout_id','4',0),(4811,0,'config','config_theme','default',0),(3859,0,'shipping_flat2','shipping_flat2_tax_class_id','9',0),(3860,0,'shipping_flat2','shipping_flat2_geo_zone_id','6',0),(3861,0,'shipping_flat2','shipping_flat2_status','1',0),(3862,0,'shipping_flat2','shipping_flat2_sort_order','2',0),(4810,0,'config','config_meta_keyword','Изделия из акрила - Umolab.ru',0),(4809,0,'config','config_meta_description','Изделия из акрила - Umolab.ru',0),(4429,0,'payment_cod','payment_cod_geo_zone_id','0',0),(4430,0,'payment_cod','payment_cod_status','1',0),(4431,0,'payment_cod','payment_cod_sort_order','',0),(4808,0,'config','config_meta_title','Изделия из акрила - Umolab.ru',0);
/*!40000 ALTER TABLE `umo_setting` ENABLE KEYS */;
UNLOCK TABLES;

--
-- Table structure for table `umo_shipping_courier`
--

DROP TABLE IF EXISTS `umo_shipping_courier`;
/*!40101 SET @saved_cs_client     = @@character_set_client */;
/*!40101 SET character_set_client = utf8 */;
CREATE TABLE `umo_shipping_courier` (
  `shipping_courier_id` int(11) NOT NULL,
  `shipping_courier_code` varchar(255) NOT NULL DEFAULT '',
  `shipping_courier_name` varchar(255) NOT NULL DEFAULT '',
  PRIMARY KEY (`shipping_courier_id`)
) ENGINE=MyISAM DEFAULT CHARSET=utf8;
/*!40101 SET character_set_client = @saved_cs_client */;

--
-- Dumping data for table `umo_shipping_courier`
--

LOCK TABLES `umo_shipping_courier` WRITE;
/*!40000 ALTER TABLE `umo_shipping_courier` DISABLE KEYS */;
INSERT INTO `umo_shipping_courier` VALUES (1,'dhl','DHL'),(2,'fedex','Fedex'),(3,'ups','UPS'),(4,'royal-mail','Royal Mail'),(5,'usps','United States Postal Service'),(6,'auspost','Australia Post'),(7,'citylink','Citylink');
/*!40000 ALTER TABLE `umo_shipping_courier` ENABLE KEYS */;
UNLOCK TABLES;

--
-- Table structure for table `umo_statistics`
--

DROP TABLE IF EXISTS `umo_statistics`;
/*!40101 SET @saved_cs_client     = @@character_set_client */;
/*!40101 SET character_set_client = utf8 */;
CREATE TABLE `umo_statistics` (
  `statistics_id` int(11) NOT NULL AUTO_INCREMENT,
  `code` varchar(64) NOT NULL,
  `value` decimal(15,4) NOT NULL,
  PRIMARY KEY (`statistics_id`)
) ENGINE=MyISAM AUTO_INCREMENT=8 DEFAULT CHARSET=utf8;
/*!40101 SET character_set_client = @saved_cs_client */;

--
-- Dumping data for table `umo_statistics`
--

LOCK TABLES `umo_statistics` WRITE;
/*!40000 ALTER TABLE `umo_statistics` DISABLE KEYS */;
INSERT INTO `umo_statistics` VALUES (1,'order_sale',79952.0000),(2,'order_processing',0.0000),(3,'order_complete',0.0000),(4,'order_other',0.0000),(5,'returns',0.0000),(6,'product',0.0000),(7,'review',0.0000);
/*!40000 ALTER TABLE `umo_statistics` ENABLE KEYS */;
UNLOCK TABLES;

--
-- Table structure for table `umo_stock_status`
--

DROP TABLE IF EXISTS `umo_stock_status`;
/*!40101 SET @saved_cs_client     = @@character_set_client */;
/*!40101 SET character_set_client = utf8 */;
CREATE TABLE `umo_stock_status` (
  `stock_status_id` int(11) NOT NULL AUTO_INCREMENT,
  `language_id` int(11) NOT NULL,
  `name` varchar(32) NOT NULL,
  PRIMARY KEY (`stock_status_id`,`language_id`)
) ENGINE=MyISAM AUTO_INCREMENT=9 DEFAULT CHARSET=utf8;
/*!40101 SET character_set_client = @saved_cs_client */;

--
-- Dumping data for table `umo_stock_status`
--

LOCK TABLES `umo_stock_status` WRITE;
/*!40000 ALTER TABLE `umo_stock_status` DISABLE KEYS */;
INSERT INTO `umo_stock_status` VALUES (7,1,'В наличии'),(8,1,'Предзаказ'),(5,1,'Нет в наличии'),(6,1,'Ожидание 2-3 дня'),(7,2,'In Stock'),(8,2,'Pre-Order'),(5,2,'Out Of Stock'),(6,2,'2-3 Days');
/*!40000 ALTER TABLE `umo_stock_status` ENABLE KEYS */;
UNLOCK TABLES;

--
-- Table structure for table `umo_store`
--

DROP TABLE IF EXISTS `umo_store`;
/*!40101 SET @saved_cs_client     = @@character_set_client */;
/*!40101 SET character_set_client = utf8 */;
CREATE TABLE `umo_store` (
  `store_id` int(11) NOT NULL AUTO_INCREMENT,
  `name` varchar(64) NOT NULL,
  `url` varchar(255) NOT NULL,
  `ssl` varchar(255) NOT NULL,
  PRIMARY KEY (`store_id`)
) ENGINE=MyISAM DEFAULT CHARSET=utf8;
/*!40101 SET character_set_client = @saved_cs_client */;

--
-- Dumping data for table `umo_store`
--

LOCK TABLES `umo_store` WRITE;
/*!40000 ALTER TABLE `umo_store` DISABLE KEYS */;
/*!40000 ALTER TABLE `umo_store` ENABLE KEYS */;
UNLOCK TABLES;

--
-- Table structure for table `umo_tax_class`
--

DROP TABLE IF EXISTS `umo_tax_class`;
/*!40101 SET @saved_cs_client     = @@character_set_client */;
/*!40101 SET character_set_client = utf8 */;
CREATE TABLE `umo_tax_class` (
  `tax_class_id` int(11) NOT NULL AUTO_INCREMENT,
  `title` varchar(32) NOT NULL,
  `description` varchar(255) NOT NULL,
  `date_added` datetime NOT NULL,
  `date_modified` datetime NOT NULL,
  PRIMARY KEY (`tax_class_id`)
) ENGINE=MyISAM AUTO_INCREMENT=11 DEFAULT CHARSET=utf8;
/*!40101 SET character_set_client = @saved_cs_client */;

--
-- Dumping data for table `umo_tax_class`
--

LOCK TABLES `umo_tax_class` WRITE;
/*!40000 ALTER TABLE `umo_tax_class` DISABLE KEYS */;
INSERT INTO `umo_tax_class` VALUES (9,'Taxable Goods','Taxed goods','2009-01-06 23:21:53','2011-09-23 14:07:50'),(10,'Downloadable Products','Downloadable','2011-09-21 22:19:39','2011-09-22 10:27:36');
/*!40000 ALTER TABLE `umo_tax_class` ENABLE KEYS */;
UNLOCK TABLES;

--
-- Table structure for table `umo_tax_rate`
--

DROP TABLE IF EXISTS `umo_tax_rate`;
/*!40101 SET @saved_cs_client     = @@character_set_client */;
/*!40101 SET character_set_client = utf8 */;
CREATE TABLE `umo_tax_rate` (
  `tax_rate_id` int(11) NOT NULL AUTO_INCREMENT,
  `geo_zone_id` int(11) NOT NULL DEFAULT '0',
  `name` varchar(32) NOT NULL,
  `rate` decimal(15,4) NOT NULL DEFAULT '0.0000',
  `type` char(1) NOT NULL,
  `date_added` datetime NOT NULL,
  `date_modified` datetime NOT NULL,
  PRIMARY KEY (`tax_rate_id`)
) ENGINE=MyISAM AUTO_INCREMENT=88 DEFAULT CHARSET=utf8;
/*!40101 SET character_set_client = @saved_cs_client */;

--
-- Dumping data for table `umo_tax_rate`
--

LOCK TABLES `umo_tax_rate` WRITE;
/*!40000 ALTER TABLE `umo_tax_rate` DISABLE KEYS */;
INSERT INTO `umo_tax_rate` VALUES (86,3,'VAT (20%)',20.0000,'P','2011-03-09 21:17:10','2011-09-22 22:24:29'),(87,3,'Eco Tax (-2.00)',2.0000,'F','2011-09-21 21:49:23','2011-09-23 00:40:19');
/*!40000 ALTER TABLE `umo_tax_rate` ENABLE KEYS */;
UNLOCK TABLES;

--
-- Table structure for table `umo_tax_rate_to_customer_group`
--

DROP TABLE IF EXISTS `umo_tax_rate_to_customer_group`;
/*!40101 SET @saved_cs_client     = @@character_set_client */;
/*!40101 SET character_set_client = utf8 */;
CREATE TABLE `umo_tax_rate_to_customer_group` (
  `tax_rate_id` int(11) NOT NULL,
  `customer_group_id` int(11) NOT NULL,
  PRIMARY KEY (`tax_rate_id`,`customer_group_id`)
) ENGINE=MyISAM DEFAULT CHARSET=utf8;
/*!40101 SET character_set_client = @saved_cs_client */;

--
-- Dumping data for table `umo_tax_rate_to_customer_group`
--

LOCK TABLES `umo_tax_rate_to_customer_group` WRITE;
/*!40000 ALTER TABLE `umo_tax_rate_to_customer_group` DISABLE KEYS */;
INSERT INTO `umo_tax_rate_to_customer_group` VALUES (86,1),(87,1);
/*!40000 ALTER TABLE `umo_tax_rate_to_customer_group` ENABLE KEYS */;
UNLOCK TABLES;

--
-- Table structure for table `umo_tax_rule`
--

DROP TABLE IF EXISTS `umo_tax_rule`;
/*!40101 SET @saved_cs_client     = @@character_set_client */;
/*!40101 SET character_set_client = utf8 */;
CREATE TABLE `umo_tax_rule` (
  `tax_rule_id` int(11) NOT NULL AUTO_INCREMENT,
  `tax_class_id` int(11) NOT NULL,
  `tax_rate_id` int(11) NOT NULL,
  `based` varchar(10) NOT NULL,
  `priority` int(5) NOT NULL DEFAULT '1',
  PRIMARY KEY (`tax_rule_id`)
) ENGINE=MyISAM AUTO_INCREMENT=129 DEFAULT CHARSET=utf8;
/*!40101 SET character_set_client = @saved_cs_client */;

--
-- Dumping data for table `umo_tax_rule`
--

LOCK TABLES `umo_tax_rule` WRITE;
/*!40000 ALTER TABLE `umo_tax_rule` DISABLE KEYS */;
INSERT INTO `umo_tax_rule` VALUES (121,10,86,'payment',1),(120,10,87,'store',0),(128,9,86,'shipping',1),(127,9,87,'shipping',2);
/*!40000 ALTER TABLE `umo_tax_rule` ENABLE KEYS */;
UNLOCK TABLES;

--
-- Table structure for table `umo_theme`
--

DROP TABLE IF EXISTS `umo_theme`;
/*!40101 SET @saved_cs_client     = @@character_set_client */;
/*!40101 SET character_set_client = utf8 */;
CREATE TABLE `umo_theme` (
  `theme_id` int(11) NOT NULL AUTO_INCREMENT,
  `store_id` int(11) NOT NULL,
  `theme` varchar(64) NOT NULL,
  `route` varchar(64) NOT NULL,
  `code` mediumtext NOT NULL,
  `date_added` datetime NOT NULL,
  PRIMARY KEY (`theme_id`)
) ENGINE=MyISAM DEFAULT CHARSET=utf8;
/*!40101 SET character_set_client = @saved_cs_client */;

--
-- Dumping data for table `umo_theme`
--

LOCK TABLES `umo_theme` WRITE;
/*!40000 ALTER TABLE `umo_theme` DISABLE KEYS */;
/*!40000 ALTER TABLE `umo_theme` ENABLE KEYS */;
UNLOCK TABLES;

--
-- Table structure for table `umo_translation`
--

DROP TABLE IF EXISTS `umo_translation`;
/*!40101 SET @saved_cs_client     = @@character_set_client */;
/*!40101 SET character_set_client = utf8 */;
CREATE TABLE `umo_translation` (
  `translation_id` int(11) NOT NULL AUTO_INCREMENT,
  `store_id` int(11) NOT NULL,
  `language_id` int(11) NOT NULL,
  `route` varchar(64) NOT NULL,
  `key` varchar(64) NOT NULL,
  `value` text NOT NULL,
  `date_added` datetime NOT NULL,
  PRIMARY KEY (`translation_id`)
) ENGINE=MyISAM DEFAULT CHARSET=utf8;
/*!40101 SET character_set_client = @saved_cs_client */;

--
-- Dumping data for table `umo_translation`
--

LOCK TABLES `umo_translation` WRITE;
/*!40000 ALTER TABLE `umo_translation` DISABLE KEYS */;
/*!40000 ALTER TABLE `umo_translation` ENABLE KEYS */;
UNLOCK TABLES;

--
-- Table structure for table `umo_upload`
--

DROP TABLE IF EXISTS `umo_upload`;
/*!40101 SET @saved_cs_client     = @@character_set_client */;
/*!40101 SET character_set_client = utf8 */;
CREATE TABLE `umo_upload` (
  `upload_id` int(11) NOT NULL AUTO_INCREMENT,
  `name` varchar(255) NOT NULL,
  `filename` varchar(255) NOT NULL,
  `code` varchar(255) NOT NULL,
  `date_added` datetime NOT NULL,
  PRIMARY KEY (`upload_id`)
) ENGINE=MyISAM AUTO_INCREMENT=2 DEFAULT CHARSET=utf8;
/*!40101 SET character_set_client = @saved_cs_client */;

--
-- Dumping data for table `umo_upload`
--

LOCK TABLES `umo_upload` WRITE;
/*!40000 ALTER TABLE `umo_upload` DISABLE KEYS */;
INSERT INTO `umo_upload` VALUES (1,'curreencyupdatepatch30XX.ocmod.zip','curreencyupdatepatch30XX.ocmod.zip.eCqcDNeAC6jtrhwdw4scDboNGN6OxwlF','1a209132765b44115bf343c126d9d9fa2350744f','2020-02-03 12:07:02');
/*!40000 ALTER TABLE `umo_upload` ENABLE KEYS */;
UNLOCK TABLES;

--
-- Table structure for table `umo_user`
--

DROP TABLE IF EXISTS `umo_user`;
/*!40101 SET @saved_cs_client     = @@character_set_client */;
/*!40101 SET character_set_client = utf8 */;
CREATE TABLE `umo_user` (
  `user_id` int(11) NOT NULL AUTO_INCREMENT,
  `user_group_id` int(11) NOT NULL,
  `username` varchar(20) NOT NULL,
  `password` varchar(40) NOT NULL,
  `salt` varchar(9) NOT NULL,
  `firstname` varchar(32) NOT NULL,
  `lastname` varchar(32) NOT NULL,
  `email` varchar(96) NOT NULL,
  `image` varchar(255) NOT NULL,
  `code` varchar(40) NOT NULL,
  `ip` varchar(40) NOT NULL,
  `status` tinyint(1) NOT NULL,
  `date_added` datetime NOT NULL,
  PRIMARY KEY (`user_id`)
) ENGINE=MyISAM AUTO_INCREMENT=2 DEFAULT CHARSET=utf8;
/*!40101 SET character_set_client = @saved_cs_client */;

--
-- Dumping data for table `umo_user`
--

LOCK TABLES `umo_user` WRITE;
/*!40000 ALTER TABLE `umo_user` DISABLE KEYS */;
INSERT INTO `umo_user` VALUES (1,1,'blkdem','87b58aebd01c3f5d5a228aa2338e196dcf125b00','fea8SftL9','John','Doe','blkdem@blkdem.ru','','','176.197.55.222',1,'2020-02-03 11:43:54');
/*!40000 ALTER TABLE `umo_user` ENABLE KEYS */;
UNLOCK TABLES;

--
-- Table structure for table `umo_user_group`
--

DROP TABLE IF EXISTS `umo_user_group`;
/*!40101 SET @saved_cs_client     = @@character_set_client */;
/*!40101 SET character_set_client = utf8 */;
CREATE TABLE `umo_user_group` (
  `user_group_id` int(11) NOT NULL AUTO_INCREMENT,
  `name` varchar(64) NOT NULL,
  `permission` text NOT NULL,
  PRIMARY KEY (`user_group_id`)
) ENGINE=MyISAM AUTO_INCREMENT=2 DEFAULT CHARSET=utf8;
/*!40101 SET character_set_client = @saved_cs_client */;

--
-- Dumping data for table `umo_user_group`
--

LOCK TABLES `umo_user_group` WRITE;
/*!40000 ALTER TABLE `umo_user_group` DISABLE KEYS */;
INSERT INTO `umo_user_group` VALUES (1,'Администратор','{\"access\":[\"blog\\/article\",\"blog\\/category\",\"blog\\/review\",\"blog\\/setting\",\"catalog\\/attribute\",\"catalog\\/attribute_group\",\"catalog\\/category\",\"catalog\\/download\",\"catalog\\/filter\",\"catalog\\/information\",\"catalog\\/manufacturer\",\"catalog\\/option\",\"catalog\\/product\",\"catalog\\/recurring\",\"catalog\\/review\",\"common\\/column_left\",\"common\\/developer\",\"common\\/filemanager\",\"common\\/profile\",\"common\\/security\",\"customer\\/custom_field\",\"customer\\/customer\",\"customer\\/customer_approval\",\"customer\\/customer_group\",\"design\\/banner\",\"design\\/layout\",\"design\\/seo_url\",\"design\\/theme\",\"design\\/translation\",\"event\\/language\",\"event\\/statistics\",\"event\\/theme\",\"extension\\/analytics\\/google\",\"extension\\/captcha\\/basic\",\"extension\\/captcha\\/google\",\"extension\\/dashboard\\/activity\",\"extension\\/dashboard\\/chart\",\"extension\\/dashboard\\/customer\",\"extension\\/dashboard\\/map\",\"extension\\/dashboard\\/online\",\"extension\\/dashboard\\/order\",\"extension\\/dashboard\\/recent\",\"extension\\/dashboard\\/sale\",\"extension\\/extension\\/analytics\",\"extension\\/extension\\/captcha\",\"extension\\/extension\\/dashboard\",\"extension\\/extension\\/feed\",\"extension\\/extension\\/fraud\",\"extension\\/extension\\/menu\",\"extension\\/extension\\/module\",\"extension\\/extension\\/payment\",\"extension\\/extension\\/report\",\"extension\\/extension\\/shipping\",\"extension\\/extension\\/theme\",\"extension\\/extension\\/total\",\"extension\\/feed\\/google_base\",\"extension\\/feed\\/google_sitemap\",\"extension\\/feed\\/openbaypro\",\"extension\\/feed\\/unisender\",\"extension\\/feed\\/yandex_market\",\"extension\\/feed\\/yandex_turbo\",\"extension\\/fraud\\/fraudlabspro\",\"extension\\/fraud\\/ip\",\"extension\\/fraud\\/maxmind\",\"extension\\/module\\/account\",\"extension\\/module\\/amazon_login\",\"extension\\/module\\/amazon_pay\",\"extension\\/module\\/banner\",\"extension\\/module\\/bestseller\",\"extension\\/module\\/blog_category\",\"extension\\/module\\/blog_featured\",\"extension\\/module\\/blog_latest\",\"extension\\/module\\/carousel\",\"extension\\/module\\/category\",\"extension\\/module\\/divido_calculator\",\"extension\\/module\\/ebay_listing\",\"extension\\/module\\/featured\",\"extension\\/module\\/featured_article\",\"extension\\/module\\/featured_product\",\"extension\\/module\\/filter\",\"extension\\/module\\/google_hangouts\",\"extension\\/module\\/html\",\"extension\\/module\\/information\",\"extension\\/module\\/klarna_checkout_module\",\"extension\\/module\\/latest\",\"extension\\/module\\/laybuy_layout\",\"extension\\/module\\/pilibaba_button\",\"extension\\/module\\/pp_braintree_button\",\"extension\\/module\\/pp_button\",\"extension\\/module\\/pp_login\",\"extension\\/module\\/sagepay_direct_cards\",\"extension\\/module\\/sagepay_server_cards\",\"extension\\/module\\/slideshow\",\"extension\\/module\\/special\",\"extension\\/module\\/store\",\"extension\\/openbay\\/amazon\",\"extension\\/openbay\\/amazon_listing\",\"extension\\/openbay\\/amazon_product\",\"extension\\/openbay\\/amazonus\",\"extension\\/openbay\\/amazonus_listing\",\"extension\\/openbay\\/amazonus_product\",\"extension\\/openbay\\/ebay\",\"extension\\/openbay\\/ebay_profile\",\"extension\\/openbay\\/ebay_template\",\"extension\\/openbay\\/etsy\",\"extension\\/openbay\\/etsy_product\",\"extension\\/openbay\\/etsy_shipping\",\"extension\\/openbay\\/etsy_shop\",\"extension\\/openbay\\/fba\",\"extension\\/payment\\/alipay\",\"extension\\/payment\\/alipay_cross\",\"extension\\/payment\\/amazon_login_pay\",\"extension\\/payment\\/authorizenet_aim\",\"extension\\/payment\\/authorizenet_sim\",\"extension\\/payment\\/bank_transfer\",\"extension\\/payment\\/bluepay_hosted\",\"extension\\/payment\\/bluepay_redirect\",\"extension\\/payment\\/cardconnect\",\"extension\\/payment\\/cardinity\",\"extension\\/payment\\/cheque\",\"extension\\/payment\\/cod\",\"extension\\/payment\\/divido\",\"extension\\/payment\\/eway\",\"extension\\/payment\\/firstdata\",\"extension\\/payment\\/firstdata_remote\",\"extension\\/payment\\/free_checkout\",\"extension\\/payment\\/g2apay\",\"extension\\/payment\\/globalpay\",\"extension\\/payment\\/globalpay_remote\",\"extension\\/payment\\/klarna_account\",\"extension\\/payment\\/klarna_checkout\",\"extension\\/payment\\/klarna_invoice\",\"extension\\/payment\\/laybuy\",\"extension\\/payment\\/liqpay\",\"extension\\/payment\\/nochex\",\"extension\\/payment\\/ocstore_w1\",\"extension\\/payment\\/paymate\",\"extension\\/payment\\/paypoint\",\"extension\\/payment\\/payza\",\"extension\\/payment\\/perpetual_payments\",\"extension\\/payment\\/pilibaba\",\"extension\\/payment\\/pp_braintree\",\"extension\\/payment\\/pp_express\",\"extension\\/payment\\/pp_payflow\",\"extension\\/payment\\/pp_payflow_iframe\",\"extension\\/payment\\/pp_pro\",\"extension\\/payment\\/pp_pro_iframe\",\"extension\\/payment\\/pp_standard\",\"extension\\/payment\\/realex\",\"extension\\/payment\\/realex_remote\",\"extension\\/payment\\/sagepay_direct\",\"extension\\/payment\\/sagepay_server\",\"extension\\/payment\\/sagepay_us\",\"extension\\/payment\\/securetrading_pp\",\"extension\\/payment\\/securetrading_ws\",\"extension\\/payment\\/skrill\",\"extension\\/payment\\/squareup\",\"extension\\/payment\\/twocheckout\",\"extension\\/payment\\/web_payment_software\",\"extension\\/payment\\/webmoney_wmb\",\"extension\\/payment\\/webmoney_wme\",\"extension\\/payment\\/webmoney_wmk\",\"extension\\/payment\\/webmoney_wmr\",\"extension\\/payment\\/webmoney_wmu\",\"extension\\/payment\\/webmoney_wmv\",\"extension\\/payment\\/webmoney_wmz\",\"extension\\/payment\\/wechat_pay\",\"extension\\/payment\\/worldpay\",\"extension\\/report\\/customer_activity\",\"extension\\/report\\/customer_order\",\"extension\\/report\\/customer_reward\",\"extension\\/report\\/customer_search\",\"extension\\/report\\/customer_transaction\",\"extension\\/report\\/marketing\",\"extension\\/report\\/product_purchased\",\"extension\\/report\\/product_viewed\",\"extension\\/report\\/sale_coupon\",\"extension\\/report\\/sale_order\",\"extension\\/report\\/sale_return\",\"extension\\/report\\/sale_shipping\",\"extension\\/report\\/sale_tax\",\"extension\\/shipping\\/auspost\",\"extension\\/shipping\\/citylink\",\"extension\\/shipping\\/ec_ship\",\"extension\\/shipping\\/fedex\",\"extension\\/shipping\\/flat\",\"extension\\/shipping\\/free\",\"extension\\/shipping\\/item\",\"extension\\/shipping\\/parcelforce_48\",\"extension\\/shipping\\/pickup\",\"extension\\/shipping\\/royal_mail\",\"extension\\/shipping\\/ups\",\"extension\\/shipping\\/usps\",\"extension\\/shipping\\/weight\",\"extension\\/theme\\/default\",\"extension\\/total\\/coupon\",\"extension\\/total\\/credit\",\"extension\\/total\\/handling\",\"extension\\/total\\/klarna_fee\",\"extension\\/total\\/low_order_fee\",\"extension\\/total\\/reward\",\"extension\\/total\\/shipping\",\"extension\\/total\\/sub_total\",\"extension\\/total\\/tax\",\"extension\\/total\\/total\",\"extension\\/total\\/voucher\",\"localisation\\/country\",\"localisation\\/currency\",\"localisation\\/geo_zone\",\"localisation\\/language\",\"localisation\\/length_class\",\"localisation\\/location\",\"localisation\\/order_status\",\"localisation\\/return_action\",\"localisation\\/return_reason\",\"localisation\\/return_status\",\"localisation\\/stock_status\",\"localisation\\/tax_class\",\"localisation\\/tax_rate\",\"localisation\\/weight_class\",\"localisation\\/zone\",\"mail\\/affiliate\",\"mail\\/customer\",\"mail\\/forgotten\",\"mail\\/return\",\"mail\\/reward\",\"mail\\/transaction\",\"marketing\\/contact\",\"marketing\\/coupon\",\"marketing\\/marketing\",\"marketplace\\/api\",\"marketplace\\/event\",\"marketplace\\/extension\",\"marketplace\\/install\",\"marketplace\\/installer\",\"marketplace\\/marketplace\",\"marketplace\\/modification\",\"marketplace\\/openbay\",\"marketplace\\/opencartforum\",\"report\\/online\",\"report\\/report\",\"report\\/statistics\",\"sale\\/order\",\"sale\\/recurring\",\"sale\\/return\",\"sale\\/voucher\",\"sale\\/voucher_theme\",\"search\\/search\",\"setting\\/setting\",\"setting\\/store\",\"startup\\/error\",\"startup\\/event\",\"startup\\/login\",\"startup\\/permission\",\"startup\\/router\",\"startup\\/sass\",\"startup\\/startup\",\"tool\\/backup\",\"tool\\/log\",\"tool\\/upload\",\"user\\/api\",\"user\\/user\",\"user\\/user_permission\",\"extension\\/payment\\/yandex_money\",\"extension\\/payment\\/apirone\",\"extension\\/captcha\\/google\",\"captcha\\/google\",\"extension\\/analytics\\/google\",\"analytics\\/google\",\"extension\\/payment\\/pp_standard\",\"extension\\/payment\\/pp_express\",\"extension\\/module\\/special\",\"extension\\/shipping\\/pickup\",\"extension\\/shipping\\/flat2\",\"extension\\/payment\\/cod\",\"extension\\/module\\/latest\"],\"modify\":[\"blog\\/article\",\"blog\\/category\",\"blog\\/review\",\"blog\\/setting\",\"catalog\\/attribute\",\"catalog\\/attribute_group\",\"catalog\\/category\",\"catalog\\/download\",\"catalog\\/filter\",\"catalog\\/information\",\"catalog\\/manufacturer\",\"catalog\\/option\",\"catalog\\/product\",\"catalog\\/recurring\",\"catalog\\/review\",\"common\\/column_left\",\"common\\/developer\",\"common\\/filemanager\",\"common\\/profile\",\"common\\/security\",\"customer\\/custom_field\",\"customer\\/customer\",\"customer\\/customer_approval\",\"customer\\/customer_group\",\"design\\/banner\",\"design\\/layout\",\"design\\/seo_url\",\"design\\/theme\",\"design\\/translation\",\"event\\/language\",\"event\\/statistics\",\"event\\/theme\",\"extension\\/analytics\\/google\",\"extension\\/captcha\\/basic\",\"extension\\/captcha\\/google\",\"extension\\/dashboard\\/activity\",\"extension\\/dashboard\\/chart\",\"extension\\/dashboard\\/customer\",\"extension\\/dashboard\\/map\",\"extension\\/dashboard\\/online\",\"extension\\/dashboard\\/order\",\"extension\\/dashboard\\/recent\",\"extension\\/dashboard\\/sale\",\"extension\\/extension\\/analytics\",\"extension\\/extension\\/captcha\",\"extension\\/extension\\/dashboard\",\"extension\\/extension\\/feed\",\"extension\\/extension\\/fraud\",\"extension\\/extension\\/menu\",\"extension\\/extension\\/module\",\"extension\\/extension\\/payment\",\"extension\\/extension\\/report\",\"extension\\/extension\\/shipping\",\"extension\\/extension\\/theme\",\"extension\\/extension\\/total\",\"extension\\/feed\\/google_base\",\"extension\\/feed\\/google_sitemap\",\"extension\\/feed\\/openbaypro\",\"extension\\/feed\\/unisender\",\"extension\\/feed\\/yandex_market\",\"extension\\/feed\\/yandex_turbo\",\"extension\\/fraud\\/fraudlabspro\",\"extension\\/fraud\\/ip\",\"extension\\/fraud\\/maxmind\",\"extension\\/module\\/account\",\"extension\\/module\\/amazon_login\",\"extension\\/module\\/amazon_pay\",\"extension\\/module\\/banner\",\"extension\\/module\\/bestseller\",\"extension\\/module\\/blog_category\",\"extension\\/module\\/blog_featured\",\"extension\\/module\\/blog_latest\",\"extension\\/module\\/carousel\",\"extension\\/module\\/category\",\"extension\\/module\\/divido_calculator\",\"extension\\/module\\/ebay_listing\",\"extension\\/module\\/featured\",\"extension\\/module\\/featured_article\",\"extension\\/module\\/featured_product\",\"extension\\/module\\/filter\",\"extension\\/module\\/google_hangouts\",\"extension\\/module\\/html\",\"extension\\/module\\/information\",\"extension\\/module\\/klarna_checkout_module\",\"extension\\/module\\/latest\",\"extension\\/module\\/laybuy_layout\",\"extension\\/module\\/pilibaba_button\",\"extension\\/module\\/pp_braintree_button\",\"extension\\/module\\/pp_button\",\"extension\\/module\\/pp_login\",\"extension\\/module\\/sagepay_direct_cards\",\"extension\\/module\\/sagepay_server_cards\",\"extension\\/module\\/slideshow\",\"extension\\/module\\/special\",\"extension\\/module\\/store\",\"extension\\/openbay\\/amazon\",\"extension\\/openbay\\/amazon_listing\",\"extension\\/openbay\\/amazon_product\",\"extension\\/openbay\\/amazonus\",\"extension\\/openbay\\/amazonus_listing\",\"extension\\/openbay\\/amazonus_product\",\"extension\\/openbay\\/ebay\",\"extension\\/openbay\\/ebay_profile\",\"extension\\/openbay\\/ebay_template\",\"extension\\/openbay\\/etsy\",\"extension\\/openbay\\/etsy_product\",\"extension\\/openbay\\/etsy_shipping\",\"extension\\/openbay\\/etsy_shop\",\"extension\\/openbay\\/fba\",\"extension\\/payment\\/alipay\",\"extension\\/payment\\/alipay_cross\",\"extension\\/payment\\/amazon_login_pay\",\"extension\\/payment\\/authorizenet_aim\",\"extension\\/payment\\/authorizenet_sim\",\"extension\\/payment\\/bank_transfer\",\"extension\\/payment\\/bluepay_hosted\",\"extension\\/payment\\/bluepay_redirect\",\"extension\\/payment\\/cardconnect\",\"extension\\/payment\\/cardinity\",\"extension\\/payment\\/cheque\",\"extension\\/payment\\/cod\",\"extension\\/payment\\/divido\",\"extension\\/payment\\/eway\",\"extension\\/payment\\/firstdata\",\"extension\\/payment\\/firstdata_remote\",\"extension\\/payment\\/free_checkout\",\"extension\\/payment\\/g2apay\",\"extension\\/payment\\/globalpay\",\"extension\\/payment\\/globalpay_remote\",\"extension\\/payment\\/klarna_account\",\"extension\\/payment\\/klarna_checkout\",\"extension\\/payment\\/klarna_invoice\",\"extension\\/payment\\/laybuy\",\"extension\\/payment\\/liqpay\",\"extension\\/payment\\/nochex\",\"extension\\/payment\\/ocstore_w1\",\"extension\\/payment\\/paymate\",\"extension\\/payment\\/paypoint\",\"extension\\/payment\\/payza\",\"extension\\/payment\\/perpetual_payments\",\"extension\\/payment\\/pilibaba\",\"extension\\/payment\\/pp_braintree\",\"extension\\/payment\\/pp_express\",\"extension\\/payment\\/pp_payflow\",\"extension\\/payment\\/pp_payflow_iframe\",\"extension\\/payment\\/pp_pro\",\"extension\\/payment\\/pp_pro_iframe\",\"extension\\/payment\\/pp_standard\",\"extension\\/payment\\/realex\",\"extension\\/payment\\/realex_remote\",\"extension\\/payment\\/sagepay_direct\",\"extension\\/payment\\/sagepay_server\",\"extension\\/payment\\/sagepay_us\",\"extension\\/payment\\/securetrading_pp\",\"extension\\/payment\\/securetrading_ws\",\"extension\\/payment\\/skrill\",\"extension\\/payment\\/squareup\",\"extension\\/payment\\/twocheckout\",\"extension\\/payment\\/web_payment_software\",\"extension\\/payment\\/webmoney_wmb\",\"extension\\/payment\\/webmoney_wme\",\"extension\\/payment\\/webmoney_wmk\",\"extension\\/payment\\/webmoney_wmr\",\"extension\\/payment\\/webmoney_wmu\",\"extension\\/payment\\/webmoney_wmv\",\"extension\\/payment\\/webmoney_wmz\",\"extension\\/payment\\/wechat_pay\",\"extension\\/payment\\/worldpay\",\"extension\\/report\\/customer_activity\",\"extension\\/report\\/customer_order\",\"extension\\/report\\/customer_reward\",\"extension\\/report\\/customer_search\",\"extension\\/report\\/customer_transaction\",\"extension\\/report\\/marketing\",\"extension\\/report\\/product_purchased\",\"extension\\/report\\/product_viewed\",\"extension\\/report\\/sale_coupon\",\"extension\\/report\\/sale_order\",\"extension\\/report\\/sale_return\",\"extension\\/report\\/sale_shipping\",\"extension\\/report\\/sale_tax\",\"extension\\/shipping\\/auspost\",\"extension\\/shipping\\/citylink\",\"extension\\/shipping\\/ec_ship\",\"extension\\/shipping\\/fedex\",\"extension\\/shipping\\/flat\",\"extension\\/shipping\\/free\",\"extension\\/shipping\\/item\",\"extension\\/shipping\\/parcelforce_48\",\"extension\\/shipping\\/pickup\",\"extension\\/shipping\\/royal_mail\",\"extension\\/shipping\\/ups\",\"extension\\/shipping\\/usps\",\"extension\\/shipping\\/weight\",\"extension\\/theme\\/default\",\"extension\\/total\\/coupon\",\"extension\\/total\\/credit\",\"extension\\/total\\/handling\",\"extension\\/total\\/klarna_fee\",\"extension\\/total\\/low_order_fee\",\"extension\\/total\\/reward\",\"extension\\/total\\/shipping\",\"extension\\/total\\/sub_total\",\"extension\\/total\\/tax\",\"extension\\/total\\/total\",\"extension\\/total\\/voucher\",\"localisation\\/country\",\"localisation\\/currency\",\"localisation\\/geo_zone\",\"localisation\\/language\",\"localisation\\/length_class\",\"localisation\\/location\",\"localisation\\/order_status\",\"localisation\\/return_action\",\"localisation\\/return_reason\",\"localisation\\/return_status\",\"localisation\\/stock_status\",\"localisation\\/tax_class\",\"localisation\\/tax_rate\",\"localisation\\/weight_class\",\"localisation\\/zone\",\"mail\\/affiliate\",\"mail\\/customer\",\"mail\\/forgotten\",\"mail\\/return\",\"mail\\/reward\",\"mail\\/transaction\",\"marketing\\/contact\",\"marketing\\/coupon\",\"marketing\\/marketing\",\"marketplace\\/api\",\"marketplace\\/event\",\"marketplace\\/extension\",\"marketplace\\/install\",\"marketplace\\/installer\",\"marketplace\\/marketplace\",\"marketplace\\/modification\",\"marketplace\\/openbay\",\"marketplace\\/opencartforum\",\"report\\/online\",\"report\\/report\",\"report\\/statistics\",\"sale\\/order\",\"sale\\/recurring\",\"sale\\/return\",\"sale\\/voucher\",\"sale\\/voucher_theme\",\"search\\/search\",\"setting\\/setting\",\"setting\\/store\",\"startup\\/error\",\"startup\\/event\",\"startup\\/login\",\"startup\\/permission\",\"startup\\/router\",\"startup\\/sass\",\"startup\\/startup\",\"tool\\/backup\",\"tool\\/log\",\"tool\\/upload\",\"user\\/api\",\"user\\/user\",\"user\\/user_permission\",\"extension\\/payment\\/yandex_money\",\"extension\\/payment\\/apirone\",\"extension\\/captcha\\/google\",\"captcha\\/google\",\"extension\\/analytics\\/google\",\"analytics\\/google\",\"extension\\/payment\\/pp_standard\",\"extension\\/payment\\/pp_express\",\"extension\\/module\\/special\",\"extension\\/shipping\\/pickup\",\"extension\\/shipping\\/flat2\",\"extension\\/payment\\/cod\",\"extension\\/module\\/latest\"]}');
/*!40000 ALTER TABLE `umo_user_group` ENABLE KEYS */;
UNLOCK TABLES;

--
-- Table structure for table `umo_voucher`
--

DROP TABLE IF EXISTS `umo_voucher`;
/*!40101 SET @saved_cs_client     = @@character_set_client */;
/*!40101 SET character_set_client = utf8 */;
CREATE TABLE `umo_voucher` (
  `voucher_id` int(11) NOT NULL AUTO_INCREMENT,
  `order_id` int(11) NOT NULL,
  `code` varchar(10) NOT NULL,
  `from_name` varchar(64) NOT NULL,
  `from_email` varchar(96) NOT NULL,
  `to_name` varchar(64) NOT NULL,
  `to_email` varchar(96) NOT NULL,
  `voucher_theme_id` int(11) NOT NULL,
  `message` text NOT NULL,
  `amount` decimal(15,4) NOT NULL,
  `status` tinyint(1) NOT NULL,
  `date_added` datetime NOT NULL,
  PRIMARY KEY (`voucher_id`)
) ENGINE=MyISAM DEFAULT CHARSET=utf8;
/*!40101 SET character_set_client = @saved_cs_client */;

--
-- Dumping data for table `umo_voucher`
--

LOCK TABLES `umo_voucher` WRITE;
/*!40000 ALTER TABLE `umo_voucher` DISABLE KEYS */;
/*!40000 ALTER TABLE `umo_voucher` ENABLE KEYS */;
UNLOCK TABLES;

--
-- Table structure for table `umo_voucher_history`
--

DROP TABLE IF EXISTS `umo_voucher_history`;
/*!40101 SET @saved_cs_client     = @@character_set_client */;
/*!40101 SET character_set_client = utf8 */;
CREATE TABLE `umo_voucher_history` (
  `voucher_history_id` int(11) NOT NULL AUTO_INCREMENT,
  `voucher_id` int(11) NOT NULL,
  `order_id` int(11) NOT NULL,
  `amount` decimal(15,4) NOT NULL,
  `date_added` datetime NOT NULL,
  PRIMARY KEY (`voucher_history_id`)
) ENGINE=MyISAM DEFAULT CHARSET=utf8;
/*!40101 SET character_set_client = @saved_cs_client */;

--
-- Dumping data for table `umo_voucher_history`
--

LOCK TABLES `umo_voucher_history` WRITE;
/*!40000 ALTER TABLE `umo_voucher_history` DISABLE KEYS */;
/*!40000 ALTER TABLE `umo_voucher_history` ENABLE KEYS */;
UNLOCK TABLES;

--
-- Table structure for table `umo_voucher_theme`
--

DROP TABLE IF EXISTS `umo_voucher_theme`;
/*!40101 SET @saved_cs_client     = @@character_set_client */;
/*!40101 SET character_set_client = utf8 */;
CREATE TABLE `umo_voucher_theme` (
  `voucher_theme_id` int(11) NOT NULL AUTO_INCREMENT,
  `image` varchar(255) NOT NULL,
  PRIMARY KEY (`voucher_theme_id`)
) ENGINE=MyISAM AUTO_INCREMENT=9 DEFAULT CHARSET=utf8;
/*!40101 SET character_set_client = @saved_cs_client */;

--
-- Dumping data for table `umo_voucher_theme`
--

LOCK TABLES `umo_voucher_theme` WRITE;
/*!40000 ALTER TABLE `umo_voucher_theme` DISABLE KEYS */;
INSERT INTO `umo_voucher_theme` VALUES (8,'catalog/demo/canon_eos_5d_2.jpg'),(7,'catalog/demo/gift-voucher-birthday.jpg'),(6,'catalog/demo/apple_logo.jpg');
/*!40000 ALTER TABLE `umo_voucher_theme` ENABLE KEYS */;
UNLOCK TABLES;

--
-- Table structure for table `umo_voucher_theme_description`
--

DROP TABLE IF EXISTS `umo_voucher_theme_description`;
/*!40101 SET @saved_cs_client     = @@character_set_client */;
/*!40101 SET character_set_client = utf8 */;
CREATE TABLE `umo_voucher_theme_description` (
  `voucher_theme_id` int(11) NOT NULL,
  `language_id` int(11) NOT NULL,
  `name` varchar(32) NOT NULL,
  PRIMARY KEY (`voucher_theme_id`,`language_id`)
) ENGINE=MyISAM DEFAULT CHARSET=utf8;
/*!40101 SET character_set_client = @saved_cs_client */;

--
-- Dumping data for table `umo_voucher_theme_description`
--

LOCK TABLES `umo_voucher_theme_description` WRITE;
/*!40000 ALTER TABLE `umo_voucher_theme_description` DISABLE KEYS */;
INSERT INTO `umo_voucher_theme_description` VALUES (6,1,'Christmas'),(7,1,'Birthday'),(8,1,'General');
/*!40000 ALTER TABLE `umo_voucher_theme_description` ENABLE KEYS */;
UNLOCK TABLES;

--
-- Table structure for table `umo_weight_class`
--

DROP TABLE IF EXISTS `umo_weight_class`;
/*!40101 SET @saved_cs_client     = @@character_set_client */;
/*!40101 SET character_set_client = utf8 */;
CREATE TABLE `umo_weight_class` (
  `weight_class_id` int(11) NOT NULL AUTO_INCREMENT,
  `value` decimal(15,8) NOT NULL DEFAULT '0.00000000',
  PRIMARY KEY (`weight_class_id`)
) ENGINE=MyISAM AUTO_INCREMENT=7 DEFAULT CHARSET=utf8;
/*!40101 SET character_set_client = @saved_cs_client */;

--
-- Dumping data for table `umo_weight_class`
--

LOCK TABLES `umo_weight_class` WRITE;
/*!40000 ALTER TABLE `umo_weight_class` DISABLE KEYS */;
INSERT INTO `umo_weight_class` VALUES (1,1.00000000),(2,1000.00000000),(5,2.20460000),(6,35.27400000);
/*!40000 ALTER TABLE `umo_weight_class` ENABLE KEYS */;
UNLOCK TABLES;

--
-- Table structure for table `umo_weight_class_description`
--

DROP TABLE IF EXISTS `umo_weight_class_description`;
/*!40101 SET @saved_cs_client     = @@character_set_client */;
/*!40101 SET character_set_client = utf8 */;
CREATE TABLE `umo_weight_class_description` (
  `weight_class_id` int(11) NOT NULL,
  `language_id` int(11) NOT NULL,
  `title` varchar(32) NOT NULL,
  `unit` varchar(4) NOT NULL,
  PRIMARY KEY (`weight_class_id`,`language_id`)
) ENGINE=MyISAM DEFAULT CHARSET=utf8;
/*!40101 SET character_set_client = @saved_cs_client */;

--
-- Dumping data for table `umo_weight_class_description`
--

LOCK TABLES `umo_weight_class_description` WRITE;
/*!40000 ALTER TABLE `umo_weight_class_description` DISABLE KEYS */;
INSERT INTO `umo_weight_class_description` VALUES (1,1,'Килограммы','кг'),(1,2,'Kilogram','kg'),(2,1,'Граммы','г'),(2,2,'Gram','g'),(5,1,'Фунты','lb'),(5,2,'Pound','lb'),(6,1,'Унции','oz'),(6,2,'Ounce','oz');
/*!40000 ALTER TABLE `umo_weight_class_description` ENABLE KEYS */;
UNLOCK TABLES;

--
-- Table structure for table `umo_ya_money_payment`
--

DROP TABLE IF EXISTS `umo_ya_money_payment`;
/*!40101 SET @saved_cs_client     = @@character_set_client */;
/*!40101 SET character_set_client = utf8 */;
CREATE TABLE `umo_ya_money_payment` (
  `order_id` int(11) NOT NULL,
  `payment_id` char(36) NOT NULL,
  `status` enum('pending','waiting_for_capture','succeeded','canceled') NOT NULL,
  `amount` decimal(11,2) NOT NULL,
  `currency` char(3) NOT NULL,
  `payment_method_id` char(36) NOT NULL,
  `paid` enum('Y','N') NOT NULL,
  `created_at` datetime NOT NULL,
  `captured_at` datetime NOT NULL DEFAULT '0000-00-00 00:00:00',
  `receipt` text,
  PRIMARY KEY (`order_id`),
  UNIQUE KEY `umo_ya_money_payment_unq_payment_id` (`payment_id`)
) ENGINE=InnoDB DEFAULT CHARSET=utf8;
/*!40101 SET character_set_client = @saved_cs_client */;

--
-- Dumping data for table `umo_ya_money_payment`
--

LOCK TABLES `umo_ya_money_payment` WRITE;
/*!40000 ALTER TABLE `umo_ya_money_payment` DISABLE KEYS */;
/*!40000 ALTER TABLE `umo_ya_money_payment` ENABLE KEYS */;
UNLOCK TABLES;

--
-- Table structure for table `umo_ya_money_product_properties`
--

DROP TABLE IF EXISTS `umo_ya_money_product_properties`;
/*!40101 SET @saved_cs_client     = @@character_set_client */;
/*!40101 SET character_set_client = utf8 */;
CREATE TABLE `umo_ya_money_product_properties` (
  `product_id` int(11) NOT NULL,
  `payment_subject` varchar(256) DEFAULT NULL,
  `payment_mode` varchar(256) DEFAULT NULL,
  PRIMARY KEY (`product_id`)
) ENGINE=InnoDB DEFAULT CHARSET=utf8;
/*!40101 SET character_set_client = @saved_cs_client */;

--
-- Dumping data for table `umo_ya_money_product_properties`
--

LOCK TABLES `umo_ya_money_product_properties` WRITE;
/*!40000 ALTER TABLE `umo_ya_money_product_properties` DISABLE KEYS */;
INSERT INTO `umo_ya_money_product_properties` VALUES (50,'commodity','full_prepayment'),(51,'commodity','full_prepayment'),(52,'commodity','full_prepayment'),(53,'commodity','full_prepayment');
/*!40000 ALTER TABLE `umo_ya_money_product_properties` ENABLE KEYS */;
UNLOCK TABLES;

--
-- Table structure for table `umo_ya_money_refunds`
--

DROP TABLE IF EXISTS `umo_ya_money_refunds`;
/*!40101 SET @saved_cs_client     = @@character_set_client */;
/*!40101 SET character_set_client = utf8 */;
CREATE TABLE `umo_ya_money_refunds` (
  `refund_id` char(36) NOT NULL,
  `order_id` int(11) NOT NULL,
  `payment_id` char(36) NOT NULL,
  `status` enum('pending','succeeded','canceled') NOT NULL,
  `amount` decimal(11,2) NOT NULL,
  `currency` char(3) NOT NULL,
  `created_at` datetime NOT NULL,
  `authorized_at` datetime NOT NULL DEFAULT '0000-00-00 00:00:00',
  PRIMARY KEY (`refund_id`),
  KEY `umo_ya_money_refunds_idx_order_id` (`order_id`),
  KEY `umo_ya_money_refunds_idx_payment_id` (`payment_id`)
) ENGINE=InnoDB DEFAULT CHARSET=utf8;
/*!40101 SET character_set_client = @saved_cs_client */;

--
-- Dumping data for table `umo_ya_money_refunds`
--

LOCK TABLES `umo_ya_money_refunds` WRITE;
/*!40000 ALTER TABLE `umo_ya_money_refunds` DISABLE KEYS */;
/*!40000 ALTER TABLE `umo_ya_money_refunds` ENABLE KEYS */;
UNLOCK TABLES;

--
-- Table structure for table `umo_zone`
--

DROP TABLE IF EXISTS `umo_zone`;
/*!40101 SET @saved_cs_client     = @@character_set_client */;
/*!40101 SET character_set_client = utf8 */;
CREATE TABLE `umo_zone` (
  `zone_id` int(11) NOT NULL AUTO_INCREMENT,
  `country_id` int(11) NOT NULL,
  `name` varchar(128) NOT NULL,
  `code` varchar(32) NOT NULL,
  `status` tinyint(1) NOT NULL DEFAULT '1',
  PRIMARY KEY (`zone_id`)
) ENGINE=MyISAM AUTO_INCREMENT=4232 DEFAULT CHARSET=utf8;
/*!40101 SET character_set_client = @saved_cs_client */;

--
-- Dumping data for table `umo_zone`
--

LOCK TABLES `umo_zone` WRITE;
/*!40000 ALTER TABLE `umo_zone` DISABLE KEYS */;
INSERT INTO `umo_zone` VALUES (1,1,'Badakhshan','BDS',1),(2,1,'Badghis','BDG',1),(3,1,'Baghlan','BGL',1),(4,1,'Balkh','BAL',1),(5,1,'Bamian','BAM',1),(6,1,'Farah','FRA',1),(7,1,'Faryab','FYB',1),(8,1,'Ghazni','GHA',1),(9,1,'Ghowr','GHO',1),(10,1,'Helmand','HEL',1),(11,1,'Herat','HER',1),(12,1,'Jowzjan','JOW',1),(13,1,'Kabul','KAB',1),(14,1,'Kandahar','KAN',1),(15,1,'Kapisa','KAP',1),(16,1,'Khost','KHO',1),(17,1,'Konar','KNR',1),(18,1,'Kondoz','KDZ',1),(19,1,'Laghman','LAG',1),(20,1,'Lowgar','LOW',1),(21,1,'Nangrahar','NAN',1),(22,1,'Nimruz','NIM',1),(23,1,'Nurestan','NUR',1),(24,1,'Oruzgan','ORU',1),(25,1,'Paktia','PIA',1),(26,1,'Paktika','PKA',1),(27,1,'Parwan','PAR',1),(28,1,'Samangan','SAM',1),(29,1,'Sar-e Pol','SAR',1),(30,1,'Takhar','TAK',1),(31,1,'Wardak','WAR',1),(32,1,'Zabol','ZAB',1),(33,2,'Berat','BR',1),(34,2,'Bulqize','BU',1),(35,2,'Delvine','DL',1),(36,2,'Devoll','DV',1),(37,2,'Diber','DI',1),(38,2,'Durres','DR',1),(39,2,'Elbasan','EL',1),(40,2,'Kolonje','ER',1),(41,2,'Fier','FR',1),(42,2,'Gjirokaster','GJ',1),(43,2,'Gramsh','GR',1),(44,2,'Has','HA',1),(45,2,'Kavaje','KA',1),(46,2,'Kurbin','KB',1),(47,2,'Kucove','KC',1),(48,2,'Korce','KO',1),(49,2,'Kruje','KR',1),(50,2,'Kukes','KU',1),(51,2,'Librazhd','LB',1),(52,2,'Lezhe','LE',1),(53,2,'Lushnje','LU',1),(54,2,'Malesi e Madhe','MM',1),(55,2,'Mallakaster','MK',1),(56,2,'Mat','MT',1),(57,2,'Mirdite','MR',1),(58,2,'Peqin','PQ',1),(59,2,'Permet','PR',1),(60,2,'Pogradec','PG',1),(61,2,'Puke','PU',1),(62,2,'Shkoder','SH',1),(63,2,'Skrapar','SK',1),(64,2,'Sarande','SR',1),(65,2,'Tepelene','TE',1),(66,2,'Tropoje','TP',1),(67,2,'Tirane','TR',1),(68,2,'Vlore','VL',1),(69,3,'Adrar','ADR',1),(70,3,'Ain Defla','ADE',1),(71,3,'Ain Temouchent','ATE',1),(72,3,'Alger','ALG',1),(73,3,'Annaba','ANN',1),(74,3,'Batna','BAT',1),(75,3,'Bechar','BEC',1),(76,3,'Bejaia','BEJ',1),(77,3,'Biskra','BIS',1),(78,3,'Blida','BLI',1),(79,3,'Bordj Bou Arreridj','BBA',1),(80,3,'Bouira','BOA',1),(81,3,'Boumerdes','BMD',1),(82,3,'Chlef','CHL',1),(83,3,'Constantine','CON',1),(84,3,'Djelfa','DJE',1),(85,3,'El Bayadh','EBA',1),(86,3,'El Oued','EOU',1),(87,3,'El Tarf','ETA',1),(88,3,'Ghardaia','GHA',1),(89,3,'Guelma','GUE',1),(90,3,'Illizi','ILL',1),(91,3,'Jijel','JIJ',1),(92,3,'Khenchela','KHE',1),(93,3,'Laghouat','LAG',1),(94,3,'Muaskar','MUA',1),(95,3,'Medea','MED',1),(96,3,'Mila','MIL',1),(97,3,'Mostaganem','MOS',1),(98,3,'M\'Sila','MSI',1),(99,3,'Naama','NAA',1),(100,3,'Oran','ORA',1),(101,3,'Ouargla','OUA',1),(102,3,'Oum el-Bouaghi','OEB',1),(103,3,'Relizane','REL',1),(104,3,'Saida','SAI',1),(105,3,'Setif','SET',1),(106,3,'Sidi Bel Abbes','SBA',1),(107,3,'Skikda','SKI',1),(108,3,'Souk Ahras','SAH',1),(109,3,'Tamanghasset','TAM',1),(110,3,'Tebessa','TEB',1),(111,3,'Tiaret','TIA',1),(112,3,'Tindouf','TIN',1),(113,3,'Tipaza','TIP',1),(114,3,'Tissemsilt','TIS',1),(115,3,'Tizi Ouzou','TOU',1),(116,3,'Tlemcen','TLE',1),(117,4,'Eastern','E',1),(118,4,'Manu\'a','M',1),(119,4,'Rose Island','R',1),(120,4,'Swains Island','S',1),(121,4,'Western','W',1),(122,5,'Andorra la Vella','ALV',1),(123,5,'Canillo','CAN',1),(124,5,'Encamp','ENC',1),(125,5,'Escaldes-Engordany','ESE',1),(126,5,'La Massana','LMA',1),(127,5,'Ordino','ORD',1),(128,5,'Sant Julia de Loria','SJL',1),(129,6,'Bengo','BGO',1),(130,6,'Benguela','BGU',1),(131,6,'Bie','BIE',1),(132,6,'Cabinda','CAB',1),(133,6,'Cuando-Cubango','CCU',1),(134,6,'Cuanza Norte','CNO',1),(135,6,'Cuanza Sul','CUS',1),(136,6,'Cunene','CNN',1),(137,6,'Huambo','HUA',1),(138,6,'Huila','HUI',1),(139,6,'Luanda','LUA',1),(140,6,'Lunda Norte','LNO',1),(141,6,'Lunda Sul','LSU',1),(142,6,'Malange','MAL',1),(143,6,'Moxico','MOX',1),(144,6,'Namibe','NAM',1),(145,6,'Uige','UIG',1),(146,6,'Zaire','ZAI',1),(147,9,'Saint George','ASG',1),(148,9,'Saint John','ASJ',1),(149,9,'Saint Mary','ASM',1),(150,9,'Saint Paul','ASL',1),(151,9,'Saint Peter','ASR',1),(152,9,'Saint Philip','ASH',1),(153,9,'Barbuda','BAR',1),(154,9,'Redonda','RED',1),(155,10,'Antartida e Islas del Atlantico','AN',1),(156,10,'Buenos Aires','BA',1),(157,10,'Catamarca','CA',1),(158,10,'Chaco','CH',1),(159,10,'Chubut','CU',1),(160,10,'Cordoba','CO',1),(161,10,'Corrientes','CR',1),(162,10,'Distrito Federal','DF',1),(163,10,'Entre Rios','ER',1),(164,10,'Formosa','FO',1),(165,10,'Jujuy','JU',1),(166,10,'La Pampa','LP',1),(167,10,'La Rioja','LR',1),(168,10,'Mendoza','ME',1),(169,10,'Misiones','MI',1),(170,10,'Neuquen','NE',1),(171,10,'Rio Negro','RN',1),(172,10,'Salta','SA',1),(173,10,'San Juan','SJ',1),(174,10,'San Luis','SL',1),(175,10,'Santa Cruz','SC',1),(176,10,'Santa Fe','SF',1),(177,10,'Santiago del Estero','SD',1),(178,10,'Tierra del Fuego','TF',1),(179,10,'Tucuman','TU',1),(180,11,'Арагацотн','AGT',1),(181,11,'Арарат','ARR',1),(182,11,'Армавир','ARM',1),(183,11,'Гегаркуник','GEG',1),(184,11,'Котайк','KOT',1),(185,11,'Лори','LOR',1),(186,11,'Ширак','SHI',1),(187,11,'Сюник','SYU',1),(188,11,'Тавуш','TAV',1),(189,11,'Вайоц Дзор','VAY',1),(190,11,'Ереван','YER',1),(191,13,'Australian Capital Territory','ACT',1),(192,13,'New South Wales','NSW',1),(193,13,'Northern Territory','NT',1),(194,13,'Queensland','QLD',1),(195,13,'South Australia','SA',1),(196,13,'Tasmania','TAS',1),(197,13,'Victoria','VIC',1),(198,13,'Western Australia','WA',1),(199,14,'Burgenland','BUR',1),(200,14,'Kärnten','KAR',1),(201,14,'Nieder&ouml;sterreich','NOS',1),(202,14,'Ober&ouml;sterreich','OOS',1),(203,14,'Salzburg','SAL',1),(204,14,'Steiermark','STE',1),(205,14,'Tirol','TIR',1),(206,14,'Vorarlberg','VOR',1),(207,14,'Wien','WIE',1),(208,15,'Ali Bayramli','AB',1),(209,15,'Abseron','ABS',1),(210,15,'AgcabAdi','AGC',1),(211,15,'Agdam','AGM',1),(212,15,'Agdas','AGS',1),(213,15,'Agstafa','AGA',1),(214,15,'Agsu','AGU',1),(215,15,'Astara','AST',1),(216,15,'Baki','BA',1),(217,15,'BabAk','BAB',1),(218,15,'BalakAn','BAL',1),(219,15,'BArdA','BAR',1),(220,15,'Beylaqan','BEY',1),(221,15,'Bilasuvar','BIL',1),(222,15,'Cabrayil','CAB',1),(223,15,'Calilabab','CAL',1),(224,15,'Culfa','CUL',1),(225,15,'Daskasan','DAS',1),(226,15,'Davaci','DAV',1),(227,15,'Fuzuli','FUZ',1),(228,15,'Ganca','GA',1),(229,15,'Gadabay','GAD',1),(230,15,'Goranboy','GOR',1),(231,15,'Goycay','GOY',1),(232,15,'Haciqabul','HAC',1),(233,15,'Imisli','IMI',1),(234,15,'Ismayilli','ISM',1),(235,15,'Kalbacar','KAL',1),(236,15,'Kurdamir','KUR',1),(237,15,'Lankaran','LA',1),(238,15,'Lacin','LAC',1),(239,15,'Lankaran','LAN',1),(240,15,'Lerik','LER',1),(241,15,'Masalli','MAS',1),(242,15,'Mingacevir','MI',1),(243,15,'Naftalan','NA',1),(244,15,'Neftcala','NEF',1),(245,15,'Oguz','OGU',1),(246,15,'Ordubad','ORD',1),(247,15,'Qabala','QAB',1),(248,15,'Qax','QAX',1),(249,15,'Qazax','QAZ',1),(250,15,'Qobustan','QOB',1),(251,15,'Quba','QBA',1),(252,15,'Qubadli','QBI',1),(253,15,'Qusar','QUS',1),(254,15,'Saki','SA',1),(255,15,'Saatli','SAT',1),(256,15,'Sabirabad','SAB',1),(257,15,'Sadarak','SAD',1),(258,15,'Sahbuz','SAH',1),(259,15,'Saki','SAK',1),(260,15,'Salyan','SAL',1),(261,15,'Sumqayit','SM',1),(262,15,'Samaxi','SMI',1),(263,15,'Samkir','SKR',1),(264,15,'Samux','SMX',1),(265,15,'Sarur','SAR',1),(266,15,'Siyazan','SIY',1),(267,15,'Susa','SS',1),(268,15,'Susa','SUS',1),(269,15,'Tartar','TAR',1),(270,15,'Tovuz','TOV',1),(271,15,'Ucar','UCA',1),(272,15,'Xankandi','XA',1),(273,15,'Xacmaz','XAC',1),(274,15,'Xanlar','XAN',1),(275,15,'Xizi','XIZ',1),(276,15,'Xocali','XCI',1),(277,15,'Xocavand','XVD',1),(278,15,'Yardimli','YAR',1),(279,15,'Yevlax','YEV',1),(280,15,'Zangilan','ZAN',1),(281,15,'Zaqatala','ZAQ',1),(282,15,'Zardab','ZAR',1),(283,15,'Naxcivan','NX',1),(284,16,'Acklins','ACK',1),(285,16,'Berry Islands','BER',1),(286,16,'Bimini','BIM',1),(287,16,'Black Point','BLK',1),(288,16,'Cat Island','CAT',1),(289,16,'Central Abaco','CAB',1),(290,16,'Central Andros','CAN',1),(291,16,'Central Eleuthera','CEL',1),(292,16,'City of Freeport','FRE',1),(293,16,'Crooked Island','CRO',1),(294,16,'East Grand Bahama','EGB',1),(295,16,'Exuma','EXU',1),(296,16,'Grand Cay','GRD',1),(297,16,'Harbour Island','HAR',1),(298,16,'Hope Town','HOP',1),(299,16,'Inagua','INA',1),(300,16,'Long Island','LNG',1),(301,16,'Mangrove Cay','MAN',1),(302,16,'Mayaguana','MAY',1),(303,16,'Moore\'s Island','MOO',1),(304,16,'North Abaco','NAB',1),(305,16,'North Andros','NAN',1),(306,16,'North Eleuthera','NEL',1),(307,16,'Ragged Island','RAG',1),(308,16,'Rum Cay','RUM',1),(309,16,'San Salvador','SAL',1),(310,16,'South Abaco','SAB',1),(311,16,'South Andros','SAN',1),(312,16,'South Eleuthera','SEL',1),(313,16,'Spanish Wells','SWE',1),(314,16,'West Grand Bahama','WGB',1),(315,17,'Capital','CAP',1),(316,17,'Central','CEN',1),(317,17,'Muharraq','MUH',1),(318,17,'Northern','NOR',1),(319,17,'Southern','SOU',1),(320,18,'Barisal','BAR',1),(321,18,'Chittagong','CHI',1),(322,18,'Dhaka','DHA',1),(323,18,'Khulna','KHU',1),(324,18,'Rajshahi','RAJ',1),(325,18,'Sylhet','SYL',1),(326,19,'Christ Church','CC',1),(327,19,'Saint Andrew','AND',1),(328,19,'Saint George','GEO',1),(329,19,'Saint James','JAM',1),(330,19,'Saint John','JOH',1),(331,19,'Saint Joseph','JOS',1),(332,19,'Saint Lucy','LUC',1),(333,19,'Saint Michael','MIC',1),(334,19,'Saint Peter','PET',1),(335,19,'Saint Philip','PHI',1),(336,19,'Saint Thomas','THO',1),(337,20,'Брест','BR',1),(338,20,'Гомель','HO',1),(339,20,'Минск','HM',1),(340,20,'Гродно','HR',1),(341,20,'Могилев','MA',1),(342,20,'Минская область','MI',1),(343,20,'Витебск','VI',1),(344,21,'Antwerpen','VAN',1),(345,21,'Brabant Wallon','WBR',1),(346,21,'Hainaut','WHT',1),(347,21,'Liège','WLG',1),(348,21,'Limburg','VLI',1),(349,21,'Luxembourg','WLX',1),(350,21,'Namur','WNA',1),(351,21,'Oost-Vlaanderen','VOV',1),(352,21,'Vlaams Brabant','VBR',1),(353,21,'West-Vlaanderen','VWV',1),(354,22,'Belize','BZ',1),(355,22,'Cayo','CY',1),(356,22,'Corozal','CR',1),(357,22,'Orange Walk','OW',1),(358,22,'Stann Creek','SC',1),(359,22,'Toledo','TO',1),(360,23,'Alibori','AL',1),(361,23,'Atakora','AK',1),(362,23,'Atlantique','AQ',1),(363,23,'Borgou','BO',1),(364,23,'Collines','CO',1),(365,23,'Donga','DO',1),(366,23,'Kouffo','KO',1),(367,23,'Littoral','LI',1),(368,23,'Mono','MO',1),(369,23,'Oueme','OU',1),(370,23,'Plateau','PL',1),(371,23,'Zou','ZO',1),(372,24,'Devonshire','DS',1),(373,24,'Hamilton City','HC',1),(374,24,'Hamilton','HA',1),(375,24,'Paget','PG',1),(376,24,'Pembroke','PB',1),(377,24,'Saint George City','GC',1),(378,24,'Saint George\'s','SG',1),(379,24,'Sandys','SA',1),(380,24,'Smith\'s','SM',1),(381,24,'Southampton','SH',1),(382,24,'Warwick','WA',1),(383,25,'Bumthang','BUM',1),(384,25,'Chukha','CHU',1),(385,25,'Dagana','DAG',1),(386,25,'Gasa','GAS',1),(387,25,'Haa','HAA',1),(388,25,'Lhuntse','LHU',1),(389,25,'Mongar','MON',1),(390,25,'Paro','PAR',1),(391,25,'Pemagatshel','PEM',1),(392,25,'Punakha','PUN',1),(393,25,'Samdrup Jongkhar','SJO',1),(394,25,'Samtse','SAT',1),(395,25,'Sarpang','SAR',1),(396,25,'Thimphu','THI',1),(397,25,'Trashigang','TRG',1),(398,25,'Trashiyangste','TRY',1),(399,25,'Trongsa','TRO',1),(400,25,'Tsirang','TSI',1),(401,25,'Wangdue Phodrang','WPH',1),(402,25,'Zhemgang','ZHE',1),(403,26,'Beni','BEN',1),(404,26,'Chuquisaca','CHU',1),(405,26,'Cochabamba','COC',1),(406,26,'La Paz','LPZ',1),(407,26,'Oruro','ORU',1),(408,26,'Pando','PAN',1),(409,26,'Potosi','POT',1),(410,26,'Santa Cruz','SCZ',1),(411,26,'Tarija','TAR',1),(412,27,'Brcko district','BRO',1),(413,27,'Unsko-Sanski Kanton','FUS',1),(414,27,'Posavski Kanton','FPO',1),(415,27,'Tuzlanski Kanton','FTU',1),(416,27,'Zenicko-Dobojski Kanton','FZE',1),(417,27,'Bosanskopodrinjski Kanton','FBP',1),(418,27,'Srednjebosanski Kanton','FSB',1),(419,27,'Hercegovacko-neretvanski Kanton','FHN',1),(420,27,'Zapadnohercegovacka Zupanija','FZH',1),(421,27,'Kanton Sarajevo','FSA',1),(422,27,'Zapadnobosanska','FZA',1),(423,27,'Banja Luka','SBL',1),(424,27,'Doboj','SDO',1),(425,27,'Bijeljina','SBI',1),(426,27,'Vlasenica','SVL',1),(427,27,'Sarajevo-Romanija or Sokolac','SSR',1),(428,27,'Foca','SFO',1),(429,27,'Trebinje','STR',1),(430,28,'Central','CE',1),(431,28,'Ghanzi','GH',1),(432,28,'Kgalagadi','KD',1),(433,28,'Kgatleng','KT',1),(434,28,'Kweneng','KW',1),(435,28,'Ngamiland','NG',1),(436,28,'North East','NE',1),(437,28,'North West','NW',1),(438,28,'South East','SE',1),(439,28,'Southern','SO',1),(440,30,'Acre','AC',1),(441,30,'Alagoas','AL',1),(442,30,'Amapá','AP',1),(443,30,'Amazonas','AM',1),(444,30,'Bahia','BA',1),(445,30,'Ceará','CE',1),(446,30,'Distrito Federal','DF',1),(447,30,'Espírito Santo','ES',1),(448,30,'Goiás','GO',1),(449,30,'Maranhão','MA',1),(450,30,'Mato Grosso','MT',1),(451,30,'Mato Grosso do Sul','MS',1),(452,30,'Minas Gerais','MG',1),(453,30,'Pará','PA',1),(454,30,'Paraíba','PB',1),(455,30,'Paraná','PR',1),(456,30,'Pernambuco','PE',1),(457,30,'Piauí','PI',1),(458,30,'Rio de Janeiro','RJ',1),(459,30,'Rio Grande do Norte','RN',1),(460,30,'Rio Grande do Sul','RS',1),(461,30,'Rondônia','RO',1),(462,30,'Roraima','RR',1),(463,30,'Santa Catarina','SC',1),(464,30,'São Paulo','SP',1),(465,30,'Sergipe','SE',1),(466,30,'Tocantins','TO',1),(467,31,'Peros Banhos','PB',1),(468,31,'Salomon Islands','SI',1),(469,31,'Nelsons Island','NI',1),(470,31,'Three Brothers','TB',1),(471,31,'Eagle Islands','EA',1),(472,31,'Danger Island','DI',1),(473,31,'Egmont Islands','EG',1),(474,31,'Diego Garcia','DG',1),(475,32,'Belait','BEL',1),(476,32,'Brunei and Muara','BRM',1),(477,32,'Temburong','TEM',1),(478,32,'Tutong','TUT',1),(479,33,'Blagoevgrad','',1),(480,33,'Burgas','',1),(481,33,'Dobrich','',1),(482,33,'Gabrovo','',1),(483,33,'Haskovo','',1),(484,33,'Kardjali','',1),(485,33,'Kyustendil','',1),(486,33,'Lovech','',1),(487,33,'Montana','',1),(488,33,'Pazardjik','',1),(489,33,'Pernik','',1),(490,33,'Pleven','',1),(491,33,'Plovdiv','',1),(492,33,'Razgrad','',1),(493,33,'Shumen','',1),(494,33,'Silistra','',1),(495,33,'Sliven','',1),(496,33,'Smolyan','',1),(497,33,'Sofia','',1),(498,33,'Sofia - town','',1),(499,33,'Stara Zagora','',1),(500,33,'Targovishte','',1),(501,33,'Varna','',1),(502,33,'Veliko Tarnovo','',1),(503,33,'Vidin','',1),(504,33,'Vratza','',1),(505,33,'Yambol','',1),(506,34,'Bale','BAL',1),(507,34,'Bam','BAM',1),(508,34,'Banwa','BAN',1),(509,34,'Bazega','BAZ',1),(510,34,'Bougouriba','BOR',1),(511,34,'Boulgou','BLG',1),(512,34,'Boulkiemde','BOK',1),(513,34,'Comoe','COM',1),(514,34,'Ganzourgou','GAN',1),(515,34,'Gnagna','GNA',1),(516,34,'Gourma','GOU',1),(517,34,'Houet','HOU',1),(518,34,'Ioba','IOA',1),(519,34,'Kadiogo','KAD',1),(520,34,'Kenedougou','KEN',1),(521,34,'Komondjari','KOD',1),(522,34,'Kompienga','KOP',1),(523,34,'Kossi','KOS',1),(524,34,'Koulpelogo','KOL',1),(525,34,'Kouritenga','KOT',1),(526,34,'Kourweogo','KOW',1),(527,34,'Leraba','LER',1),(528,34,'Loroum','LOR',1),(529,34,'Mouhoun','MOU',1),(530,34,'Nahouri','NAH',1),(531,34,'Namentenga','NAM',1),(532,34,'Nayala','NAY',1),(533,34,'Noumbiel','NOU',1),(534,34,'Oubritenga','OUB',1),(535,34,'Oudalan','OUD',1),(536,34,'Passore','PAS',1),(537,34,'Poni','PON',1),(538,34,'Sanguie','SAG',1),(539,34,'Sanmatenga','SAM',1),(540,34,'Seno','SEN',1),(541,34,'Sissili','SIS',1),(542,34,'Soum','SOM',1),(543,34,'Sourou','SOR',1),(544,34,'Tapoa','TAP',1),(545,34,'Tuy','TUY',1),(546,34,'Yagha','YAG',1),(547,34,'Yatenga','YAT',1),(548,34,'Ziro','ZIR',1),(549,34,'Zondoma','ZOD',1),(550,34,'Zoundweogo','ZOW',1),(551,35,'Bubanza','BB',1),(552,35,'Bujumbura','BJ',1),(553,35,'Bururi','BR',1),(554,35,'Cankuzo','CA',1),(555,35,'Cibitoke','CI',1),(556,35,'Gitega','GI',1),(557,35,'Karuzi','KR',1),(558,35,'Kayanza','KY',1),(559,35,'Kirundo','KI',1),(560,35,'Makamba','MA',1),(561,35,'Muramvya','MU',1),(562,35,'Muyinga','MY',1),(563,35,'Mwaro','MW',1),(564,35,'Ngozi','NG',1),(565,35,'Rutana','RT',1),(566,35,'Ruyigi','RY',1),(567,36,'Phnom Penh','PP',1),(568,36,'Preah Seihanu (Kompong Som or Sihanoukville)','PS',1),(569,36,'Pailin','PA',1),(570,36,'Keb','KB',1),(571,36,'Banteay Meanchey','BM',1),(572,36,'Battambang','BA',1),(573,36,'Kampong Cham','KM',1),(574,36,'Kampong Chhnang','KN',1),(575,36,'Kampong Speu','KU',1),(576,36,'Kampong Som','KO',1),(577,36,'Kampong Thom','KT',1),(578,36,'Kampot','KP',1),(579,36,'Kandal','KL',1),(580,36,'Kaoh Kong','KK',1),(581,36,'Kratie','KR',1),(582,36,'Mondul Kiri','MK',1),(583,36,'Oddar Meancheay','OM',1),(584,36,'Pursat','PU',1),(585,36,'Preah Vihear','PR',1),(586,36,'Prey Veng','PG',1),(587,36,'Ratanak Kiri','RK',1),(588,36,'Siemreap','SI',1),(589,36,'Stung Treng','ST',1),(590,36,'Svay Rieng','SR',1),(591,36,'Takeo','TK',1),(592,37,'Adamawa (Adamaoua)','ADA',1),(593,37,'Centre','CEN',1),(594,37,'East (Est)','EST',1),(595,37,'Extreme North (Extreme-Nord)','EXN',1),(596,37,'Littoral','LIT',1),(597,37,'North (Nord)','NOR',1),(598,37,'Northwest (Nord-Ouest)','NOT',1),(599,37,'West (Ouest)','OUE',1),(600,37,'South (Sud)','SUD',1),(601,37,'Southwest (Sud-Ouest).','SOU',1),(602,38,'Alberta','AB',1),(603,38,'British Columbia','BC',1),(604,38,'Manitoba','MB',1),(605,38,'New Brunswick','NB',1),(606,38,'Newfoundland and Labrador','NL',1),(607,38,'Northwest Territories','NT',1),(608,38,'Nova Scotia','NS',1),(609,38,'Nunavut','NU',1),(610,38,'Ontario','ON',1),(611,38,'Prince Edward Island','PE',1),(612,38,'Qu&eacute;bec','QC',1),(613,38,'Saskatchewan','SK',1),(614,38,'Yukon Territory','YT',1),(615,39,'Boa Vista','BV',1),(616,39,'Brava','BR',1),(617,39,'Calheta de Sao Miguel','CS',1),(618,39,'Maio','MA',1),(619,39,'Mosteiros','MO',1),(620,39,'Paul','PA',1),(621,39,'Porto Novo','PN',1),(622,39,'Praia','PR',1),(623,39,'Ribeira Grande','RG',1),(624,39,'Sal','SL',1),(625,39,'Santa Catarina','CA',1),(626,39,'Santa Cruz','CR',1),(627,39,'Sao Domingos','SD',1),(628,39,'Sao Filipe','SF',1),(629,39,'Sao Nicolau','SN',1),(630,39,'Sao Vicente','SV',1),(631,39,'Tarrafal','TA',1),(632,40,'Creek','CR',1),(633,40,'Eastern','EA',1),(634,40,'Midland','ML',1),(635,40,'South Town','ST',1),(636,40,'Spot Bay','SP',1),(637,40,'Stake Bay','SK',1),(638,40,'West End','WD',1),(639,40,'Western','WN',1),(640,41,'Bamingui-Bangoran','BBA',1),(641,41,'Basse-Kotto','BKO',1),(642,41,'Haute-Kotto','HKO',1),(643,41,'Haut-Mbomou','HMB',1),(644,41,'Kemo','KEM',1),(645,41,'Lobaye','LOB',1),(646,41,'Mambere-KadeÔ','MKD',1),(647,41,'Mbomou','MBO',1),(648,41,'Nana-Mambere','NMM',1),(649,41,'Ombella-M\'Poko','OMP',1),(650,41,'Ouaka','OUK',1),(651,41,'Ouham','OUH',1),(652,41,'Ouham-Pende','OPE',1),(653,41,'Vakaga','VAK',1),(654,41,'Nana-Grebizi','NGR',1),(655,41,'Sangha-Mbaere','SMB',1),(656,41,'Bangui','BAN',1),(657,42,'Batha','BA',1),(658,42,'Biltine','BI',1),(659,42,'Borkou-Ennedi-Tibesti','BE',1),(660,42,'Chari-Baguirmi','CB',1),(661,42,'Guera','GU',1),(662,42,'Kanem','KA',1),(663,42,'Lac','LA',1),(664,42,'Logone Occidental','LC',1),(665,42,'Logone Oriental','LR',1),(666,42,'Mayo-Kebbi','MK',1),(667,42,'Moyen-Chari','MC',1),(668,42,'Ouaddai','OU',1),(669,42,'Salamat','SA',1),(670,42,'Tandjile','TA',1),(671,43,'Aisen del General Carlos Ibanez','AI',1),(672,43,'Antofagasta','AN',1),(673,43,'Araucania','AR',1),(674,43,'Atacama','AT',1),(675,43,'Bio-Bio','BI',1),(676,43,'Coquimbo','CO',1),(677,43,'Libertador General Bernardo O\'Higgins','LI',1),(678,43,'Los Lagos','LL',1),(679,43,'Magallanes y de la Antartica Chilena','MA',1),(680,43,'Maule','ML',1),(681,43,'Region Metropolitana','RM',1),(682,43,'Tarapaca','TA',1),(683,43,'Valparaiso','VS',1),(684,44,'Anhui','AN',1),(685,44,'Beijing','BE',1),(686,44,'Chongqing','CH',1),(687,44,'Fujian','FU',1),(688,44,'Gansu','GA',1),(689,44,'Guangdong','GU',1),(690,44,'Guangxi','GX',1),(691,44,'Guizhou','GZ',1),(692,44,'Hainan','HA',1),(693,44,'Hebei','HB',1),(694,44,'Heilongjiang','HL',1),(695,44,'Henan','HE',1),(696,44,'Hong Kong','HK',1),(697,44,'Hubei','HU',1),(698,44,'Hunan','HN',1),(699,44,'Inner Mongolia','IM',1),(700,44,'Jiangsu','JI',1),(701,44,'Jiangxi','JX',1),(702,44,'Jilin','JL',1),(703,44,'Liaoning','LI',1),(704,44,'Macau','MA',1),(705,44,'Ningxia','NI',1),(706,44,'Shaanxi','SH',1),(707,44,'Shandong','SA',1),(708,44,'Shanghai','SG',1),(709,44,'Shanxi','SX',1),(710,44,'Sichuan','SI',1),(711,44,'Tianjin','TI',1),(712,44,'Xinjiang','XI',1),(713,44,'Yunnan','YU',1),(714,44,'Zhejiang','ZH',1),(715,46,'Direction Island','D',1),(716,46,'Home Island','H',1),(717,46,'Horsburgh Island','O',1),(718,46,'South Island','S',1),(719,46,'West Island','W',1),(720,47,'Amazonas','AMZ',1),(721,47,'Antioquia','ANT',1),(722,47,'Arauca','ARA',1),(723,47,'Atlantico','ATL',1),(724,47,'Bogota D.C.','BDC',1),(725,47,'Bolivar','BOL',1),(726,47,'Boyaca','BOY',1),(727,47,'Caldas','CAL',1),(728,47,'Caqueta','CAQ',1),(729,47,'Casanare','CAS',1),(730,47,'Cauca','CAU',1),(731,47,'Cesar','CES',1),(732,47,'Choco','CHO',1),(733,47,'Cordoba','COR',1),(734,47,'Cundinamarca','CAM',1),(735,47,'Guainia','GNA',1),(736,47,'Guajira','GJR',1),(737,47,'Guaviare','GVR',1),(738,47,'Huila','HUI',1),(739,47,'Magdalena','MAG',1),(740,47,'Meta','MET',1),(741,47,'Narino','NAR',1),(742,47,'Norte de Santander','NDS',1),(743,47,'Putumayo','PUT',1),(744,47,'Quindio','QUI',1),(745,47,'Risaralda','RIS',1),(746,47,'San Andres y Providencia','SAP',1),(747,47,'Santander','SAN',1),(748,47,'Sucre','SUC',1),(749,47,'Tolima','TOL',1),(750,47,'Valle del Cauca','VDC',1),(751,47,'Vaupes','VAU',1),(752,47,'Vichada','VIC',1),(753,48,'Grande Comore','G',1),(754,48,'Anjouan','A',1),(755,48,'Moheli','M',1),(756,49,'Bouenza','BO',1),(757,49,'Brazzaville','BR',1),(758,49,'Cuvette','CU',1),(759,49,'Cuvette-Ouest','CO',1),(760,49,'Kouilou','KO',1),(761,49,'Lekoumou','LE',1),(762,49,'Likouala','LI',1),(763,49,'Niari','NI',1),(764,49,'Plateaux','PL',1),(765,49,'Pool','PO',1),(766,49,'Sangha','SA',1),(767,50,'Pukapuka','PU',1),(768,50,'Rakahanga','RK',1),(769,50,'Manihiki','MK',1),(770,50,'Penrhyn','PE',1),(771,50,'Nassau Island','NI',1),(772,50,'Surwarrow','SU',1),(773,50,'Palmerston','PA',1),(774,50,'Aitutaki','AI',1),(775,50,'Manuae','MA',1),(776,50,'Takutea','TA',1),(777,50,'Mitiaro','MT',1),(778,50,'Atiu','AT',1),(779,50,'Mauke','MU',1),(780,50,'Rarotonga','RR',1),(781,50,'Mangaia','MG',1),(782,51,'Alajuela','AL',1),(783,51,'Cartago','CA',1),(784,51,'Guanacaste','GU',1),(785,51,'Heredia','HE',1),(786,51,'Limon','LI',1),(787,51,'Puntarenas','PU',1),(788,51,'San Jose','SJ',1),(789,52,'Abengourou','ABE',1),(790,52,'Abidjan','ABI',1),(791,52,'Aboisso','ABO',1),(792,52,'Adiake','ADI',1),(793,52,'Adzope','ADZ',1),(794,52,'Agboville','AGB',1),(795,52,'Agnibilekrou','AGN',1),(796,52,'Alepe','ALE',1),(797,52,'Bocanda','BOC',1),(798,52,'Bangolo','BAN',1),(799,52,'Beoumi','BEO',1),(800,52,'Biankouma','BIA',1),(801,52,'Bondoukou','BDK',1),(802,52,'Bongouanou','BGN',1),(803,52,'Bouafle','BFL',1),(804,52,'Bouake','BKE',1),(805,52,'Bouna','BNA',1),(806,52,'Boundiali','BDL',1),(807,52,'Dabakala','DKL',1),(808,52,'Dabou','DBU',1),(809,52,'Daloa','DAL',1),(810,52,'Danane','DAN',1),(811,52,'Daoukro','DAO',1),(812,52,'Dimbokro','DIM',1),(813,52,'Divo','DIV',1),(814,52,'Duekoue','DUE',1),(815,52,'Ferkessedougou','FER',1),(816,52,'Gagnoa','GAG',1),(817,52,'Grand-Bassam','GBA',1),(818,52,'Grand-Lahou','GLA',1),(819,52,'Guiglo','GUI',1),(820,52,'Issia','ISS',1),(821,52,'Jacqueville','JAC',1),(822,52,'Katiola','KAT',1),(823,52,'Korhogo','KOR',1),(824,52,'Lakota','LAK',1),(825,52,'Man','MAN',1),(826,52,'Mankono','MKN',1),(827,52,'Mbahiakro','MBA',1),(828,52,'Odienne','ODI',1),(829,52,'Oume','OUM',1),(830,52,'Sakassou','SAK',1),(831,52,'San-Pedro','SPE',1),(832,52,'Sassandra','SAS',1),(833,52,'Seguela','SEG',1),(834,52,'Sinfra','SIN',1),(835,52,'Soubre','SOU',1),(836,52,'Tabou','TAB',1),(837,52,'Tanda','TAN',1),(838,52,'Tiebissou','TIE',1),(839,52,'Tingrela','TIN',1),(840,52,'Tiassale','TIA',1),(841,52,'Touba','TBA',1),(842,52,'Toulepleu','TLP',1),(843,52,'Toumodi','TMD',1),(844,52,'Vavoua','VAV',1),(845,52,'Yamoussoukro','YAM',1),(846,52,'Zuenoula','ZUE',1),(847,53,'Bjelovarsko-bilogorska','BB',1),(848,53,'Grad Zagreb','GZ',1),(849,53,'Dubrovačko-neretvanska','DN',1),(850,53,'Istarska','IS',1),(851,53,'Karlovačka','KA',1),(852,53,'Koprivničko-križevačka','KK',1),(853,53,'Krapinsko-zagorska','KZ',1),(854,53,'Ličko-senjska','LS',1),(855,53,'Međimurska','ME',1),(856,53,'Osječko-baranjska','OB',1),(857,53,'Požeško-slavonska','PS',1),(858,53,'Primorsko-goranska','PG',1),(859,53,'Šibensko-kninska','SK',1),(860,53,'Sisačko-moslavačka','SM',1),(861,53,'Brodsko-posavska','BP',1),(862,53,'Splitsko-dalmatinska','SD',1),(863,53,'Varaždinska','VA',1),(864,53,'Virovitičko-podravska','VP',1),(865,53,'Vukovarsko-srijemska','VS',1),(866,53,'Zadarska','ZA',1),(867,53,'Zagrebačka','ZG',1),(868,54,'Camaguey','CA',1),(869,54,'Ciego de Avila','CD',1),(870,54,'Cienfuegos','CI',1),(871,54,'Ciudad de La Habana','CH',1),(872,54,'Granma','GR',1),(873,54,'Guantanamo','GU',1),(874,54,'Holguin','HO',1),(875,54,'Isla de la Juventud','IJ',1),(876,54,'La Habana','LH',1),(877,54,'Las Tunas','LT',1),(878,54,'Matanzas','MA',1),(879,54,'Pinar del Rio','PR',1),(880,54,'Sancti Spiritus','SS',1),(881,54,'Santiago de Cuba','SC',1),(882,54,'Villa Clara','VC',1),(883,55,'Famagusta','F',1),(884,55,'Kyrenia','K',1),(885,55,'Larnaca','A',1),(886,55,'Limassol','I',1),(887,55,'Nicosia','N',1),(888,55,'Paphos','P',1),(889,56,'Ústecký','U',1),(890,56,'Jihočeský','C',1),(891,56,'Jihomoravský','B',1),(892,56,'Karlovarský','K',1),(893,56,'Královehradecký','H',1),(894,56,'Liberecký','L',1),(895,56,'Moravskoslezský','T',1),(896,56,'Olomoucký','M',1),(897,56,'Pardubický','E',1),(898,56,'Plzeňský','P',1),(899,56,'Praha','A',1),(900,56,'Středočeský','S',1),(901,56,'Vysočina','J',1),(902,56,'Zlínský','Z',1),(903,57,'Arhus','AR',1),(904,57,'Bornholm','BH',1),(905,57,'Copenhagen','CO',1),(906,57,'Faroe Islands','FO',1),(907,57,'Frederiksborg','FR',1),(908,57,'Fyn','FY',1),(909,57,'Kobenhavn','KO',1),(910,57,'Nordjylland','NO',1),(911,57,'Ribe','RI',1),(912,57,'Ringkobing','RK',1),(913,57,'Roskilde','RO',1),(914,57,'Sonderjylland','SO',1),(915,57,'Storstrom','ST',1),(916,57,'Vejle','VK',1),(917,57,'Vestj&aelig;lland','VJ',1),(918,57,'Viborg','VB',1),(919,58,'\'Ali Sabih','S',1),(920,58,'Dikhil','K',1),(921,58,'Djibouti','J',1),(922,58,'Obock','O',1),(923,58,'Tadjoura','T',1),(924,59,'Saint Andrew Parish','AND',1),(925,59,'Saint David Parish','DAV',1),(926,59,'Saint George Parish','GEO',1),(927,59,'Saint John Parish','JOH',1),(928,59,'Saint Joseph Parish','JOS',1),(929,59,'Saint Luke Parish','LUK',1),(930,59,'Saint Mark Parish','MAR',1),(931,59,'Saint Patrick Parish','PAT',1),(932,59,'Saint Paul Parish','PAU',1),(933,59,'Saint Peter Parish','PET',1),(934,60,'Distrito Nacional','DN',1),(935,60,'Azua','AZ',1),(936,60,'Baoruco','BC',1),(937,60,'Barahona','BH',1),(938,60,'Dajabon','DJ',1),(939,60,'Duarte','DU',1),(940,60,'Elias Pina','EL',1),(941,60,'El Seybo','SY',1),(942,60,'Espaillat','ET',1),(943,60,'Hato Mayor','HM',1),(944,60,'Independencia','IN',1),(945,60,'La Altagracia','AL',1),(946,60,'La Romana','RO',1),(947,60,'La Vega','VE',1),(948,60,'Maria Trinidad Sanchez','MT',1),(949,60,'Monsenor Nouel','MN',1),(950,60,'Monte Cristi','MC',1),(951,60,'Monte Plata','MP',1),(952,60,'Pedernales','PD',1),(953,60,'Peravia (Bani)','PR',1),(954,60,'Puerto Plata','PP',1),(955,60,'Salcedo','SL',1),(956,60,'Samana','SM',1),(957,60,'Sanchez Ramirez','SH',1),(958,60,'San Cristobal','SC',1),(959,60,'San Jose de Ocoa','JO',1),(960,60,'San Juan','SJ',1),(961,60,'San Pedro de Macoris','PM',1),(962,60,'Santiago','SA',1),(963,60,'Santiago Rodriguez','ST',1),(964,60,'Santo Domingo','SD',1),(965,60,'Valverde','VA',1),(966,61,'Aileu','AL',1),(967,61,'Ainaro','AN',1),(968,61,'Baucau','BA',1),(969,61,'Bobonaro','BO',1),(970,61,'Cova Lima','CO',1),(971,61,'Dili','DI',1),(972,61,'Ermera','ER',1),(973,61,'Lautem','LA',1),(974,61,'Liquica','LI',1),(975,61,'Manatuto','MT',1),(976,61,'Manufahi','MF',1),(977,61,'Oecussi','OE',1),(978,61,'Viqueque','VI',1),(979,62,'Azuay','AZU',1),(980,62,'Bolivar','BOL',1),(981,62,'Ca&ntilde;ar','CAN',1),(982,62,'Carchi','CAR',1),(983,62,'Chimborazo','CHI',1),(984,62,'Cotopaxi','COT',1),(985,62,'El Oro','EOR',1),(986,62,'Esmeraldas','ESM',1),(987,62,'Gal&aacute;pagos','GPS',1),(988,62,'Guayas','GUA',1),(989,62,'Imbabura','IMB',1),(990,62,'Loja','LOJ',1),(991,62,'Los Rios','LRO',1),(992,62,'Manab&iacute;','MAN',1),(993,62,'Morona Santiago','MSA',1),(994,62,'Napo','NAP',1),(995,62,'Orellana','ORE',1),(996,62,'Pastaza','PAS',1),(997,62,'Pichincha','PIC',1),(998,62,'Sucumb&iacute;os','SUC',1),(999,62,'Tungurahua','TUN',1),(1000,62,'Zamora Chinchipe','ZCH',1),(1001,63,'Ad Daqahliyah','DHY',1),(1002,63,'Al Bahr al Ahmar','BAM',1),(1003,63,'Al Buhayrah','BHY',1),(1004,63,'Al Fayyum','FYM',1),(1005,63,'Al Gharbiyah','GBY',1),(1006,63,'Al Iskandariyah','IDR',1),(1007,63,'Al Isma\'iliyah','IML',1),(1008,63,'Al Jizah','JZH',1),(1009,63,'Al Minufiyah','MFY',1),(1010,63,'Al Minya','MNY',1),(1011,63,'Al Qahirah','QHR',1),(1012,63,'Al Qalyubiyah','QLY',1),(1013,63,'Al Wadi al Jadid','WJD',1),(1014,63,'Ash Sharqiyah','SHQ',1),(1015,63,'As Suways','SWY',1),(1016,63,'Aswan','ASW',1),(1017,63,'Asyut','ASY',1),(1018,63,'Bani Suwayf','BSW',1),(1019,63,'Bur Sa\'id','BSD',1),(1020,63,'Dumyat','DMY',1),(1021,63,'Janub Sina\'','JNS',1),(1022,63,'Kafr ash Shaykh','KSH',1),(1023,63,'Matruh','MAT',1),(1024,63,'Qina','QIN',1),(1025,63,'Shamal Sina\'','SHS',1),(1026,63,'Suhaj','SUH',1),(1027,64,'Ahuachapan','AH',1),(1028,64,'Cabanas','CA',1),(1029,64,'Chalatenango','CH',1),(1030,64,'Cuscatlan','CU',1),(1031,64,'La Libertad','LB',1),(1032,64,'La Paz','PZ',1),(1033,64,'La Union','UN',1),(1034,64,'Morazan','MO',1),(1035,64,'San Miguel','SM',1),(1036,64,'San Salvador','SS',1),(1037,64,'San Vicente','SV',1),(1038,64,'Santa Ana','SA',1),(1039,64,'Sonsonate','SO',1),(1040,64,'Usulutan','US',1),(1041,65,'Provincia Annobon','AN',1),(1042,65,'Provincia Bioko Norte','BN',1),(1043,65,'Provincia Bioko Sur','BS',1),(1044,65,'Provincia Centro Sur','CS',1),(1045,65,'Provincia Kie-Ntem','KN',1),(1046,65,'Provincia Litoral','LI',1),(1047,65,'Provincia Wele-Nzas','WN',1),(1048,66,'Central (Maekel)','MA',1),(1049,66,'Anseba (Keren)','KE',1),(1050,66,'Southern Red Sea (Debub-Keih-Bahri)','DK',1),(1051,66,'Northern Red Sea (Semien-Keih-Bahri)','SK',1),(1052,66,'Southern (Debub)','DE',1),(1053,66,'Gash-Barka (Barentu)','BR',1),(1054,67,'Harjumaa (Tallinn)','HA',1),(1055,67,'Hiiumaa (Kardla)','HI',1),(1056,67,'Ida-Virumaa (Johvi)','IV',1),(1057,67,'Jarvamaa (Paide)','JA',1),(1058,67,'Jogevamaa (Jogeva)','JO',1),(1059,67,'Laane-Virumaa (Rakvere)','LV',1),(1060,67,'Laanemaa (Haapsalu)','LA',1),(1061,67,'Parnumaa (Parnu)','PA',1),(1062,67,'Polvamaa (Polva)','PO',1),(1063,67,'Raplamaa (Rapla)','RA',1),(1064,67,'Saaremaa (Kuessaare)','SA',1),(1065,67,'Tartumaa (Tartu)','TA',1),(1066,67,'Valgamaa (Valga)','VA',1),(1067,67,'Viljandimaa (Viljandi)','VI',1),(1068,67,'Vorumaa (Voru)','VO',1),(1069,68,'Afar','AF',1),(1070,68,'Amhara','AH',1),(1071,68,'Benishangul-Gumaz','BG',1),(1072,68,'Gambela','GB',1),(1073,68,'Hariai','HR',1),(1074,68,'Oromia','OR',1),(1075,68,'Somali','SM',1),(1076,68,'Southern Nations - Nationalities and Peoples Region','SN',1),(1077,68,'Tigray','TG',1),(1078,68,'Addis Ababa','AA',1),(1079,68,'Dire Dawa','DD',1),(1080,71,'Central Division','C',1),(1081,71,'Northern Division','N',1),(1082,71,'Eastern Division','E',1),(1083,71,'Western Division','W',1),(1084,71,'Rotuma','R',1),(1085,72,'Ahvenanmaan lääni','AL',1),(1086,72,'Etelä-Suomen lääni','ES',1),(1087,72,'Itä-Suomen lääni','IS',1),(1088,72,'Länsi-Suomen lääni','LS',1),(1089,72,'Lapin lääni','LA',1),(1090,72,'Oulun lääni','OU',1),(1114,74,'Ain','01',1),(1115,74,'Aisne','02',1),(1116,74,'Allier','03',1),(1117,74,'Alpes de Haute Provence','04',1),(1118,74,'Hautes-Alpes','05',1),(1119,74,'Alpes Maritimes','06',1),(1120,74,'Ard&egrave;che','07',1),(1121,74,'Ardennes','08',1),(1122,74,'Ari&egrave;ge','09',1),(1123,74,'Aube','10',1),(1124,74,'Aude','11',1),(1125,74,'Aveyron','12',1),(1126,74,'Bouches du Rh&ocirc;ne','13',1),(1127,74,'Calvados','14',1),(1128,74,'Cantal','15',1),(1129,74,'Charente','16',1),(1130,74,'Charente Maritime','17',1),(1131,74,'Cher','18',1),(1132,74,'Corr&egrave;ze','19',1),(1133,74,'Corse du Sud','2A',1),(1134,74,'Haute Corse','2B',1),(1135,74,'C&ocirc;te d&#039;or','21',1),(1136,74,'C&ocirc;tes d&#039;Armor','22',1),(1137,74,'Creuse','23',1),(1138,74,'Dordogne','24',1),(1139,74,'Doubs','25',1),(1140,74,'Dr&ocirc;me','26',1),(1141,74,'Eure','27',1),(1142,74,'Eure et Loir','28',1),(1143,74,'Finist&egrave;re','29',1),(1144,74,'Gard','30',1),(1145,74,'Haute Garonne','31',1),(1146,74,'Gers','32',1),(1147,74,'Gironde','33',1),(1148,74,'H&eacute;rault','34',1),(1149,74,'Ille et Vilaine','35',1),(1150,74,'Indre','36',1),(1151,74,'Indre et Loire','37',1),(1152,74,'Is&eacute;re','38',1),(1153,74,'Jura','39',1),(1154,74,'Landes','40',1),(1155,74,'Loir et Cher','41',1),(1156,74,'Loire','42',1),(1157,74,'Haute Loire','43',1),(1158,74,'Loire Atlantique','44',1),(1159,74,'Loiret','45',1),(1160,74,'Lot','46',1),(1161,74,'Lot et Garonne','47',1),(1162,74,'Loz&egrave;re','48',1),(1163,74,'Maine et Loire','49',1),(1164,74,'Manche','50',1),(1165,74,'Marne','51',1),(1166,74,'Haute Marne','52',1),(1167,74,'Mayenne','53',1),(1168,74,'Meurthe et Moselle','54',1),(1169,74,'Meuse','55',1),(1170,74,'Morbihan','56',1),(1171,74,'Moselle','57',1),(1172,74,'Ni&egrave;vre','58',1),(1173,74,'Nord','59',1),(1174,74,'Oise','60',1),(1175,74,'Orne','61',1),(1176,74,'Pas de Calais','62',1),(1177,74,'Puy de D&ocirc;me','63',1),(1178,74,'Pyr&eacute;n&eacute;es Atlantiques','64',1),(1179,74,'Hautes Pyr&eacute;n&eacute;es','65',1),(1180,74,'Pyr&eacute;n&eacute;es Orientales','66',1),(1181,74,'Bas Rhin','67',1),(1182,74,'Haut Rhin','68',1),(1183,74,'Rh&ocirc;ne','69',1),(1184,74,'Haute Sa&ocirc;ne','70',1),(1185,74,'Sa&ocirc;ne et Loire','71',1),(1186,74,'Sarthe','72',1),(1187,74,'Savoie','73',1),(1188,74,'Haute Savoie','74',1),(1189,74,'Paris','75',1),(1190,74,'Seine Maritime','76',1),(1191,74,'Seine et Marne','77',1),(1192,74,'Yvelines','78',1),(1193,74,'Deux S&egrave;vres','79',1),(1194,74,'Somme','80',1),(1195,74,'Tarn','81',1),(1196,74,'Tarn et Garonne','82',1),(1197,74,'Var','83',1),(1198,74,'Vaucluse','84',1),(1199,74,'Vend&eacute;e','85',1),(1200,74,'Vienne','86',1),(1201,74,'Haute Vienne','87',1),(1202,74,'Vosges','88',1),(1203,74,'Yonne','89',1),(1204,74,'Territoire de Belfort','90',1),(1205,74,'Essonne','91',1),(1206,74,'Hauts de Seine','92',1),(1207,74,'Seine St-Denis','93',1),(1208,74,'Val de Marne','94',1),(1209,74,'Val d\'Oise','95',1),(1210,76,'Archipel des Marquises','M',1),(1211,76,'Archipel des Tuamotu','T',1),(1212,76,'Archipel des Tubuai','I',1),(1213,76,'Iles du Vent','V',1),(1214,76,'Iles Sous-le-Vent','S',1),(1215,77,'Iles Crozet','C',1),(1216,77,'Iles Kerguelen','K',1),(1217,77,'Ile Amsterdam','A',1),(1218,77,'Ile Saint-Paul','P',1),(1219,77,'Adelie Land','D',1),(1220,78,'Estuaire','ES',1),(1221,78,'Haut-Ogooue','HO',1),(1222,78,'Moyen-Ogooue','MO',1),(1223,78,'Ngounie','NG',1),(1224,78,'Nyanga','NY',1),(1225,78,'Ogooue-Ivindo','OI',1),(1226,78,'Ogooue-Lolo','OL',1),(1227,78,'Ogooue-Maritime','OM',1),(1228,78,'Woleu-Ntem','WN',1),(1229,79,'Banjul','BJ',1),(1230,79,'Basse','BS',1),(1231,79,'Brikama','BR',1),(1232,79,'Janjangbure','JA',1),(1233,79,'Kanifeng','KA',1),(1234,79,'Kerewan','KE',1),(1235,79,'Kuntaur','KU',1),(1236,79,'Mansakonko','MA',1),(1237,79,'Lower River','LR',1),(1238,79,'Central River','CR',1),(1239,79,'North Bank','NB',1),(1240,79,'Upper River','UR',1),(1241,79,'Western','WE',1),(1242,80,'Abkhazia','AB',1),(1243,80,'Ajaria','AJ',1),(1244,80,'Tbilisi','TB',1),(1245,80,'Guria','GU',1),(1246,80,'Imereti','IM',1),(1247,80,'Kakheti','KA',1),(1248,80,'Kvemo Kartli','KK',1),(1249,80,'Mtskheta-Mtianeti','MM',1),(1250,80,'Racha Lechkhumi and Kvemo Svanet','RL',1),(1251,80,'Samegrelo-Zemo Svaneti','SZ',1),(1252,80,'Samtskhe-Javakheti','SJ',1),(1253,80,'Shida Kartli','SK',1),(1254,81,'Baden-W&uuml;rttemberg','BAW',1),(1255,81,'Bayern','BAY',1),(1256,81,'Berlin','BER',1),(1257,81,'Brandenburg','BRG',1),(1258,81,'Bremen','BRE',1),(1259,81,'Hamburg','HAM',1),(1260,81,'Hessen','HES',1),(1261,81,'Mecklenburg-Vorpommern','MEC',1),(1262,81,'Niedersachsen','NDS',1),(1263,81,'Nordrhein-Westfalen','NRW',1),(1264,81,'Rheinland-Pfalz','RHE',1),(1265,81,'Saarland','SAR',1),(1266,81,'Sachsen','SAS',1),(1267,81,'Sachsen-Anhalt','SAC',1),(1268,81,'Schleswig-Holstein','SCN',1),(1269,81,'Th&uuml;ringen','THE',1),(1270,82,'Ashanti Region','AS',1),(1271,82,'Brong-Ahafo Region','BA',1),(1272,82,'Central Region','CE',1),(1273,82,'Eastern Region','EA',1),(1274,82,'Greater Accra Region','GA',1),(1275,82,'Northern Region','NO',1),(1276,82,'Upper East Region','UE',1),(1277,82,'Upper West Region','UW',1),(1278,82,'Volta Region','VO',1),(1279,82,'Western Region','WE',1),(1280,84,'Attica','AT',1),(1281,84,'Central Greece','CN',1),(1282,84,'Central Macedonia','CM',1),(1283,84,'Crete','CR',1),(1284,84,'East Macedonia and Thrace','EM',1),(1285,84,'Epirus','EP',1),(1286,84,'Ionian Islands','II',1),(1287,84,'North Aegean','NA',1),(1288,84,'Peloponnesos','PP',1),(1289,84,'South Aegean','SA',1),(1290,84,'Thessaly','TH',1),(1291,84,'West Greece','WG',1),(1292,84,'West Macedonia','WM',1),(1293,85,'Avannaa','A',1),(1294,85,'Tunu','T',1),(1295,85,'Kitaa','K',1),(1296,86,'Saint Andrew','A',1),(1297,86,'Saint David','D',1),(1298,86,'Saint George','G',1),(1299,86,'Saint John','J',1),(1300,86,'Saint Mark','M',1),(1301,86,'Saint Patrick','P',1),(1302,86,'Carriacou','C',1),(1303,86,'Petit Martinique','Q',1),(1304,89,'Alta Verapaz','AV',1),(1305,89,'Baja Verapaz','BV',1),(1306,89,'Chimaltenango','CM',1),(1307,89,'Chiquimula','CQ',1),(1308,89,'El Peten','PE',1),(1309,89,'El Progreso','PR',1),(1310,89,'El Quiche','QC',1),(1311,89,'Escuintla','ES',1),(1312,89,'Guatemala','GU',1),(1313,89,'Huehuetenango','HU',1),(1314,89,'Izabal','IZ',1),(1315,89,'Jalapa','JA',1),(1316,89,'Jutiapa','JU',1),(1317,89,'Quetzaltenango','QZ',1),(1318,89,'Retalhuleu','RE',1),(1319,89,'Sacatepequez','ST',1),(1320,89,'San Marcos','SM',1),(1321,89,'Santa Rosa','SR',1),(1322,89,'Solola','SO',1),(1323,89,'Suchitepequez','SU',1),(1324,89,'Totonicapan','TO',1),(1325,89,'Zacapa','ZA',1),(1326,90,'Conakry','CNK',1),(1327,90,'Beyla','BYL',1),(1328,90,'Boffa','BFA',1),(1329,90,'Boke','BOK',1),(1330,90,'Coyah','COY',1),(1331,90,'Dabola','DBL',1),(1332,90,'Dalaba','DLB',1),(1333,90,'Dinguiraye','DGR',1),(1334,90,'Dubreka','DBR',1),(1335,90,'Faranah','FRN',1),(1336,90,'Forecariah','FRC',1),(1337,90,'Fria','FRI',1),(1338,90,'Gaoual','GAO',1),(1339,90,'Gueckedou','GCD',1),(1340,90,'Kankan','KNK',1),(1341,90,'Kerouane','KRN',1),(1342,90,'Kindia','KND',1),(1343,90,'Kissidougou','KSD',1),(1344,90,'Koubia','KBA',1),(1345,90,'Koundara','KDA',1),(1346,90,'Kouroussa','KRA',1),(1347,90,'Labe','LAB',1),(1348,90,'Lelouma','LLM',1),(1349,90,'Lola','LOL',1),(1350,90,'Macenta','MCT',1),(1351,90,'Mali','MAL',1),(1352,90,'Mamou','MAM',1),(1353,90,'Mandiana','MAN',1),(1354,90,'Nzerekore','NZR',1),(1355,90,'Pita','PIT',1),(1356,90,'Siguiri','SIG',1),(1357,90,'Telimele','TLM',1),(1358,90,'Tougue','TOG',1),(1359,90,'Yomou','YOM',1),(1360,91,'Bafata Region','BF',1),(1361,91,'Biombo Region','BB',1),(1362,91,'Bissau Region','BS',1),(1363,91,'Bolama Region','BL',1),(1364,91,'Cacheu Region','CA',1),(1365,91,'Gabu Region','GA',1),(1366,91,'Oio Region','OI',1),(1367,91,'Quinara Region','QU',1),(1368,91,'Tombali Region','TO',1),(1369,92,'Barima-Waini','BW',1),(1370,92,'Cuyuni-Mazaruni','CM',1),(1371,92,'Demerara-Mahaica','DM',1),(1372,92,'East Berbice-Corentyne','EC',1),(1373,92,'Essequibo Islands-West Demerara','EW',1),(1374,92,'Mahaica-Berbice','MB',1),(1375,92,'Pomeroon-Supenaam','PM',1),(1376,92,'Potaro-Siparuni','PI',1),(1377,92,'Upper Demerara-Berbice','UD',1),(1378,92,'Upper Takutu-Upper Essequibo','UT',1),(1379,93,'Artibonite','AR',1),(1380,93,'Centre','CE',1),(1381,93,'Grand\'Anse','GA',1),(1382,93,'Nord','ND',1),(1383,93,'Nord-Est','NE',1),(1384,93,'Nord-Ouest','NO',1),(1385,93,'Ouest','OU',1),(1386,93,'Sud','SD',1),(1387,93,'Sud-Est','SE',1),(1388,94,'Flat Island','F',1),(1389,94,'McDonald Island','M',1),(1390,94,'Shag Island','S',1),(1391,94,'Heard Island','H',1),(1392,95,'Atlantida','AT',1),(1393,95,'Choluteca','CH',1),(1394,95,'Colon','CL',1),(1395,95,'Comayagua','CM',1),(1396,95,'Copan','CP',1),(1397,95,'Cortes','CR',1),(1398,95,'El Paraiso','PA',1),(1399,95,'Francisco Morazan','FM',1),(1400,95,'Gracias a Dios','GD',1),(1401,95,'Intibuca','IN',1),(1402,95,'Islas de la Bahia (Bay Islands)','IB',1),(1403,95,'La Paz','PZ',1),(1404,95,'Lempira','LE',1),(1405,95,'Ocotepeque','OC',1),(1406,95,'Olancho','OL',1),(1407,95,'Santa Barbara','SB',1),(1408,95,'Valle','VA',1),(1409,95,'Yoro','YO',1),(1410,96,'Central and Western Hong Kong Island','HCW',1),(1411,96,'Eastern Hong Kong Island','HEA',1),(1412,96,'Southern Hong Kong Island','HSO',1),(1413,96,'Wan Chai Hong Kong Island','HWC',1),(1414,96,'Kowloon City Kowloon','KKC',1),(1415,96,'Kwun Tong Kowloon','KKT',1),(1416,96,'Sham Shui Po Kowloon','KSS',1),(1417,96,'Wong Tai Sin Kowloon','KWT',1),(1418,96,'Yau Tsim Mong Kowloon','KYT',1),(1419,96,'Islands New Territories','NIS',1),(1420,96,'Kwai Tsing New Territories','NKT',1),(1421,96,'North New Territories','NNO',1),(1422,96,'Sai Kung New Territories','NSK',1),(1423,96,'Sha Tin New Territories','NST',1),(1424,96,'Tai Po New Territories','NTP',1),(1425,96,'Tsuen Wan New Territories','NTW',1),(1426,96,'Tuen Mun New Territories','NTM',1),(1427,96,'Yuen Long New Territories','NYL',1),(1467,98,'Austurland','AL',1),(1468,98,'Hofuoborgarsvaeoi','HF',1),(1469,98,'Norourland eystra','NE',1),(1470,98,'Norourland vestra','NV',1),(1471,98,'Suourland','SL',1),(1472,98,'Suournes','SN',1),(1473,98,'Vestfiroir','VF',1),(1474,98,'Vesturland','VL',1),(1475,99,'Andaman and Nicobar Islands','AN',1),(1476,99,'Andhra Pradesh','AP',1),(1477,99,'Arunachal Pradesh','AR',1),(1478,99,'Assam','AS',1),(1479,99,'Bihar','BI',1),(1480,99,'Chandigarh','CH',1),(1481,99,'Dadra and Nagar Haveli','DA',1),(1482,99,'Daman and Diu','DM',1),(1483,99,'Delhi','DE',1),(1484,99,'Goa','GO',1),(1485,99,'Gujarat','GU',1),(1486,99,'Haryana','HA',1),(1487,99,'Himachal Pradesh','HP',1),(1488,99,'Jammu and Kashmir','JA',1),(1489,99,'Karnataka','KA',1),(1490,99,'Kerala','KE',1),(1491,99,'Lakshadweep Islands','LI',1),(1492,99,'Madhya Pradesh','MP',1),(1493,99,'Maharashtra','MA',1),(1494,99,'Manipur','MN',1),(1495,99,'Meghalaya','ME',1),(1496,99,'Mizoram','MI',1),(1497,99,'Nagaland','NA',1),(1498,99,'Orissa','OR',1),(1499,99,'Puducherry','PO',1),(1500,99,'Punjab','PU',1),(1501,99,'Rajasthan','RA',1),(1502,99,'Sikkim','SI',1),(1503,99,'Tamil Nadu','TN',1),(1504,99,'Tripura','TR',1),(1505,99,'Uttar Pradesh','UP',1),(1506,99,'West Bengal','WB',1),(1507,100,'Aceh','AC',1),(1508,100,'Bali','BA',1),(1509,100,'Banten','BT',1),(1510,100,'Bengkulu','BE',1),(1511,100,'BoDeTaBek','BD',1),(1512,100,'Gorontalo','GO',1),(1513,100,'Jakarta Raya','JK',1),(1514,100,'Jambi','JA',1),(1515,100,'Jawa Barat','JB',1),(1516,100,'Jawa Tengah','JT',1),(1517,100,'Jawa Timur','JI',1),(1518,100,'Kalimantan Barat','KB',1),(1519,100,'Kalimantan Selatan','KS',1),(1520,100,'Kalimantan Tengah','KT',1),(1521,100,'Kalimantan Timur','KI',1),(1522,100,'Kepulauan Bangka Belitung','BB',1),(1523,100,'Lampung','LA',1),(1524,100,'Maluku','MA',1),(1525,100,'Maluku Utara','MU',1),(1526,100,'Nusa Tenggara Barat','NB',1),(1527,100,'Nusa Tenggara Timur','NT',1),(1528,100,'Papua','PA',1),(1529,100,'Riau','RI',1),(1530,100,'Sulawesi Selatan','SN',1),(1531,100,'Sulawesi Tengah','ST',1),(1532,100,'Sulawesi Tenggara','SG',1),(1533,100,'Sulawesi Utara','SA',1),(1534,100,'Sumatera Barat','SB',1),(1535,100,'Sumatera Selatan','SS',1),(1536,100,'Sumatera Utara','SU',1),(1537,100,'Yogyakarta','YO',1),(1538,101,'Tehran','TEH',1),(1539,101,'Qom','QOM',1),(1540,101,'Markazi','MKZ',1),(1541,101,'Qazvin','QAZ',1),(1542,101,'Gilan','GIL',1),(1543,101,'Ardabil','ARD',1),(1544,101,'Zanjan','ZAN',1),(1545,101,'East Azarbaijan','EAZ',1),(1546,101,'West Azarbaijan','WEZ',1),(1547,101,'Kurdistan','KRD',1),(1548,101,'Hamadan','HMD',1),(1549,101,'Kermanshah','KRM',1),(1550,101,'Ilam','ILM',1),(1551,101,'Lorestan','LRS',1),(1552,101,'Khuzestan','KZT',1),(1553,101,'Chahar Mahaal and Bakhtiari','CMB',1),(1554,101,'Kohkiluyeh and Buyer Ahmad','KBA',1),(1555,101,'Bushehr','BSH',1),(1556,101,'Fars','FAR',1),(1557,101,'Hormozgan','HRM',1),(1558,101,'Sistan and Baluchistan','SBL',1),(1559,101,'Kerman','KRB',1),(1560,101,'Yazd','YZD',1),(1561,101,'Esfahan','EFH',1),(1562,101,'Semnan','SMN',1),(1563,101,'Mazandaran','MZD',1),(1564,101,'Golestan','GLS',1),(1565,101,'North Khorasan','NKH',1),(1566,101,'Razavi Khorasan','RKH',1),(1567,101,'South Khorasan','SKH',1),(1568,102,'Baghdad','BD',1),(1569,102,'Salah ad Din','SD',1),(1570,102,'Diyala','DY',1),(1571,102,'Wasit','WS',1),(1572,102,'Maysan','MY',1),(1573,102,'Al Basrah','BA',1),(1574,102,'Dhi Qar','DQ',1),(1575,102,'Al Muthanna','MU',1),(1576,102,'Al Qadisyah','QA',1),(1577,102,'Babil','BB',1),(1578,102,'Al Karbala','KB',1),(1579,102,'An Najaf','NJ',1),(1580,102,'Al Anbar','AB',1),(1581,102,'Ninawa','NN',1),(1582,102,'Dahuk','DH',1),(1583,102,'Arbil','AL',1),(1584,102,'At Ta\'mim','TM',1),(1585,102,'As Sulaymaniyah','SL',1),(1586,103,'Carlow','CA',1),(1587,103,'Cavan','CV',1),(1588,103,'Clare','CL',1),(1589,103,'Cork','CO',1),(1590,103,'Donegal','DO',1),(1591,103,'Dublin','DU',1),(1592,103,'Galway','GA',1),(1593,103,'Kerry','KE',1),(1594,103,'Kildare','KI',1),(1595,103,'Kilkenny','KL',1),(1596,103,'Laois','LA',1),(1597,103,'Leitrim','LE',1),(1598,103,'Limerick','LI',1),(1599,103,'Longford','LO',1),(1600,103,'Louth','LU',1),(1601,103,'Mayo','MA',1),(1602,103,'Meath','ME',1),(1603,103,'Monaghan','MO',1),(1604,103,'Offaly','OF',1),(1605,103,'Roscommon','RO',1),(1606,103,'Sligo','SL',1),(1607,103,'Tipperary','TI',1),(1608,103,'Waterford','WA',1),(1609,103,'Westmeath','WE',1),(1610,103,'Wexford','WX',1),(1611,103,'Wicklow','WI',1),(1612,104,'Be\'er Sheva','BS',1),(1613,104,'Bika\'at Hayarden','BH',1),(1614,104,'Eilat and Arava','EA',1),(1615,104,'Galil','GA',1),(1616,104,'Haifa','HA',1),(1617,104,'Jehuda Mountains','JM',1),(1618,104,'Jerusalem','JE',1),(1619,104,'Negev','NE',1),(1620,104,'Semaria','SE',1),(1621,104,'Sharon','SH',1),(1622,104,'Tel Aviv (Gosh Dan)','TA',1),(3860,105,'Caltanissetta','CL',1),(3842,105,'Agrigento','AG',1),(3843,105,'Alessandria','AL',1),(3844,105,'Ancona','AN',1),(3845,105,'Aosta','AO',1),(3846,105,'Arezzo','AR',1),(3847,105,'Ascoli Piceno','AP',1),(3848,105,'Asti','AT',1),(3849,105,'Avellino','AV',1),(3850,105,'Bari','BA',1),(3851,105,'Belluno','BL',1),(3852,105,'Benevento','BN',1),(3853,105,'Bergamo','BG',1),(3854,105,'Biella','BI',1),(3855,105,'Bologna','BO',1),(3856,105,'Bolzano','BZ',1),(3857,105,'Brescia','BS',1),(3858,105,'Brindisi','BR',1),(3859,105,'Cagliari','CA',1),(1643,106,'Clarendon Parish','CLA',1),(1644,106,'Hanover Parish','HAN',1),(1645,106,'Kingston Parish','KIN',1),(1646,106,'Manchester Parish','MAN',1),(1647,106,'Portland Parish','POR',1),(1648,106,'Saint Andrew Parish','AND',1),(1649,106,'Saint Ann Parish','ANN',1),(1650,106,'Saint Catherine Parish','CAT',1),(1651,106,'Saint Elizabeth Parish','ELI',1),(1652,106,'Saint James Parish','JAM',1),(1653,106,'Saint Mary Parish','MAR',1),(1654,106,'Saint Thomas Parish','THO',1),(1655,106,'Trelawny Parish','TRL',1),(1656,106,'Westmoreland Parish','WML',1),(1657,107,'Aichi','AI',1),(1658,107,'Akita','AK',1),(1659,107,'Aomori','AO',1),(1660,107,'Chiba','CH',1),(1661,107,'Ehime','EH',1),(1662,107,'Fukui','FK',1),(1663,107,'Fukuoka','FU',1),(1664,107,'Fukushima','FS',1),(1665,107,'Gifu','GI',1),(1666,107,'Gumma','GU',1),(1667,107,'Hiroshima','HI',1),(1668,107,'Hokkaido','HO',1),(1669,107,'Hyogo','HY',1),(1670,107,'Ibaraki','IB',1),(1671,107,'Ishikawa','IS',1),(1672,107,'Iwate','IW',1),(1673,107,'Kagawa','KA',1),(1674,107,'Kagoshima','KG',1),(1675,107,'Kanagawa','KN',1),(1676,107,'Kochi','KO',1),(1677,107,'Kumamoto','KU',1),(1678,107,'Kyoto','KY',1),(1679,107,'Mie','MI',1),(1680,107,'Miyagi','MY',1),(1681,107,'Miyazaki','MZ',1),(1682,107,'Nagano','NA',1),(1683,107,'Nagasaki','NG',1),(1684,107,'Nara','NR',1),(1685,107,'Niigata','NI',1),(1686,107,'Oita','OI',1),(1687,107,'Okayama','OK',1),(1688,107,'Okinawa','ON',1),(1689,107,'Osaka','OS',1),(1690,107,'Saga','SA',1),(1691,107,'Saitama','SI',1),(1692,107,'Shiga','SH',1),(1693,107,'Shimane','SM',1),(1694,107,'Shizuoka','SZ',1),(1695,107,'Tochigi','TO',1),(1696,107,'Tokushima','TS',1),(1697,107,'Tokyo','TK',1),(1698,107,'Tottori','TT',1),(1699,107,'Toyama','TY',1),(1700,107,'Wakayama','WA',1),(1701,107,'Yamagata','YA',1),(1702,107,'Yamaguchi','YM',1),(1703,107,'Yamanashi','YN',1),(1704,108,'\'Amman','AM',1),(1705,108,'Ajlun','AJ',1),(1706,108,'Al \'Aqabah','AA',1),(1707,108,'Al Balqa\'','AB',1),(1708,108,'Al Karak','AK',1),(1709,108,'Al Mafraq','AL',1),(1710,108,'At Tafilah','AT',1),(1711,108,'Az Zarqa\'','AZ',1),(1712,108,'Irbid','IR',1),(1713,108,'Jarash','JA',1),(1714,108,'Ma\'an','MA',1),(1715,108,'Madaba','MD',1),(1716,109,'Алматинская область','AL',1),(1717,109,'Алматы - город республ-го значения','AC',1),(1718,109,'Акмолинская область','AM',1),(1719,109,'Актюбинская область','AQ',1),(1720,109,'Астана - город республ-го значения','AS',1),(1721,109,'Атырауская область','AT',1),(1722,109,'Западно-Казахстанская область','BA',1),(1723,109,'Байконур - город республ-го значения','BY',1),(1724,109,'Мангистауская область','MA',1),(1725,109,'Южно-Казахстанская область','ON',1),(1726,109,'Павлодарская область','PA',1),(1727,109,'Карагандинская область','QA',1),(1728,109,'Костанайская область','QO',1),(1729,109,'Кызылординская область','QY',1),(1730,109,'Восточно-Казахстанская область','SH',1),(1731,109,'Северо-Казахстанская область','SO',1),(1732,109,'Жамбылская область','ZH',1),(1733,110,'Central','CE',1),(1734,110,'Coast','CO',1),(1735,110,'Eastern','EA',1),(1736,110,'Nairobi Area','NA',1),(1737,110,'North Eastern','NE',1),(1738,110,'Nyanza','NY',1),(1739,110,'Rift Valley','RV',1),(1740,110,'Western','WE',1),(1741,111,'Abaiang','AG',1),(1742,111,'Abemama','AM',1),(1743,111,'Aranuka','AK',1),(1744,111,'Arorae','AO',1),(1745,111,'Banaba','BA',1),(1746,111,'Beru','BE',1),(1747,111,'Butaritari','bT',1),(1748,111,'Kanton','KA',1),(1749,111,'Kiritimati','KR',1),(1750,111,'Kuria','KU',1),(1751,111,'Maiana','MI',1),(1752,111,'Makin','MN',1),(1753,111,'Marakei','ME',1),(1754,111,'Nikunau','NI',1),(1755,111,'Nonouti','NO',1),(1756,111,'Onotoa','ON',1),(1757,111,'Tabiteuea','TT',1),(1758,111,'Tabuaeran','TR',1),(1759,111,'Tamana','TM',1),(1760,111,'Tarawa','TW',1),(1761,111,'Teraina','TE',1),(1762,112,'Chagang-do','CHA',1),(1763,112,'Hamgyong-bukto','HAB',1),(1764,112,'Hamgyong-namdo','HAN',1),(1765,112,'Hwanghae-bukto','HWB',1),(1766,112,'Hwanghae-namdo','HWN',1),(1767,112,'Kangwon-do','KAN',1),(1768,112,'P\'yongan-bukto','PYB',1),(1769,112,'P\'yongan-namdo','PYN',1),(1770,112,'Ryanggang-do (Yanggang-do)','YAN',1),(1771,112,'Rason Directly Governed City','NAJ',1),(1772,112,'P\'yongyang Special City','PYO',1),(1773,113,'Ch\'ungch\'ong-bukto','CO',1),(1774,113,'Ch\'ungch\'ong-namdo','CH',1),(1775,113,'Cheju-do','CD',1),(1776,113,'Cholla-bukto','CB',1),(1777,113,'Cholla-namdo','CN',1),(1778,113,'Inch\'on-gwangyoksi','IG',1),(1779,113,'Kangwon-do','KA',1),(1780,113,'Kwangju-gwangyoksi','KG',1),(1781,113,'Kyonggi-do','KD',1),(1782,113,'Kyongsang-bukto','KB',1),(1783,113,'Kyongsang-namdo','KN',1),(1784,113,'Pusan-gwangyoksi','PG',1),(1785,113,'Soul-t\'ukpyolsi','SO',1),(1786,113,'Taegu-gwangyoksi','TA',1),(1787,113,'Taejon-gwangyoksi','TG',1),(1788,114,'Al \'Asimah','AL',1),(1789,114,'Al Ahmadi','AA',1),(1790,114,'Al Farwaniyah','AF',1),(1791,114,'Al Jahra\'','AJ',1),(1792,114,'Hawalli','HA',1),(1793,115,'Bishkek','GB',1),(1794,115,'Batken','B',1),(1795,115,'Chu','C',1),(1796,115,'Jalal-Abad','J',1),(1797,115,'Naryn','N',1),(1798,115,'Osh','O',1),(1799,115,'Talas','T',1),(1800,115,'Ysyk-Kol','Y',1),(1801,116,'Vientiane','VT',1),(1802,116,'Attapu','AT',1),(1803,116,'Bokeo','BK',1),(1804,116,'Bolikhamxai','BL',1),(1805,116,'Champasak','CH',1),(1806,116,'Houaphan','HO',1),(1807,116,'Khammouan','KH',1),(1808,116,'Louang Namtha','LM',1),(1809,116,'Louangphabang','LP',1),(1810,116,'Oudomxai','OU',1),(1811,116,'Phongsali','PH',1),(1812,116,'Salavan','SL',1),(1813,116,'Savannakhet','SV',1),(1814,116,'Vientiane','VI',1),(1815,116,'Xaignabouli','XA',1),(1816,116,'Xekong','XE',1),(1817,116,'Xiangkhoang','XI',1),(1818,116,'Xaisomboun','XN',1),(1852,119,'Berea','BE',1),(1853,119,'Butha-Buthe','BB',1),(1854,119,'Leribe','LE',1),(1855,119,'Mafeteng','MF',1),(1856,119,'Maseru','MS',1),(1857,119,'Mohale\'s Hoek','MH',1),(1858,119,'Mokhotlong','MK',1),(1859,119,'Qacha\'s Nek','QN',1),(1860,119,'Quthing','QT',1),(1861,119,'Thaba-Tseka','TT',1),(1862,120,'Bomi','BI',1),(1863,120,'Bong','BG',1),(1864,120,'Grand Bassa','GB',1),(1865,120,'Grand Cape Mount','CM',1),(1866,120,'Grand Gedeh','GG',1),(1867,120,'Grand Kru','GK',1),(1868,120,'Lofa','LO',1),(1869,120,'Margibi','MG',1),(1870,120,'Maryland','ML',1),(1871,120,'Montserrado','MS',1),(1872,120,'Nimba','NB',1),(1873,120,'River Cess','RC',1),(1874,120,'Sinoe','SN',1),(1875,121,'Ajdabiya','AJ',1),(1876,121,'Al \'Aziziyah','AZ',1),(1877,121,'Al Fatih','FA',1),(1878,121,'Al Jabal al Akhdar','JA',1),(1879,121,'Al Jufrah','JU',1),(1880,121,'Al Khums','KH',1),(1881,121,'Al Kufrah','KU',1),(1882,121,'An Nuqat al Khams','NK',1),(1883,121,'Ash Shati\'','AS',1),(1884,121,'Awbari','AW',1),(1885,121,'Az Zawiyah','ZA',1),(1886,121,'Banghazi','BA',1),(1887,121,'Darnah','DA',1),(1888,121,'Ghadamis','GD',1),(1889,121,'Gharyan','GY',1),(1890,121,'Misratah','MI',1),(1891,121,'Murzuq','MZ',1),(1892,121,'Sabha','SB',1),(1893,121,'Sawfajjin','SW',1),(1894,121,'Surt','SU',1),(1895,121,'Tarabulus (Tripoli)','TL',1),(1896,121,'Tarhunah','TH',1),(1897,121,'Tubruq','TU',1),(1898,121,'Yafran','YA',1),(1899,121,'Zlitan','ZL',1),(1900,122,'Vaduz','V',1),(1901,122,'Schaan','A',1),(1902,122,'Balzers','B',1),(1903,122,'Triesen','N',1),(1904,122,'Eschen','E',1),(1905,122,'Mauren','M',1),(1906,122,'Triesenberg','T',1),(1907,122,'Ruggell','R',1),(1908,122,'Gamprin','G',1),(1909,122,'Schellenberg','L',1),(1910,122,'Planken','P',1),(1911,123,'Alytus','AL',1),(1912,123,'Kaunas','KA',1),(1913,123,'Klaipeda','KL',1),(1914,123,'Marijampole','MA',1),(1915,123,'Panevezys','PA',1),(1916,123,'Siauliai','SI',1),(1917,123,'Taurage','TA',1),(1918,123,'Telsiai','TE',1),(1919,123,'Utena','UT',1),(1920,123,'Vilnius','VI',1),(1921,124,'Diekirch','DD',1),(1922,124,'Clervaux','DC',1),(1923,124,'Redange','DR',1),(1924,124,'Vianden','DV',1),(1925,124,'Wiltz','DW',1),(1926,124,'Grevenmacher','GG',1),(1927,124,'Echternach','GE',1),(1928,124,'Remich','GR',1),(1929,124,'Luxembourg','LL',1),(1930,124,'Capellen','LC',1),(1931,124,'Esch-sur-Alzette','LE',1),(1932,124,'Mersch','LM',1),(1933,125,'Our Lady Fatima Parish','OLF',1),(1934,125,'St. Anthony Parish','ANT',1),(1935,125,'St. Lazarus Parish','LAZ',1),(1936,125,'Cathedral Parish','CAT',1),(1937,125,'St. Lawrence Parish','LAW',1),(1938,127,'Antananarivo','AN',1),(1939,127,'Antsiranana','AS',1),(1940,127,'Fianarantsoa','FN',1),(1941,127,'Mahajanga','MJ',1),(1942,127,'Toamasina','TM',1),(1943,127,'Toliara','TL',1),(1944,128,'Balaka','BLK',1),(1945,128,'Blantyre','BLT',1),(1946,128,'Chikwawa','CKW',1),(1947,128,'Chiradzulu','CRD',1),(1948,128,'Chitipa','CTP',1),(1949,128,'Dedza','DDZ',1),(1950,128,'Dowa','DWA',1),(1951,128,'Karonga','KRG',1),(1952,128,'Kasungu','KSG',1),(1953,128,'Likoma','LKM',1),(1954,128,'Lilongwe','LLG',1),(1955,128,'Machinga','MCG',1),(1956,128,'Mangochi','MGC',1),(1957,128,'Mchinji','MCH',1),(1958,128,'Mulanje','MLJ',1),(1959,128,'Mwanza','MWZ',1),(1960,128,'Mzimba','MZM',1),(1961,128,'Ntcheu','NTU',1),(1962,128,'Nkhata Bay','NKB',1),(1963,128,'Nkhotakota','NKH',1),(1964,128,'Nsanje','NSJ',1),(1965,128,'Ntchisi','NTI',1),(1966,128,'Phalombe','PHL',1),(1967,128,'Rumphi','RMP',1),(1968,128,'Salima','SLM',1),(1969,128,'Thyolo','THY',1),(1970,128,'Zomba','ZBA',1),(1971,129,'Johor','MY-01',1),(1972,129,'Kedah','MY-02',1),(1973,129,'Kelantan','MY-03',1),(1974,129,'Labuan','MY-15',1),(1975,129,'Melaka','MY-04',1),(1976,129,'Negeri Sembilan','MY-05',1),(1977,129,'Pahang','MY-06',1),(1978,129,'Perak','MY-08',1),(1979,129,'Perlis','MY-09',1),(1980,129,'Pulau Pinang','MY-07',1),(1981,129,'Sabah','MY-12',1),(1982,129,'Sarawak','MY-13',1),(1983,129,'Selangor','MY-10',1),(1984,129,'Terengganu','MY-11',1),(1985,129,'Kuala Lumpur','MY-14',1),(4035,129,'Putrajaya','MY-16',1),(1986,130,'Thiladhunmathi Uthuru','THU',1),(1987,130,'Thiladhunmathi Dhekunu','THD',1),(1988,130,'Miladhunmadulu Uthuru','MLU',1),(1989,130,'Miladhunmadulu Dhekunu','MLD',1),(1990,130,'Maalhosmadulu Uthuru','MAU',1),(1991,130,'Maalhosmadulu Dhekunu','MAD',1),(1992,130,'Faadhippolhu','FAA',1),(1993,130,'Male Atoll','MAA',1),(1994,130,'Ari Atoll Uthuru','AAU',1),(1995,130,'Ari Atoll Dheknu','AAD',1),(1996,130,'Felidhe Atoll','FEA',1),(1997,130,'Mulaku Atoll','MUA',1),(1998,130,'Nilandhe Atoll Uthuru','NAU',1),(1999,130,'Nilandhe Atoll Dhekunu','NAD',1),(2000,130,'Kolhumadulu','KLH',1),(2001,130,'Hadhdhunmathi','HDH',1),(2002,130,'Huvadhu Atoll Uthuru','HAU',1),(2003,130,'Huvadhu Atoll Dhekunu','HAD',1),(2004,130,'Fua Mulaku','FMU',1),(2005,130,'Addu','ADD',1),(2006,131,'Gao','GA',1),(2007,131,'Kayes','KY',1),(2008,131,'Kidal','KD',1),(2009,131,'Koulikoro','KL',1),(2010,131,'Mopti','MP',1),(2011,131,'Segou','SG',1),(2012,131,'Sikasso','SK',1),(2013,131,'Tombouctou','TB',1),(2014,131,'Bamako Capital District','CD',1),(2015,132,'Attard','ATT',1),(2016,132,'Balzan','BAL',1),(2017,132,'Birgu','BGU',1),(2018,132,'Birkirkara','BKK',1),(2019,132,'Birzebbuga','BRZ',1),(2020,132,'Bormla','BOR',1),(2021,132,'Dingli','DIN',1),(2022,132,'Fgura','FGU',1),(2023,132,'Floriana','FLO',1),(2024,132,'Gudja','GDJ',1),(2025,132,'Gzira','GZR',1),(2026,132,'Gargur','GRG',1),(2027,132,'Gaxaq','GXQ',1),(2028,132,'Hamrun','HMR',1),(2029,132,'Iklin','IKL',1),(2030,132,'Isla','ISL',1),(2031,132,'Kalkara','KLK',1),(2032,132,'Kirkop','KRK',1),(2033,132,'Lija','LIJ',1),(2034,132,'Luqa','LUQ',1),(2035,132,'Marsa','MRS',1),(2036,132,'Marsaskala','MKL',1),(2037,132,'Marsaxlokk','MXL',1),(2038,132,'Mdina','MDN',1),(2039,132,'Melliea','MEL',1),(2040,132,'Mgarr','MGR',1),(2041,132,'Mosta','MST',1),(2042,132,'Mqabba','MQA',1),(2043,132,'Msida','MSI',1),(2044,132,'Mtarfa','MTF',1),(2045,132,'Naxxar','NAX',1),(2046,132,'Paola','PAO',1),(2047,132,'Pembroke','PEM',1),(2048,132,'Pieta','PIE',1),(2049,132,'Qormi','QOR',1),(2050,132,'Qrendi','QRE',1),(2051,132,'Rabat','RAB',1),(2052,132,'Safi','SAF',1),(2053,132,'San Giljan','SGI',1),(2054,132,'Santa Lucija','SLU',1),(2055,132,'San Pawl il-Bahar','SPB',1),(2056,132,'San Gwann','SGW',1),(2057,132,'Santa Venera','SVE',1),(2058,132,'Siggiewi','SIG',1),(2059,132,'Sliema','SLM',1),(2060,132,'Swieqi','SWQ',1),(2061,132,'Ta Xbiex','TXB',1),(2062,132,'Tarxien','TRX',1),(2063,132,'Valletta','VLT',1),(2064,132,'Xgajra','XGJ',1),(2065,132,'Zabbar','ZBR',1),(2066,132,'Zebbug','ZBG',1),(2067,132,'Zejtun','ZJT',1),(2068,132,'Zurrieq','ZRQ',1),(2069,132,'Fontana','FNT',1),(2070,132,'Ghajnsielem','GHJ',1),(2071,132,'Gharb','GHR',1),(2072,132,'Ghasri','GHS',1),(2073,132,'Kercem','KRC',1),(2074,132,'Munxar','MUN',1),(2075,132,'Nadur','NAD',1),(2076,132,'Qala','QAL',1),(2077,132,'Victoria','VIC',1),(2078,132,'San Lawrenz','SLA',1),(2079,132,'Sannat','SNT',1),(2080,132,'Xagra','ZAG',1),(2081,132,'Xewkija','XEW',1),(2082,132,'Zebbug','ZEB',1),(2083,133,'Ailinginae','ALG',1),(2084,133,'Ailinglaplap','ALL',1),(2085,133,'Ailuk','ALK',1),(2086,133,'Arno','ARN',1),(2087,133,'Aur','AUR',1),(2088,133,'Bikar','BKR',1),(2089,133,'Bikini','BKN',1),(2090,133,'Bokak','BKK',1),(2091,133,'Ebon','EBN',1),(2092,133,'Enewetak','ENT',1),(2093,133,'Erikub','EKB',1),(2094,133,'Jabat','JBT',1),(2095,133,'Jaluit','JLT',1),(2096,133,'Jemo','JEM',1),(2097,133,'Kili','KIL',1),(2098,133,'Kwajalein','KWJ',1),(2099,133,'Lae','LAE',1),(2100,133,'Lib','LIB',1),(2101,133,'Likiep','LKP',1),(2102,133,'Majuro','MJR',1),(2103,133,'Maloelap','MLP',1),(2104,133,'Mejit','MJT',1),(2105,133,'Mili','MIL',1),(2106,133,'Namorik','NMK',1),(2107,133,'Namu','NAM',1),(2108,133,'Rongelap','RGL',1),(2109,133,'Rongrik','RGK',1),(2110,133,'Toke','TOK',1),(2111,133,'Ujae','UJA',1),(2112,133,'Ujelang','UJL',1),(2113,133,'Utirik','UTK',1),(2114,133,'Wotho','WTH',1),(2115,133,'Wotje','WTJ',1),(2116,135,'Adrar','AD',1),(2117,135,'Assaba','AS',1),(2118,135,'Brakna','BR',1),(2119,135,'Dakhlet Nouadhibou','DN',1),(2120,135,'Gorgol','GO',1),(2121,135,'Guidimaka','GM',1),(2122,135,'Hodh Ech Chargui','HC',1),(2123,135,'Hodh El Gharbi','HG',1),(2124,135,'Inchiri','IN',1),(2125,135,'Tagant','TA',1),(2126,135,'Tiris Zemmour','TZ',1),(2127,135,'Trarza','TR',1),(2128,135,'Nouakchott','NO',1),(2129,136,'Beau Bassin-Rose Hill','BR',1),(2130,136,'Curepipe','CU',1),(2131,136,'Port Louis','PU',1),(2132,136,'Quatre Bornes','QB',1),(2133,136,'Vacoas-Phoenix','VP',1),(2134,136,'Agalega Islands','AG',1),(2135,136,'Cargados Carajos Shoals (Saint Brandon Islands)','CC',1),(2136,136,'Rodrigues','RO',1),(2137,136,'Black River','BL',1),(2138,136,'Flacq','FL',1),(2139,136,'Grand Port','GP',1),(2140,136,'Moka','MO',1),(2141,136,'Pamplemousses','PA',1),(2142,136,'Plaines Wilhems','PW',1),(2143,136,'Port Louis','PL',1),(2144,136,'Riviere du Rempart','RR',1),(2145,136,'Savanne','SA',1),(2146,138,'Baja California Norte','BN',1),(2147,138,'Baja California Sur','BS',1),(2148,138,'Campeche','CA',1),(2149,138,'Chiapas','CI',1),(2150,138,'Chihuahua','CH',1),(2151,138,'Coahuila de Zaragoza','CZ',1),(2152,138,'Colima','CL',1),(2153,138,'Distrito Federal','DF',1),(2154,138,'Durango','DU',1),(2155,138,'Guanajuato','GA',1),(2156,138,'Guerrero','GE',1),(2157,138,'Hidalgo','HI',1),(2158,138,'Jalisco','JA',1),(2159,138,'Mexico','ME',1),(2160,138,'Michoacan de Ocampo','MI',1),(2161,138,'Morelos','MO',1),(2162,138,'Nayarit','NA',1),(2163,138,'Nuevo Leon','NL',1),(2164,138,'Oaxaca','OA',1),(2165,138,'Puebla','PU',1),(2166,138,'Queretaro de Arteaga','QA',1),(2167,138,'Quintana Roo','QR',1),(2168,138,'San Luis Potosi','SA',1),(2169,138,'Sinaloa','SI',1),(2170,138,'Sonora','SO',1),(2171,138,'Tabasco','TB',1),(2172,138,'Tamaulipas','TM',1),(2173,138,'Tlaxcala','TL',1),(2174,138,'Veracruz-Llave','VE',1),(2175,138,'Yucatan','YU',1),(2176,138,'Zacatecas','ZA',1),(2177,139,'Chuuk','C',1),(2178,139,'Kosrae','K',1),(2179,139,'Pohnpei','P',1),(2180,139,'Yap','Y',1),(2181,140,'Gagauzia','GA',1),(2182,140,'Chisinau','CU',1),(2183,140,'Balti','BA',1),(2184,140,'Cahul','CA',1),(2185,140,'Edinet','ED',1),(2186,140,'Lapusna','LA',1),(2187,140,'Orhei','OR',1),(2188,140,'Soroca','SO',1),(2189,140,'Tighina','TI',1),(2190,140,'Ungheni','UN',1),(2191,140,'St‚nga Nistrului','SN',1),(2192,141,'Fontvieille','FV',1),(2193,141,'La Condamine','LC',1),(2194,141,'Monaco-Ville','MV',1),(2195,141,'Monte-Carlo','MC',1),(2196,142,'Ulanbaatar','1',1),(2197,142,'Orhon','035',1),(2198,142,'Darhan uul','037',1),(2199,142,'Hentiy','039',1),(2200,142,'Hovsgol','041',1),(2201,142,'Hovd','043',1),(2202,142,'Uvs','046',1),(2203,142,'Tov','047',1),(2204,142,'Selenge','049',1),(2205,142,'Suhbaatar','051',1),(2206,142,'Omnogovi','053',1),(2207,142,'Ovorhangay','055',1),(2208,142,'Dzavhan','057',1),(2209,142,'DundgovL','059',1),(2210,142,'Dornod','061',1),(2211,142,'Dornogov','063',1),(2212,142,'Govi-Sumber','064',1),(2213,142,'Govi-Altay','065',1),(2214,142,'Bulgan','067',1),(2215,142,'Bayanhongor','069',1),(2216,142,'Bayan-Olgiy','071',1),(2217,142,'Arhangay','073',1),(2218,143,'Saint Anthony','A',1),(2219,143,'Saint Georges','G',1),(2220,143,'Saint Peter','P',1),(2221,144,'Agadir','AGD',1),(2222,144,'Al Hoceima','HOC',1),(2223,144,'Azilal','AZI',1),(2224,144,'Beni Mellal','BME',1),(2225,144,'Ben Slimane','BSL',1),(2226,144,'Boulemane','BLM',1),(2227,144,'Casablanca','CBL',1),(2228,144,'Chaouen','CHA',1),(2229,144,'El Jadida','EJA',1),(2230,144,'El Kelaa des Sraghna','EKS',1),(2231,144,'Er Rachidia','ERA',1),(2232,144,'Essaouira','ESS',1),(2233,144,'Fes','FES',1),(2234,144,'Figuig','FIG',1),(2235,144,'Guelmim','GLM',1),(2236,144,'Ifrane','IFR',1),(2237,144,'Kenitra','KEN',1),(2238,144,'Khemisset','KHM',1),(2239,144,'Khenifra','KHN',1),(2240,144,'Khouribga','KHO',1),(2241,144,'Laayoune','LYN',1),(2242,144,'Larache','LAR',1),(2243,144,'Marrakech','MRK',1),(2244,144,'Meknes','MKN',1),(2245,144,'Nador','NAD',1),(2246,144,'Ouarzazate','ORZ',1),(2247,144,'Oujda','OUJ',1),(2248,144,'Rabat-Sale','RSA',1),(2249,144,'Safi','SAF',1),(2250,144,'Settat','SET',1),(2251,144,'Sidi Kacem','SKA',1),(2252,144,'Tangier','TGR',1),(2253,144,'Tan-Tan','TAN',1),(2254,144,'Taounate','TAO',1),(2255,144,'Taroudannt','TRD',1),(2256,144,'Tata','TAT',1),(2257,144,'Taza','TAZ',1),(2258,144,'Tetouan','TET',1),(2259,144,'Tiznit','TIZ',1),(2260,144,'Ad Dakhla','ADK',1),(2261,144,'Boujdour','BJD',1),(2262,144,'Es Smara','ESM',1),(2263,145,'Cabo Delgado','CD',1),(2264,145,'Gaza','GZ',1),(2265,145,'Inhambane','IN',1),(2266,145,'Manica','MN',1),(2267,145,'Maputo (city)','MC',1),(2268,145,'Maputo','MP',1),(2269,145,'Nampula','NA',1),(2270,145,'Niassa','NI',1),(2271,145,'Sofala','SO',1),(2272,145,'Tete','TE',1),(2273,145,'Zambezia','ZA',1),(2274,146,'Ayeyarwady','AY',1),(2275,146,'Bago','BG',1),(2276,146,'Magway','MG',1),(2277,146,'Mandalay','MD',1),(2278,146,'Sagaing','SG',1),(2279,146,'Tanintharyi','TN',1),(2280,146,'Yangon','YG',1),(2281,146,'Chin State','CH',1),(2282,146,'Kachin State','KC',1),(2283,146,'Kayah State','KH',1),(2284,146,'Kayin State','KN',1),(2285,146,'Mon State','MN',1),(2286,146,'Rakhine State','RK',1),(2287,146,'Shan State','SH',1),(2288,147,'Caprivi','CA',1),(2289,147,'Erongo','ER',1),(2290,147,'Hardap','HA',1),(2291,147,'Karas','KR',1),(2292,147,'Kavango','KV',1),(2293,147,'Khomas','KH',1),(2294,147,'Kunene','KU',1),(2295,147,'Ohangwena','OW',1),(2296,147,'Omaheke','OK',1),(2297,147,'Omusati','OT',1),(2298,147,'Oshana','ON',1),(2299,147,'Oshikoto','OO',1),(2300,147,'Otjozondjupa','OJ',1),(2301,148,'Aiwo','AO',1),(2302,148,'Anabar','AA',1),(2303,148,'Anetan','AT',1),(2304,148,'Anibare','AI',1),(2305,148,'Baiti','BA',1),(2306,148,'Boe','BO',1),(2307,148,'Buada','BU',1),(2308,148,'Denigomodu','DE',1),(2309,148,'Ewa','EW',1),(2310,148,'Ijuw','IJ',1),(2311,148,'Meneng','ME',1),(2312,148,'Nibok','NI',1),(2313,148,'Uaboe','UA',1),(2314,148,'Yaren','YA',1),(2315,149,'Bagmati','BA',1),(2316,149,'Bheri','BH',1),(2317,149,'Dhawalagiri','DH',1),(2318,149,'Gandaki','GA',1),(2319,149,'Janakpur','JA',1),(2320,149,'Karnali','KA',1),(2321,149,'Kosi','KO',1),(2322,149,'Lumbini','LU',1),(2323,149,'Mahakali','MA',1),(2324,149,'Mechi','ME',1),(2325,149,'Narayani','NA',1),(2326,149,'Rapti','RA',1),(2327,149,'Sagarmatha','SA',1),(2328,149,'Seti','SE',1),(2329,150,'Drenthe','DR',1),(2330,150,'Flevoland','FL',1),(2331,150,'Friesland','FR',1),(2332,150,'Gelderland','GE',1),(2333,150,'Groningen','GR',1),(2334,150,'Limburg','LI',1),(2335,150,'Noord Brabant','NB',1),(2336,150,'Noord Holland','NH',1),(2337,150,'Overijssel','OV',1),(2338,150,'Utrecht','UT',1),(2339,150,'Zeeland','ZE',1),(2340,150,'Zuid Holland','ZH',1),(2341,152,'Iles Loyaute','L',1),(2342,152,'Nord','N',1),(2343,152,'Sud','S',1),(2344,153,'Auckland','AUK',1),(2345,153,'Bay of Plenty','BOP',1),(2346,153,'Canterbury','CAN',1),(2347,153,'Coromandel','COR',1),(2348,153,'Gisborne','GIS',1),(2349,153,'Fiordland','FIO',1),(2350,153,'Hawke\'s Bay','HKB',1),(2351,153,'Marlborough','MBH',1),(2352,153,'Manawatu-Wanganui','MWT',1),(2353,153,'Mt Cook-Mackenzie','MCM',1),(2354,153,'Nelson','NSN',1),(2355,153,'Northland','NTL',1),(2356,153,'Otago','OTA',1),(2357,153,'Southland','STL',1),(2358,153,'Taranaki','TKI',1),(2359,153,'Wellington','WGN',1),(2360,153,'Waikato','WKO',1),(2361,153,'Wairarapa','WAI',1),(2362,153,'West Coast','WTC',1),(2363,154,'Atlantico Norte','AN',1),(2364,154,'Atlantico Sur','AS',1),(2365,154,'Boaco','BO',1),(2366,154,'Carazo','CA',1),(2367,154,'Chinandega','CI',1),(2368,154,'Chontales','CO',1),(2369,154,'Esteli','ES',1),(2370,154,'Granada','GR',1),(2371,154,'Jinotega','JI',1),(2372,154,'Leon','LE',1),(2373,154,'Madriz','MD',1),(2374,154,'Managua','MN',1),(2375,154,'Masaya','MS',1),(2376,154,'Matagalpa','MT',1),(2377,154,'Nuevo Segovia','NS',1),(2378,154,'Rio San Juan','RS',1),(2379,154,'Rivas','RI',1),(2380,155,'Agadez','AG',1),(2381,155,'Diffa','DF',1),(2382,155,'Dosso','DS',1),(2383,155,'Maradi','MA',1),(2384,155,'Niamey','NM',1),(2385,155,'Tahoua','TH',1),(2386,155,'Tillaberi','TL',1),(2387,155,'Zinder','ZD',1),(2388,156,'Abia','AB',1),(2389,156,'Abuja Federal Capital Territory','CT',1),(2390,156,'Adamawa','AD',1),(2391,156,'Akwa Ibom','AK',1),(2392,156,'Anambra','AN',1),(2393,156,'Bauchi','BC',1),(2394,156,'Bayelsa','BY',1),(2395,156,'Benue','BN',1),(2396,156,'Borno','BO',1),(2397,156,'Cross River','CR',1),(2398,156,'Delta','DE',1),(2399,156,'Ebonyi','EB',1),(2400,156,'Edo','ED',1),(2401,156,'Ekiti','EK',1),(2402,156,'Enugu','EN',1),(2403,156,'Gombe','GO',1),(2404,156,'Imo','IM',1),(2405,156,'Jigawa','JI',1),(2406,156,'Kaduna','KD',1),(2407,156,'Kano','KN',1),(2408,156,'Katsina','KT',1),(2409,156,'Kebbi','KE',1),(2410,156,'Kogi','KO',1),(2411,156,'Kwara','KW',1),(2412,156,'Lagos','LA',1),(2413,156,'Nassarawa','NA',1),(2414,156,'Niger','NI',1),(2415,156,'Ogun','OG',1),(2416,156,'Ondo','ONG',1),(2417,156,'Osun','OS',1),(2418,156,'Oyo','OY',1),(2419,156,'Plateau','PL',1),(2420,156,'Rivers','RI',1),(2421,156,'Sokoto','SO',1),(2422,156,'Taraba','TA',1),(2423,156,'Yobe','YO',1),(2424,156,'Zamfara','ZA',1),(2425,159,'Northern Islands','N',1),(2426,159,'Rota','R',1),(2427,159,'Saipan','S',1),(2428,159,'Tinian','T',1),(2429,160,'Akershus','AK',1),(2430,160,'Aust-Agder','AA',1),(2431,160,'Buskerud','BU',1),(2432,160,'Finnmark','FM',1),(2433,160,'Hedmark','HM',1),(2434,160,'Hordaland','HL',1),(2435,160,'More og Romdal','MR',1),(2436,160,'Nord-Trondelag','NT',1),(2437,160,'Nordland','NL',1),(2438,160,'Ostfold','OF',1),(2439,160,'Oppland','OP',1),(2440,160,'Oslo','OL',1),(2441,160,'Rogaland','RL',1),(2442,160,'Sor-Trondelag','ST',1),(2443,160,'Sogn og Fjordane','SJ',1),(2444,160,'Svalbard','SV',1),(2445,160,'Telemark','TM',1),(2446,160,'Troms','TR',1),(2447,160,'Vest-Agder','VA',1),(2448,160,'Vestfold','VF',1),(2449,161,'Ad Dakhiliyah','DA',1),(2450,161,'Al Batinah','BA',1),(2451,161,'Al Wusta','WU',1),(2452,161,'Ash Sharqiyah','SH',1),(2453,161,'Az Zahirah','ZA',1),(2454,161,'Masqat','MA',1),(2455,161,'Musandam','MU',1),(2456,161,'Zufar','ZU',1),(2457,162,'Balochistan','B',1),(2458,162,'Federally Administered Tribal Areas','T',1),(2459,162,'Islamabad Capital Territory','I',1),(2460,162,'North-West Frontier','N',1),(2461,162,'Punjab','P',1),(2462,162,'Sindh','S',1),(2463,163,'Aimeliik','AM',1),(2464,163,'Airai','AR',1),(2465,163,'Angaur','AN',1),(2466,163,'Hatohobei','HA',1),(2467,163,'Kayangel','KA',1),(2468,163,'Koror','KO',1),(2469,163,'Melekeok','ME',1),(2470,163,'Ngaraard','NA',1),(2471,163,'Ngarchelong','NG',1),(2472,163,'Ngardmau','ND',1),(2473,163,'Ngatpang','NT',1),(2474,163,'Ngchesar','NC',1),(2475,163,'Ngeremlengui','NR',1),(2476,163,'Ngiwal','NW',1),(2477,163,'Peleliu','PE',1),(2478,163,'Sonsorol','SO',1),(2479,164,'Bocas del Toro','BT',1),(2480,164,'Chiriqui','CH',1),(2481,164,'Cocle','CC',1),(2482,164,'Colon','CL',1),(2483,164,'Darien','DA',1),(2484,164,'Herrera','HE',1),(2485,164,'Los Santos','LS',1),(2486,164,'Panama','PA',1),(2487,164,'San Blas','SB',1),(2488,164,'Veraguas','VG',1),(2489,165,'Bougainville','BV',1),(2490,165,'Central','CE',1),(2491,165,'Chimbu','CH',1),(2492,165,'Eastern Highlands','EH',1),(2493,165,'East New Britain','EB',1),(2494,165,'East Sepik','ES',1),(2495,165,'Enga','EN',1),(2496,165,'Gulf','GU',1),(2497,165,'Madang','MD',1),(2498,165,'Manus','MN',1),(2499,165,'Milne Bay','MB',1),(2500,165,'Morobe','MR',1),(2501,165,'National Capital','NC',1),(2502,165,'New Ireland','NI',1),(2503,165,'Northern','NO',1),(2504,165,'Sandaun','SA',1),(2505,165,'Southern Highlands','SH',1),(2506,165,'Western','WE',1),(2507,165,'Western Highlands','WH',1),(2508,165,'West New Britain','WB',1),(2509,166,'Alto Paraguay','AG',1),(2510,166,'Alto Parana','AN',1),(2511,166,'Amambay','AM',1),(2512,166,'Asuncion','AS',1),(2513,166,'Boqueron','BO',1),(2514,166,'Caaguazu','CG',1),(2515,166,'Caazapa','CZ',1),(2516,166,'Canindeyu','CN',1),(2517,166,'Central','CE',1),(2518,166,'Concepcion','CC',1),(2519,166,'Cordillera','CD',1),(2520,166,'Guaira','GU',1),(2521,166,'Itapua','IT',1),(2522,166,'Misiones','MI',1),(2523,166,'Neembucu','NE',1),(2524,166,'Paraguari','PA',1),(2525,166,'Presidente Hayes','PH',1),(2526,166,'San Pedro','SP',1),(2527,167,'Amazonas','AM',1),(2528,167,'Ancash','AN',1),(2529,167,'Apurimac','AP',1),(2530,167,'Arequipa','AR',1),(2531,167,'Ayacucho','AY',1),(2532,167,'Cajamarca','CJ',1),(2533,167,'Callao','CL',1),(2534,167,'Cusco','CU',1),(2535,167,'Huancavelica','HV',1),(2536,167,'Huanuco','HO',1),(2537,167,'Ica','IC',1),(2538,167,'Junin','JU',1),(2539,167,'La Libertad','LD',1),(2540,167,'Lambayeque','LY',1),(2541,167,'Lima','LI',1),(2542,167,'Loreto','LO',1),(2543,167,'Madre de Dios','MD',1),(2544,167,'Moquegua','MO',1),(2545,167,'Pasco','PA',1),(2546,167,'Piura','PI',1),(2547,167,'Puno','PU',1),(2548,167,'San Martin','SM',1),(2549,167,'Tacna','TA',1),(2550,167,'Tumbes','TU',1),(2551,167,'Ucayali','UC',1),(2552,168,'Abra','ABR',1),(2553,168,'Agusan del Norte','ANO',1),(2554,168,'Agusan del Sur','ASU',1),(2555,168,'Aklan','AKL',1),(2556,168,'Albay','ALB',1),(2557,168,'Antique','ANT',1),(2558,168,'Apayao','APY',1),(2559,168,'Aurora','AUR',1),(2560,168,'Basilan','BAS',1),(2561,168,'Bataan','BTA',1),(2562,168,'Batanes','BTE',1),(2563,168,'Batangas','BTG',1),(2564,168,'Biliran','BLR',1),(2565,168,'Benguet','BEN',1),(2566,168,'Bohol','BOL',1),(2567,168,'Bukidnon','BUK',1),(2568,168,'Bulacan','BUL',1),(2569,168,'Cagayan','CAG',1),(2570,168,'Camarines Norte','CNO',1),(2571,168,'Camarines Sur','CSU',1),(2572,168,'Camiguin','CAM',1),(2573,168,'Capiz','CAP',1),(2574,168,'Catanduanes','CAT',1),(2575,168,'Cavite','CAV',1),(2576,168,'Cebu','CEB',1),(2577,168,'Compostela','CMP',1),(2578,168,'Davao del Norte','DNO',1),(2579,168,'Davao del Sur','DSU',1),(2580,168,'Davao Oriental','DOR',1),(2581,168,'Eastern Samar','ESA',1),(2582,168,'Guimaras','GUI',1),(2583,168,'Ifugao','IFU',1),(2584,168,'Ilocos Norte','INO',1),(2585,168,'Ilocos Sur','ISU',1),(2586,168,'Iloilo','ILO',1),(2587,168,'Isabela','ISA',1),(2588,168,'Kalinga','KAL',1),(2589,168,'Laguna','LAG',1),(2590,168,'Lanao del Norte','LNO',1),(2591,168,'Lanao del Sur','LSU',1),(2592,168,'La Union','UNI',1),(2593,168,'Leyte','LEY',1),(2594,168,'Maguindanao','MAG',1),(2595,168,'Marinduque','MRN',1),(2596,168,'Masbate','MSB',1),(2597,168,'Mindoro Occidental','MIC',1),(2598,168,'Mindoro Oriental','MIR',1),(2599,168,'Misamis Occidental','MSC',1),(2600,168,'Misamis Oriental','MOR',1),(2601,168,'Mountain','MOP',1),(2602,168,'Negros Occidental','NOC',1),(2603,168,'Negros Oriental','NOR',1),(2604,168,'North Cotabato','NCT',1),(2605,168,'Northern Samar','NSM',1),(2606,168,'Nueva Ecija','NEC',1),(2607,168,'Nueva Vizcaya','NVZ',1),(2608,168,'Palawan','PLW',1),(2609,168,'Pampanga','PMP',1),(2610,168,'Pangasinan','PNG',1),(2611,168,'Quezon','QZN',1),(2612,168,'Quirino','QRN',1),(2613,168,'Rizal','RIZ',1),(2614,168,'Romblon','ROM',1),(2615,168,'Samar','SMR',1),(2616,168,'Sarangani','SRG',1),(2617,168,'Siquijor','SQJ',1),(2618,168,'Sorsogon','SRS',1),(2619,168,'South Cotabato','SCO',1),(2620,168,'Southern Leyte','SLE',1),(2621,168,'Sultan Kudarat','SKU',1),(2622,168,'Sulu','SLU',1),(2623,168,'Surigao del Norte','SNO',1),(2624,168,'Surigao del Sur','SSU',1),(2625,168,'Tarlac','TAR',1),(2626,168,'Tawi-Tawi','TAW',1),(2627,168,'Zambales','ZBL',1),(2628,168,'Zamboanga del Norte','ZNO',1),(2629,168,'Zamboanga del Sur','ZSU',1),(2630,168,'Zamboanga Sibugay','ZSI',1),(2631,170,'Dolnoslaskie','DO',1),(2632,170,'Kujawsko-Pomorskie','KP',1),(2633,170,'Lodzkie','LO',1),(2634,170,'Lubelskie','LL',1),(2635,170,'Lubuskie','LU',1),(2636,170,'Malopolskie','ML',1),(2637,170,'Mazowieckie','MZ',1),(2638,170,'Opolskie','OP',1),(2639,170,'Podkarpackie','PP',1),(2640,170,'Podlaskie','PL',1),(2641,170,'Pomorskie','PM',1),(2642,170,'Slaskie','SL',1),(2643,170,'Swietokrzyskie','SW',1),(2644,170,'Warminsko-Mazurskie','WM',1),(2645,170,'Wielkopolskie','WP',1),(2646,170,'Zachodniopomorskie','ZA',1),(2647,198,'Saint Pierre','P',1),(2648,198,'Miquelon','M',1),(2649,171,'A&ccedil;ores','AC',1),(2650,171,'Aveiro','AV',1),(2651,171,'Beja','BE',1),(2652,171,'Braga','BR',1),(2653,171,'Bragan&ccedil;a','BA',1),(2654,171,'Castelo Branco','CB',1),(2655,171,'Coimbra','CO',1),(2656,171,'&Eacute;vora','EV',1),(2657,171,'Faro','FA',1),(2658,171,'Guarda','GU',1),(2659,171,'Leiria','LE',1),(2660,171,'Lisboa','LI',1),(2661,171,'Madeira','ME',1),(2662,171,'Portalegre','PO',1),(2663,171,'Porto','PR',1),(2664,171,'Santar&eacute;m','SA',1),(2665,171,'Set&uacute;bal','SE',1),(2666,171,'Viana do Castelo','VC',1),(2667,171,'Vila Real','VR',1),(2668,171,'Viseu','VI',1),(2669,173,'Ad Dawhah','DW',1),(2670,173,'Al Ghuwayriyah','GW',1),(2671,173,'Al Jumayliyah','JM',1),(2672,173,'Al Khawr','KR',1),(2673,173,'Al Wakrah','WK',1),(2674,173,'Ar Rayyan','RN',1),(2675,173,'Jarayan al Batinah','JB',1),(2676,173,'Madinat ash Shamal','MS',1),(2677,173,'Umm Sa\'id','UD',1),(2678,173,'Umm Salal','UL',1),(2679,175,'Alba','AB',1),(2680,175,'Arad','AR',1),(2681,175,'Arges','AG',1),(2682,175,'Bacau','BC',1),(2683,175,'Bihor','BH',1),(2684,175,'Bistrita-Nasaud','BN',1),(2685,175,'Botosani','BT',1),(2686,175,'Brasov','BV',1),(2687,175,'Braila','BR',1),(2688,175,'Bucuresti','B',1),(2689,175,'Buzau','BZ',1),(2690,175,'Caras-Severin','CS',1),(2691,175,'Calarasi','CL',1),(2692,175,'Cluj','CJ',1),(2693,175,'Constanta','CT',1),(2694,175,'Covasna','CV',1),(2695,175,'Dimbovita','DB',1),(2696,175,'Dolj','DJ',1),(2697,175,'Galati','GL',1),(2698,175,'Giurgiu','GR',1),(2699,175,'Gorj','GJ',1),(2700,175,'Harghita','HR',1),(2701,175,'Hunedoara','HD',1),(2702,175,'Ialomita','IL',1),(2703,175,'Iasi','IS',1),(2704,175,'Ilfov','IF',1),(2705,175,'Maramures','MM',1),(2706,175,'Mehedinti','MH',1),(2707,175,'Mures','MS',1),(2708,175,'Neamt','NT',1),(2709,175,'Olt','OT',1),(2710,175,'Prahova','PH',1),(2711,175,'Satu-Mare','SM',1),(2712,175,'Salaj','SJ',1),(2713,175,'Sibiu','SB',1),(2714,175,'Suceava','SV',1),(2715,175,'Teleorman','TR',1),(2716,175,'Timis','TM',1),(2717,175,'Tulcea','TL',1),(2718,175,'Vaslui','VS',1),(2719,175,'Valcea','VL',1),(2720,175,'Vrancea','VN',1),(2721,176,'Республика Хакасия','KK',1),(2722,176,'Забайкальский край','ZAB',1),(2723,176,'Чукотский АО','CHU',1),(2724,176,'Архангельская область','ARK',1),(2725,176,'Астраханская область','AST',1),(2726,176,'Алтайский край','ALT',1),(2727,176,'Белгородская область','BEL',1),(2728,176,'Еврейская АО','YEV',1),(2729,176,'Амурская область','AMU',1),(2730,176,'Брянская область','BRY',1),(2731,176,'Чувашская Республика','CU',1),(2732,176,'Челябинская область','CHE',1),(2733,176,'Карачаево-Черкесия','KC',1),(2735,176,'Таймырский АО','TDN',1),(2736,176,'Республика Калмыкия','KL',1),(2738,176,'Республика Алтай','AL',1),(2739,176,'Чеченская Республика','CE',1),(2740,176,'Иркутская область','IRK',1),(2741,176,'Ивановская область','IVA',1),(2742,176,'Удмуртская Республика','UD',1),(2743,176,'Калининградская область','KGD',1),(2744,176,'Калужская область','KLU',1),(2745,176,'Краснодарский край','KDA',1),(2746,176,'Республика Татарстан','TA',1),(2747,176,'Кемеровская область','KEM',1),(2748,176,'Хабаровский край','KHA',1),(2749,176,'Ханты-Мансийский АО - Югра','KHM',1),(2750,176,'Костромская область','KOS',1),(2751,176,'Московская область','MOS',1),(2752,176,'Красноярский край','KYA',1),(2753,176,'Коми-Пермяцкий АО','KOP',1),(2754,176,'Курганская область','KGN',1),(2755,176,'Курская область','KRS',1),(2756,176,'Республика Тыва','TY',1),(2757,176,'Липецкая область','LIP',1),(2758,176,'Магаданская область','MAG',1),(2759,176,'Республика Дагестан','DA',1),(2760,176,'Республика Адыгея','AD',1),(2761,176,'Москва','MOW',1),(2762,176,'Мурманская область','MUR',1),(2763,176,'Республика Кабардино-Балкария','KB',1),(2764,176,'Ненецкий АО','NEN',1),(2765,176,'Республика Ингушетия','IN',1),(2766,176,'Нижегородская область','NIZ',1),(2767,176,'Новгородская область','NGR',1),(2768,176,'Новосибирская область','NVS',1),(2769,176,'Омская область','OMS',1),(2770,176,'Орловская область','ORL',1),(2771,176,'Оренбургская область','ORE',1),(2772,176,'Корякский АО','KOR',1),(2773,176,'Пензенская область','PNZ',1),(2774,176,'Пермский край','PER',1),(2775,176,'Камчатский край','KAM',1),(2776,176,'Республика Карелия','KR',1),(2777,176,'Псковская область','PSK',1),(2778,176,'Ростовская область','ROS',1),(2779,176,'Рязанская область','RYA',1),(2780,176,'Ямало-Ненецкий АО','YAN',1),(2781,176,'Самарская область','SAM',1),(2782,176,'Республика Мордовия','MO',1),(2783,176,'Саратовская область','SAR',1),(2784,176,'Смоленская область','SMO',1),(2785,176,'Санкт-Петербург','SPE',1),(2786,176,'Ставропольский край','STA',1),(2787,176,'Республика Коми','KO',1),(2788,176,'Тамбовская область','TAM',1),(2789,176,'Томская область','TOM',1),(2790,176,'Тульская область','TUL',1),(2791,176,'Ленинградская область','LEN',1),(2792,176,'Тверская область','TVE',1),(2793,176,'Тюменская область','TYU',1),(2794,176,'Республика Башкортостан','BA',1),(2795,176,'Ульяновская область','ULY',1),(2796,176,'Республика Бурятия','BU',1),(2798,176,'Республика Северная Осетия','SE',1),(2799,176,'Владимирская область','VLA',1),(2800,176,'Приморский край','PRI',1),(2801,176,'Волгоградская область','VGG',1),(2802,176,'Вологодская область','VLG',1),(2803,176,'Воронежская область','VOR',1),(2804,176,'Кировская область','KIR',1),(2805,176,'Республика  Саха / Якутия','SA',1),(2806,176,'Ярославская область','YAR',1),(2807,176,'Свердловская область','SVE',1),(2808,176,'Республика Марий Эл','ME',1),(2809,177,'Butare','BU',1),(2810,177,'Byumba','BY',1),(2811,177,'Cyangugu','CY',1),(2812,177,'Gikongoro','GK',1),(2813,177,'Gisenyi','GS',1),(2814,177,'Gitarama','GT',1),(2815,177,'Kibungo','KG',1),(2816,177,'Kibuye','KY',1),(2817,177,'Kigali Rurale','KR',1),(2818,177,'Kigali-ville','KV',1),(2819,177,'Ruhengeri','RU',1),(2820,177,'Umutara','UM',1),(2821,178,'Christ Church Nichola Town','CCN',1),(2822,178,'Saint Anne Sandy Point','SAS',1),(2823,178,'Saint George Basseterre','SGB',1),(2824,178,'Saint George Gingerland','SGG',1),(2825,178,'Saint James Windward','SJW',1),(2826,178,'Saint John Capesterre','SJC',1),(2827,178,'Saint John Figtree','SJF',1),(2828,178,'Saint Mary Cayon','SMC',1),(2829,178,'Saint Paul Capesterre','CAP',1),(2830,178,'Saint Paul Charlestown','CHA',1),(2831,178,'Saint Peter Basseterre','SPB',1),(2832,178,'Saint Thomas Lowland','STL',1),(2833,178,'Saint Thomas Middle Island','STM',1),(2834,178,'Trinity Palmetto Point','TPP',1),(2835,179,'Anse-la-Raye','AR',1),(2836,179,'Castries','CA',1),(2837,179,'Choiseul','CH',1),(2838,179,'Dauphin','DA',1),(2839,179,'Dennery','DE',1),(2840,179,'Gros-Islet','GI',1),(2841,179,'Laborie','LA',1),(2842,179,'Micoud','MI',1),(2843,179,'Praslin','PR',1),(2844,179,'Soufriere','SO',1),(2845,179,'Vieux-Fort','VF',1),(2846,180,'Charlotte','C',1),(2847,180,'Grenadines','R',1),(2848,180,'Saint Andrew','A',1),(2849,180,'Saint David','D',1),(2850,180,'Saint George','G',1),(2851,180,'Saint Patrick','P',1),(2852,181,'A\'ana','AN',1),(2853,181,'Aiga-i-le-Tai','AI',1),(2854,181,'Atua','AT',1),(2855,181,'Fa\'asaleleaga','FA',1),(2856,181,'Gaga\'emauga','GE',1),(2857,181,'Gagaifomauga','GF',1),(2858,181,'Palauli','PA',1),(2859,181,'Satupa\'itea','SA',1),(2860,181,'Tuamasaga','TU',1),(2861,181,'Va\'a-o-Fonoti','VF',1),(2862,181,'Vaisigano','VS',1),(2863,182,'Acquaviva','AC',1),(2864,182,'Borgo Maggiore','BM',1),(2865,182,'Chiesanuova','CH',1),(2866,182,'Domagnano','DO',1),(2867,182,'Faetano','FA',1),(2868,182,'Fiorentino','FI',1),(2869,182,'Montegiardino','MO',1),(2870,182,'Citta di San Marino','SM',1),(2871,182,'Serravalle','SE',1),(2872,183,'Sao Tome','S',1),(2873,183,'Principe','P',1),(2874,184,'Al Bahah','BH',1),(2875,184,'Al Hudud ash Shamaliyah','HS',1),(2876,184,'Al Jawf','JF',1),(2877,184,'Al Madinah','MD',1),(2878,184,'Al Qasim','QS',1),(2879,184,'Ar Riyad','RD',1),(2880,184,'Ash Sharqiyah (Eastern)','AQ',1),(2881,184,'\'Asir','AS',1),(2882,184,'Ha\'il','HL',1),(2883,184,'Jizan','JZ',1),(2884,184,'Makkah','ML',1),(2885,184,'Najran','NR',1),(2886,184,'Tabuk','TB',1),(2887,185,'Dakar','DA',1),(2888,185,'Diourbel','DI',1),(2889,185,'Fatick','FA',1),(2890,185,'Kaolack','KA',1),(2891,185,'Kolda','KO',1),(2892,185,'Louga','LO',1),(2893,185,'Matam','MA',1),(2894,185,'Saint-Louis','SL',1),(2895,185,'Tambacounda','TA',1),(2896,185,'Thies','TH',1),(2897,185,'Ziguinchor','ZI',1),(2898,186,'Anse aux Pins','AP',1),(2899,186,'Anse Boileau','AB',1),(2900,186,'Anse Etoile','AE',1),(2901,186,'Anse Louis','AL',1),(2902,186,'Anse Royale','AR',1),(2903,186,'Baie Lazare','BL',1),(2904,186,'Baie Sainte Anne','BS',1),(2905,186,'Beau Vallon','BV',1),(2906,186,'Bel Air','BA',1),(2907,186,'Bel Ombre','BO',1),(2908,186,'Cascade','CA',1),(2909,186,'Glacis','GL',1),(2910,186,'Grand\' Anse (on Mahe)','GM',1),(2911,186,'Grand\' Anse (on Praslin)','GP',1),(2912,186,'La Digue','DG',1),(2913,186,'La Riviere Anglaise','RA',1),(2914,186,'Mont Buxton','MB',1),(2915,186,'Mont Fleuri','MF',1),(2916,186,'Plaisance','PL',1),(2917,186,'Pointe La Rue','PR',1),(2918,186,'Port Glaud','PG',1),(2919,186,'Saint Louis','SL',1),(2920,186,'Takamaka','TA',1),(2921,187,'Eastern','E',1),(2922,187,'Northern','N',1),(2923,187,'Southern','S',1),(2924,187,'Western','W',1),(2925,189,'Banskobystrický','BA',1),(2926,189,'Bratislavský','BR',1),(2927,189,'Košický','KO',1),(2928,189,'Nitriansky','NI',1),(2929,189,'Prešovský','PR',1),(2930,189,'Trenčiansky','TC',1),(2931,189,'Trnavský','TV',1),(2932,189,'Žilinský','ZI',1),(2933,191,'Central','CE',1),(2934,191,'Choiseul','CH',1),(2935,191,'Guadalcanal','GC',1),(2936,191,'Honiara','HO',1),(2937,191,'Isabel','IS',1),(2938,191,'Makira','MK',1),(2939,191,'Malaita','ML',1),(2940,191,'Rennell and Bellona','RB',1),(2941,191,'Temotu','TM',1),(2942,191,'Western','WE',1),(2943,192,'Awdal','AW',1),(2944,192,'Bakool','BK',1),(2945,192,'Banaadir','BN',1),(2946,192,'Bari','BR',1),(2947,192,'Bay','BY',1),(2948,192,'Galguduud','GA',1),(2949,192,'Gedo','GE',1),(2950,192,'Hiiraan','HI',1),(2951,192,'Jubbada Dhexe','JD',1),(2952,192,'Jubbada Hoose','JH',1),(2953,192,'Mudug','MU',1),(2954,192,'Nugaal','NU',1),(2955,192,'Sanaag','SA',1),(2956,192,'Shabeellaha Dhexe','SD',1),(2957,192,'Shabeellaha Hoose','SH',1),(2958,192,'Sool','SL',1),(2959,192,'Togdheer','TO',1),(2960,192,'Woqooyi Galbeed','WG',1),(2961,193,'Eastern Cape','EC',1),(2962,193,'Free State','FS',1),(2963,193,'Gauteng','GT',1),(2964,193,'KwaZulu-Natal','KN',1),(2965,193,'Limpopo','LP',1),(2966,193,'Mpumalanga','MP',1),(2967,193,'North West','NW',1),(2968,193,'Northern Cape','NC',1),(2969,193,'Western Cape','WC',1),(2970,195,'La Coru&ntilde;a','CA',1),(2971,195,'&Aacute;lava','AL',1),(2972,195,'Albacete','AB',1),(2973,195,'Alicante','AC',1),(2974,195,'Almeria','AM',1),(2975,195,'Asturias','AS',1),(2976,195,'&Aacute;vila','AV',1),(2977,195,'Badajoz','BJ',1),(2978,195,'Baleares','IB',1),(2979,195,'Barcelona','BA',1),(2980,195,'Burgos','BU',1),(2981,195,'C&aacute;ceres','CC',1),(2982,195,'C&aacute;diz','CZ',1),(2983,195,'Cantabria','CT',1),(2984,195,'Castell&oacute;n','CL',1),(2985,195,'Ceuta','CE',1),(2986,195,'Ciudad Real','CR',1),(2987,195,'C&oacute;rdoba','CD',1),(2988,195,'Cuenca','CU',1),(2989,195,'Girona','GI',1),(2990,195,'Granada','GD',1),(2991,195,'Guadalajara','GJ',1),(2992,195,'Guip&uacute;zcoa','GP',1),(2993,195,'Huelva','HL',1),(2994,195,'Huesca','HS',1),(2995,195,'Ja&eacute;n','JN',1),(2996,195,'La Rioja','RJ',1),(2997,195,'Las Palmas','PM',1),(2998,195,'Leon','LE',1),(2999,195,'Lleida','LL',1),(3000,195,'Lugo','LG',1),(3001,195,'Madrid','MD',1),(3002,195,'Malaga','MA',1),(3003,195,'Melilla','ML',1),(3004,195,'Murcia','MU',1),(3005,195,'Navarra','NV',1),(3006,195,'Ourense','OU',1),(3007,195,'Palencia','PL',1),(3008,195,'Pontevedra','PO',1),(3009,195,'Salamanca','SL',1),(3010,195,'Santa Cruz de Tenerife','SC',1),(3011,195,'Segovia','SG',1),(3012,195,'Sevilla','SV',1),(3013,195,'Soria','SO',1),(3014,195,'Tarragona','TA',1),(3015,195,'Teruel','TE',1),(3016,195,'Toledo','TO',1),(3017,195,'Valencia','VC',1),(3018,195,'Valladolid','VD',1),(3019,195,'Vizcaya','VZ',1),(3020,195,'Zamora','ZM',1),(3021,195,'Zaragoza','ZR',1),(3022,196,'Central','CE',1),(3023,196,'Eastern','EA',1),(3024,196,'North Central','NC',1),(3025,196,'Northern','NO',1),(3026,196,'North Western','NW',1),(3027,196,'Sabaragamuwa','SA',1),(3028,196,'Southern','SO',1),(3029,196,'Uva','UV',1),(3030,196,'Western','WE',1),(3032,197,'Saint Helena','S',1),(3034,199,'A\'ali an Nil','ANL',1),(3035,199,'Al Bahr al Ahmar','BAM',1),(3036,199,'Al Buhayrat','BRT',1),(3037,199,'Al Jazirah','JZR',1),(3038,199,'Al Khartum','KRT',1),(3039,199,'Al Qadarif','QDR',1),(3040,199,'Al Wahdah','WDH',1),(3041,199,'An Nil al Abyad','ANB',1),(3042,199,'An Nil al Azraq','ANZ',1),(3043,199,'Ash Shamaliyah','ASH',1),(3044,199,'Bahr al Jabal','BJA',1),(3045,199,'Gharb al Istiwa\'iyah','GIS',1),(3046,199,'Gharb Bahr al Ghazal','GBG',1),(3047,199,'Gharb Darfur','GDA',1),(3048,199,'Gharb Kurdufan','GKU',1),(3049,199,'Janub Darfur','JDA',1),(3050,199,'Janub Kurdufan','JKU',1),(3051,199,'Junqali','JQL',1),(3052,199,'Kassala','KSL',1),(3053,199,'Nahr an Nil','NNL',1),(3054,199,'Shamal Bahr al Ghazal','SBG',1),(3055,199,'Shamal Darfur','SDA',1),(3056,199,'Shamal Kurdufan','SKU',1),(3057,199,'Sharq al Istiwa\'iyah','SIS',1),(3058,199,'Sinnar','SNR',1),(3059,199,'Warab','WRB',1),(3060,200,'Brokopondo','BR',1),(3061,200,'Commewijne','CM',1),(3062,200,'Coronie','CR',1),(3063,200,'Marowijne','MA',1),(3064,200,'Nickerie','NI',1),(3065,200,'Para','PA',1),(3066,200,'Paramaribo','PM',1),(3067,200,'Saramacca','SA',1),(3068,200,'Sipaliwini','SI',1),(3069,200,'Wanica','WA',1),(3070,202,'Hhohho','H',1),(3071,202,'Lubombo','L',1),(3072,202,'Manzini','M',1),(3073,202,'Shishelweni','S',1),(3074,203,'Blekinge','K',1),(3075,203,'Dalarna','W',1),(3076,203,'G&auml;vleborg','X',1),(3077,203,'Gotland','I',1),(3078,203,'Halland','N',1),(3079,203,'J&auml;mtland','Z',1),(3080,203,'J&ouml;nk&ouml;ping','F',1),(3081,203,'Kalmar','H',1),(3082,203,'Kronoberg','G',1),(3083,203,'Norrbotten','BD',1),(3084,203,'&Ouml;rebro','T',1),(3085,203,'&Ouml;sterg&ouml;tland','E',1),(3086,203,'Sk&aring;ne','M',1),(3087,203,'S&ouml;dermanland','D',1),(3088,203,'Stockholm','AB',1),(3089,203,'Uppsala','C',1),(3090,203,'V&auml;rmland','S',1),(3091,203,'V&auml;sterbotten','AC',1),(3092,203,'V&auml;sternorrland','Y',1),(3093,203,'V&auml;stmanland','U',1),(3094,203,'V&auml;stra G&ouml;taland','O',1),(3095,204,'Aargau','AG',1),(3096,204,'Appenzell Ausserrhoden','AR',1),(3097,204,'Appenzell Innerrhoden','AI',1),(3098,204,'Basel-Stadt','BS',1),(3099,204,'Basel-Landschaft','BL',1),(3100,204,'Bern','BE',1),(3101,204,'Fribourg','FR',1),(3102,204,'Gen&egrave;ve','GE',1),(3103,204,'Glarus','GL',1),(3104,204,'Graub&uuml;nden','GR',1),(3105,204,'Jura','JU',1),(3106,204,'Luzern','LU',1),(3107,204,'Neuch&acirc;tel','NE',1),(3108,204,'Nidwald','NW',1),(3109,204,'Obwald','OW',1),(3110,204,'St. Gallen','SG',1),(3111,204,'Schaffhausen','SH',1),(3112,204,'Schwyz','SZ',1),(3113,204,'Solothurn','SO',1),(3114,204,'Thurgau','TG',1),(3115,204,'Ticino','TI',1),(3116,204,'Uri','UR',1),(3117,204,'Valais','VS',1),(3118,204,'Vaud','VD',1),(3119,204,'Zug','ZG',1),(3120,204,'Z&uuml;rich','ZH',1),(3121,205,'Al Hasakah','HA',1),(3122,205,'Al Ladhiqiyah','LA',1),(3123,205,'Al Qunaytirah','QU',1),(3124,205,'Ar Raqqah','RQ',1),(3125,205,'As Suwayda','SU',1),(3126,205,'Dara','DA',1),(3127,205,'Dayr az Zawr','DZ',1),(3128,205,'Dimashq','DI',1),(3129,205,'Halab','HL',1),(3130,205,'Hamah','HM',1),(3131,205,'Hims','HI',1),(3132,205,'Idlib','ID',1),(3133,205,'Rif Dimashq','RD',1),(3134,205,'Tartus','TA',1),(3135,206,'Chang-hua','CH',1),(3136,206,'Chia-i','CI',1),(3137,206,'Hsin-chu','HS',1),(3138,206,'Hua-lien','HL',1),(3139,206,'I-lan','IL',1),(3140,206,'Kao-hsiung county','KH',1),(3141,206,'Kin-men','KM',1),(3142,206,'Lien-chiang','LC',1),(3143,206,'Miao-li','ML',1),(3144,206,'Nan-t\'ou','NT',1),(3145,206,'P\'eng-hu','PH',1),(3146,206,'P\'ing-tung','PT',1),(3147,206,'T\'ai-chung','TG',1),(3148,206,'T\'ai-nan','TA',1),(3149,206,'T\'ai-pei county','TP',1),(3150,206,'T\'ai-tung','TT',1),(3151,206,'T\'ao-yuan','TY',1),(3152,206,'Yun-lin','YL',1),(3153,206,'Chia-i city','CC',1),(3154,206,'Chi-lung','CL',1),(3155,206,'Hsin-chu','HC',1),(3156,206,'T\'ai-chung','TH',1),(3157,206,'T\'ai-nan','TN',1),(3158,206,'Kao-hsiung city','KC',1),(3159,206,'T\'ai-pei city','TC',1),(3160,207,'Gorno-Badakhstan','GB',1),(3161,207,'Khatlon','KT',1),(3162,207,'Sughd','SU',1),(3163,208,'Arusha','AR',1),(3164,208,'Dar es Salaam','DS',1),(3165,208,'Dodoma','DO',1),(3166,208,'Iringa','IR',1),(3167,208,'Kagera','KA',1),(3168,208,'Kigoma','KI',1),(3169,208,'Kilimanjaro','KJ',1),(3170,208,'Lindi','LN',1),(3171,208,'Manyara','MY',1),(3172,208,'Mara','MR',1),(3173,208,'Mbeya','MB',1),(3174,208,'Morogoro','MO',1),(3175,208,'Mtwara','MT',1),(3176,208,'Mwanza','MW',1),(3177,208,'Pemba North','PN',1),(3178,208,'Pemba South','PS',1),(3179,208,'Pwani','PW',1),(3180,208,'Rukwa','RK',1),(3181,208,'Ruvuma','RV',1),(3182,208,'Shinyanga','SH',1),(3183,208,'Singida','SI',1),(3184,208,'Tabora','TB',1),(3185,208,'Tanga','TN',1),(3186,208,'Zanzibar Central/South','ZC',1),(3187,208,'Zanzibar North','ZN',1),(3188,208,'Zanzibar Urban/West','ZU',1),(3189,209,'Amnat Charoen','Amnat Charoen',1),(3190,209,'Ang Thong','Ang Thong',1),(3191,209,'Ayutthaya','Ayutthaya',1),(3192,209,'Bangkok','Bangkok',1),(3193,209,'Buriram','Buriram',1),(3194,209,'Chachoengsao','Chachoengsao',1),(3195,209,'Chai Nat','Chai Nat',1),(3196,209,'Chaiyaphum','Chaiyaphum',1),(3197,209,'Chanthaburi','Chanthaburi',1),(3198,209,'Chiang Mai','Chiang Mai',1),(3199,209,'Chiang Rai','Chiang Rai',1),(3200,209,'Chon Buri','Chon Buri',1),(3201,209,'Chumphon','Chumphon',1),(3202,209,'Kalasin','Kalasin',1),(3203,209,'Kamphaeng Phet','Kamphaeng Phet',1),(3204,209,'Kanchanaburi','Kanchanaburi',1),(3205,209,'Khon Kaen','Khon Kaen',1),(3206,209,'Krabi','Krabi',1),(3207,209,'Lampang','Lampang',1),(3208,209,'Lamphun','Lamphun',1),(3209,209,'Loei','Loei',1),(3210,209,'Lop Buri','Lop Buri',1),(3211,209,'Mae Hong Son','Mae Hong Son',1),(3212,209,'Maha Sarakham','Maha Sarakham',1),(3213,209,'Mukdahan','Mukdahan',1),(3214,209,'Nakhon Nayok','Nakhon Nayok',1),(3215,209,'Nakhon Pathom','Nakhon Pathom',1),(3216,209,'Nakhon Phanom','Nakhon Phanom',1),(3217,209,'Nakhon Ratchasima','Nakhon Ratchasima',1),(3218,209,'Nakhon Sawan','Nakhon Sawan',1),(3219,209,'Nakhon Si Thammarat','Nakhon Si Thammarat',1),(3220,209,'Nan','Nan',1),(3221,209,'Narathiwat','Narathiwat',1),(3222,209,'Nong Bua Lamphu','Nong Bua Lamphu',1),(3223,209,'Nong Khai','Nong Khai',1),(3224,209,'Nonthaburi','Nonthaburi',1),(3225,209,'Pathum Thani','Pathum Thani',1),(3226,209,'Pattani','Pattani',1),(3227,209,'Phangnga','Phangnga',1),(3228,209,'Phatthalung','Phatthalung',1),(3229,209,'Phayao','Phayao',1),(3230,209,'Phetchabun','Phetchabun',1),(3231,209,'Phetchaburi','Phetchaburi',1),(3232,209,'Phichit','Phichit',1),(3233,209,'Phitsanulok','Phitsanulok',1),(3234,209,'Phrae','Phrae',1),(3235,209,'Phuket','Phuket',1),(3236,209,'Prachin Buri','Prachin Buri',1),(3237,209,'Prachuap Khiri Khan','Prachuap Khiri Khan',1),(3238,209,'Ranong','Ranong',1),(3239,209,'Ratchaburi','Ratchaburi',1),(3240,209,'Rayong','Rayong',1),(3241,209,'Roi Et','Roi Et',1),(3242,209,'Sa Kaeo','Sa Kaeo',1),(3243,209,'Sakon Nakhon','Sakon Nakhon',1),(3244,209,'Samut Prakan','Samut Prakan',1),(3245,209,'Samut Sakhon','Samut Sakhon',1),(3246,209,'Samut Songkhram','Samut Songkhram',1),(3247,209,'Sara Buri','Sara Buri',1),(3248,209,'Satun','Satun',1),(3249,209,'Sing Buri','Sing Buri',1),(3250,209,'Sisaket','Sisaket',1),(3251,209,'Songkhla','Songkhla',1),(3252,209,'Sukhothai','Sukhothai',1),(3253,209,'Suphan Buri','Suphan Buri',1),(3254,209,'Surat Thani','Surat Thani',1),(3255,209,'Surin','Surin',1),(3256,209,'Tak','Tak',1),(3257,209,'Trang','Trang',1),(3258,209,'Trat','Trat',1),(3259,209,'Ubon Ratchathani','Ubon Ratchathani',1),(3260,209,'Udon Thani','Udon Thani',1),(3261,209,'Uthai Thani','Uthai Thani',1),(3262,209,'Uttaradit','Uttaradit',1),(3263,209,'Yala','Yala',1),(3264,209,'Yasothon','Yasothon',1),(3265,210,'Kara','K',1),(3266,210,'Plateaux','P',1),(3267,210,'Savanes','S',1),(3268,210,'Centrale','C',1),(3269,210,'Maritime','M',1),(3270,211,'Atafu','A',1),(3271,211,'Fakaofo','F',1),(3272,211,'Nukunonu','N',1),(3273,212,'Ha\'apai','H',1),(3274,212,'Tongatapu','T',1),(3275,212,'Vava\'u','V',1),(3276,213,'Couva/Tabaquite/Talparo','CT',1),(3277,213,'Diego Martin','DM',1),(3278,213,'Mayaro/Rio Claro','MR',1),(3279,213,'Penal/Debe','PD',1),(3280,213,'Princes Town','PT',1),(3281,213,'Sangre Grande','SG',1),(3282,213,'San Juan/Laventille','SL',1),(3283,213,'Siparia','SI',1),(3284,213,'Tunapuna/Piarco','TP',1),(3285,213,'Port of Spain','PS',1),(3286,213,'San Fernando','SF',1),(3287,213,'Arima','AR',1),(3288,213,'Point Fortin','PF',1),(3289,213,'Chaguanas','CH',1),(3290,213,'Tobago','TO',1),(3291,214,'Ariana','AR',1),(3292,214,'Beja','BJ',1),(3293,214,'Ben Arous','BA',1),(3294,214,'Bizerte','BI',1),(3295,214,'Gabes','GB',1),(3296,214,'Gafsa','GF',1),(3297,214,'Jendouba','JE',1),(3298,214,'Kairouan','KR',1),(3299,214,'Kasserine','KS',1),(3300,214,'Kebili','KB',1),(3301,214,'Kef','KF',1),(3302,214,'Mahdia','MH',1),(3303,214,'Manouba','MN',1),(3304,214,'Medenine','ME',1),(3305,214,'Monastir','MO',1),(3306,214,'Nabeul','NA',1),(3307,214,'Sfax','SF',1),(3308,214,'Sidi','SD',1),(3309,214,'Siliana','SL',1),(3310,214,'Sousse','SO',1),(3311,214,'Tataouine','TA',1),(3312,214,'Tozeur','TO',1),(3313,214,'Tunis','TU',1),(3314,214,'Zaghouan','ZA',1),(3315,215,'Adana','ADA',1),(3316,215,'Adıyaman','ADI',1),(3317,215,'Afyonkarahisar','AFY',1),(3318,215,'Ağrı','AGR',1),(3319,215,'Aksaray','AKS',1),(3320,215,'Amasya','AMA',1),(3321,215,'Ankara','ANK',1),(3322,215,'Antalya','ANT',1),(3323,215,'Ardahan','ARD',1),(3324,215,'Artvin','ART',1),(3325,215,'Aydın','AYI',1),(3326,215,'Balıkesir','BAL',1),(3327,215,'Bartın','BAR',1),(3328,215,'Batman','BAT',1),(3329,215,'Bayburt','BAY',1),(3330,215,'Bilecik','BIL',1),(3331,215,'Bingöl','BIN',1),(3332,215,'Bitlis','BIT',1),(3333,215,'Bolu','BOL',1),(3334,215,'Burdur','BRD',1),(3335,215,'Bursa','BRS',1),(3336,215,'Çanakkale','CKL',1),(3337,215,'Çankırı','CKR',1),(3338,215,'Çorum','COR',1),(3339,215,'Denizli','DEN',1),(3340,215,'Diyarbakır','DIY',1),(3341,215,'Düzce','DUZ',1),(3342,215,'Edirne','EDI',1),(3343,215,'Elazığ','ELA',1),(3344,215,'Erzincan','EZC',1),(3345,215,'Erzurum','EZR',1),(3346,215,'Eskişehir','ESK',1),(3347,215,'Gaziantep','GAZ',1),(3348,215,'Giresun','GIR',1),(3349,215,'Gümüşhane','GMS',1),(3350,215,'Hakkari','HKR',1),(3351,215,'Hatay','HTY',1),(3352,215,'Iğdır','IGD',1),(3353,215,'Isparta','ISP',1),(3354,215,'İstanbul','IST',1),(3355,215,'İzmir','IZM',1),(3356,215,'Kahramanmaraş','KAH',1),(3357,215,'Karabük','KRB',1),(3358,215,'Karaman','KRM',1),(3359,215,'Kars','KRS',1),(3360,215,'Kastamonu','KAS',1),(3361,215,'Kayseri','KAY',1),(3362,215,'Kilis','KLS',1),(3363,215,'Kırıkkale','KRK',1),(3364,215,'Kırklareli','KLR',1),(3365,215,'Kırşehir','KRH',1),(3366,215,'Kocaeli','KOC',1),(3367,215,'Konya','KON',1),(3368,215,'Kütahya','KUT',1),(3369,215,'Malatya','MAL',1),(3370,215,'Manisa','MAN',1),(3371,215,'Mardin','MAR',1),(3372,215,'Mersin','MER',1),(3373,215,'Muğla','MUG',1),(3374,215,'Muş','MUS',1),(3375,215,'Nevşehir','NEV',1),(3376,215,'Niğde','NIG',1),(3377,215,'Ordu','ORD',1),(3378,215,'Osmaniye','OSM',1),(3379,215,'Rize','RIZ',1),(3380,215,'Sakarya','SAK',1),(3381,215,'Samsun','SAM',1),(3382,215,'Şanlıurfa','SAN',1),(3383,215,'Siirt','SII',1),(3384,215,'Sinop','SIN',1),(3385,215,'Şırnak','SIR',1),(3386,215,'Sivas','SIV',1),(3387,215,'Tekirdağ','TEL',1),(3388,215,'Tokat','TOK',1),(3389,215,'Trabzon','TRA',1),(3390,215,'Tunceli','TUN',1),(3391,215,'Uşak','USK',1),(3392,215,'Van','VAN',1),(3393,215,'Yalova','YAL',1),(3394,215,'Yozgat','YOZ',1),(3395,215,'Zonguldak','ZON',1),(3396,216,'Ahal Welayaty','A',1),(3397,216,'Balkan Welayaty','B',1),(3398,216,'Dashhowuz Welayaty','D',1),(3399,216,'Lebap Welayaty','L',1),(3400,216,'Mary Welayaty','M',1),(3401,217,'Ambergris Cays','AC',1),(3402,217,'Dellis Cay','DC',1),(3403,217,'French Cay','FC',1),(3404,217,'Little Water Cay','LW',1),(3405,217,'Parrot Cay','RC',1),(3406,217,'Pine Cay','PN',1),(3407,217,'Salt Cay','SL',1),(3408,217,'Grand Turk','GT',1),(3409,217,'South Caicos','SC',1),(3410,217,'East Caicos','EC',1),(3411,217,'Middle Caicos','MC',1),(3412,217,'North Caicos','NC',1),(3413,217,'Providenciales','PR',1),(3414,217,'West Caicos','WC',1),(3415,218,'Nanumanga','NMG',1),(3416,218,'Niulakita','NLK',1),(3417,218,'Niutao','NTO',1),(3418,218,'Funafuti','FUN',1),(3419,218,'Nanumea','NME',1),(3420,218,'Nui','NUI',1),(3421,218,'Nukufetau','NFT',1),(3422,218,'Nukulaelae','NLL',1),(3423,218,'Vaitupu','VAI',1),(3424,219,'Kalangala','KAL',1),(3425,219,'Kampala','KMP',1),(3426,219,'Kayunga','KAY',1),(3427,219,'Kiboga','KIB',1),(3428,219,'Luwero','LUW',1),(3429,219,'Masaka','MAS',1),(3430,219,'Mpigi','MPI',1),(3431,219,'Mubende','MUB',1),(3432,219,'Mukono','MUK',1),(3433,219,'Nakasongola','NKS',1),(3434,219,'Rakai','RAK',1),(3435,219,'Sembabule','SEM',1),(3436,219,'Wakiso','WAK',1),(3437,219,'Bugiri','BUG',1),(3438,219,'Busia','BUS',1),(3439,219,'Iganga','IGA',1),(3440,219,'Jinja','JIN',1),(3441,219,'Kaberamaido','KAB',1),(3442,219,'Kamuli','KML',1),(3443,219,'Kapchorwa','KPC',1),(3444,219,'Katakwi','KTK',1),(3445,219,'Kumi','KUM',1),(3446,219,'Mayuge','MAY',1),(3447,219,'Mbale','MBA',1),(3448,219,'Pallisa','PAL',1),(3449,219,'Sironko','SIR',1),(3450,219,'Soroti','SOR',1),(3451,219,'Tororo','TOR',1),(3452,219,'Adjumani','ADJ',1),(3453,219,'Apac','APC',1),(3454,219,'Arua','ARU',1),(3455,219,'Gulu','GUL',1),(3456,219,'Kitgum','KIT',1),(3457,219,'Kotido','KOT',1),(3458,219,'Lira','LIR',1),(3459,219,'Moroto','MRT',1),(3460,219,'Moyo','MOY',1),(3461,219,'Nakapiripirit','NAK',1),(3462,219,'Nebbi','NEB',1),(3463,219,'Pader','PAD',1),(3464,219,'Yumbe','YUM',1),(3465,219,'Bundibugyo','BUN',1),(3466,219,'Bushenyi','BSH',1),(3467,219,'Hoima','HOI',1),(3468,219,'Kabale','KBL',1),(3469,219,'Kabarole','KAR',1),(3470,219,'Kamwenge','KAM',1),(3471,219,'Kanungu','KAN',1),(3472,219,'Kasese','KAS',1),(3473,219,'Kibaale','KBA',1),(3474,219,'Kisoro','KIS',1),(3475,219,'Kyenjojo','KYE',1),(3476,219,'Masindi','MSN',1),(3477,219,'Mbarara','MBR',1),(3478,219,'Ntungamo','NTU',1),(3479,219,'Rukungiri','RUK',1),(3480,220,'Черкасская область','71',1),(3481,220,'Черниговская область','74',1),(3482,220,'Черновицкая область','77',1),(3483,220,'Крым','43',1),(3484,220,'Днепропетровская область','12',1),(3485,220,'Донецкая область','14',1),(3486,220,'Ивано-Франковская область','26',1),(3487,220,'Херсонская область','65',1),(3488,220,'Хмельницкая область','68',1),(3489,220,'Кировоградская область','35',1),(3490,220,'Киев','30',1),(3491,220,'Киевская область','32',1),(3492,220,'Луганская область','09',1),(3493,220,'Львовская область','46',1),(3494,220,'Николаевская область','48',1),(3495,220,'Одесская область','51',1),(3496,220,'Полтавская область','53',1),(3497,220,'Ровненская область','56',1),(3498,220,'Севастополь','40',1),(3499,220,'Сумская область','59',1),(3500,220,'Тернопольская область','61',1),(3501,220,'Винницкая область','05',1),(3502,220,'Волынская область','07',1),(3503,220,'Закарпатская область','21',1),(3504,220,'Запорожская область','23',1),(3505,220,'Житомирская область','18',1),(3506,221,'Abu Zaby','AZ',1),(3507,221,'\'Ajman','AJ',1),(3508,221,'Al Fujayrah','FU',1),(3509,221,'Ash Shariqah','SH',1),(3510,221,'Dubai','DU',1),(3511,221,'R\'as al Khaymah','RK',1),(3512,221,'Umm al Qaywayn','UQ',1),(3513,222,'Aberdeen','ABN',1),(3514,222,'Aberdeenshire','ABNS',1),(3515,222,'Anglesey','ANG',1),(3516,222,'Angus','AGS',1),(3517,222,'Argyll and Bute','ARY',1),(3518,222,'Bedfordshire','BEDS',1),(3519,222,'Berkshire','BERKS',1),(3520,222,'Blaenau Gwent','BLA',1),(3521,222,'Bridgend','BRI',1),(3522,222,'Bristol','BSTL',1),(3523,222,'Buckinghamshire','BUCKS',1),(3524,222,'Caerphilly','CAE',1),(3525,222,'Cambridgeshire','CAMBS',1),(3526,222,'Cardiff','CDF',1),(3527,222,'Carmarthenshire','CARM',1),(3528,222,'Ceredigion','CDGN',1),(3529,222,'Cheshire','CHES',1),(3530,222,'Clackmannanshire','CLACK',1),(3531,222,'Conwy','CON',1),(3532,222,'Cornwall','CORN',1),(3533,222,'Denbighshire','DNBG',1),(3534,222,'Derbyshire','DERBY',1),(3535,222,'Devon','DVN',1),(3536,222,'Dorset','DOR',1),(3537,222,'Dumfries and Galloway','DGL',1),(3538,222,'Dundee','DUND',1),(3539,222,'Durham','DHM',1),(3540,222,'East Ayrshire','ARYE',1),(3541,222,'East Dunbartonshire','DUNBE',1),(3542,222,'East Lothian','LOTE',1),(3543,222,'East Renfrewshire','RENE',1),(3544,222,'East Riding of Yorkshire','ERYS',1),(3545,222,'East Sussex','SXE',1),(3546,222,'Edinburgh','EDIN',1),(3547,222,'Essex','ESX',1),(3548,222,'Falkirk','FALK',1),(3549,222,'Fife','FFE',1),(3550,222,'Flintshire','FLINT',1),(3551,222,'Glasgow','GLAS',1),(3552,222,'Gloucestershire','GLOS',1),(3553,222,'Greater London','LDN',1),(3554,222,'Greater Manchester','MCH',1),(3555,222,'Gwynedd','GDD',1),(3556,222,'Hampshire','HANTS',1),(3557,222,'Herefordshire','HWR',1),(3558,222,'Hertfordshire','HERTS',1),(3559,222,'Highlands','HLD',1),(3560,222,'Inverclyde','IVER',1),(3561,222,'Isle of Wight','IOW',1),(3562,222,'Kent','KNT',1),(3563,222,'Lancashire','LANCS',1),(3564,222,'Leicestershire','LEICS',1),(3565,222,'Lincolnshire','LINCS',1),(3566,222,'Merseyside','MSY',1),(3567,222,'Merthyr Tydfil','MERT',1),(3568,222,'Midlothian','MLOT',1),(3569,222,'Monmouthshire','MMOUTH',1),(3570,222,'Moray','MORAY',1),(3571,222,'Neath Port Talbot','NPRTAL',1),(3572,222,'Newport','NEWPT',1),(3573,222,'Norfolk','NOR',1),(3574,222,'North Ayrshire','ARYN',1),(3575,222,'North Lanarkshire','LANN',1),(3576,222,'North Yorkshire','YSN',1),(3577,222,'Northamptonshire','NHM',1),(3578,222,'Northumberland','NLD',1),(3579,222,'Nottinghamshire','NOT',1),(3580,222,'Orkney Islands','ORK',1),(3581,222,'Oxfordshire','OFE',1),(3582,222,'Pembrokeshire','PEM',1),(3583,222,'Perth and Kinross','PERTH',1),(3584,222,'Powys','PWS',1),(3585,222,'Renfrewshire','REN',1),(3586,222,'Rhondda Cynon Taff','RHON',1),(3587,222,'Rutland','RUT',1),(3588,222,'Scottish Borders','BOR',1),(3589,222,'Shetland Islands','SHET',1),(3590,222,'Shropshire','SPE',1),(3591,222,'Somerset','SOM',1),(3592,222,'South Ayrshire','ARYS',1),(3593,222,'South Lanarkshire','LANS',1),(3594,222,'South Yorkshire','YSS',1),(3595,222,'Staffordshire','SFD',1),(3596,222,'Stirling','STIR',1),(3597,222,'Suffolk','SFK',1),(3598,222,'Surrey','SRY',1),(3599,222,'Swansea','SWAN',1),(3600,222,'Torfaen','TORF',1),(3601,222,'Tyne and Wear','TWR',1),(3602,222,'Vale of Glamorgan','VGLAM',1),(3603,222,'Warwickshire','WARKS',1),(3604,222,'West Dunbartonshire','WDUN',1),(3605,222,'West Lothian','WLOT',1),(3606,222,'West Midlands','WMD',1),(3607,222,'West Sussex','SXW',1),(3608,222,'West Yorkshire','YSW',1),(3609,222,'Western Isles','WIL',1),(3610,222,'Wiltshire','WLT',1),(3611,222,'Worcestershire','WORCS',1),(3612,222,'Wrexham','WRX',1),(3613,223,'Alabama','AL',1),(3614,223,'Alaska','AK',1),(3615,223,'American Samoa','AS',1),(3616,223,'Arizona','AZ',1),(3617,223,'Arkansas','AR',1),(3618,223,'Armed Forces Africa','AF',1),(3619,223,'Armed Forces Americas','AA',1),(3620,223,'Armed Forces Canada','AC',1),(3621,223,'Armed Forces Europe','AE',1),(3622,223,'Armed Forces Middle East','AM',1),(3623,223,'Armed Forces Pacific','AP',1),(3624,223,'California','CA',1),(3625,223,'Colorado','CO',1),(3626,223,'Connecticut','CT',1),(3627,223,'Delaware','DE',1),(3628,223,'District of Columbia','DC',1),(3629,223,'Federated States Of Micronesia','FM',1),(3630,223,'Florida','FL',1),(3631,223,'Georgia','GA',1),(3632,223,'Guam','GU',1),(3633,223,'Hawaii','HI',1),(3634,223,'Idaho','ID',1),(3635,223,'Illinois','IL',1),(3636,223,'Indiana','IN',1),(3637,223,'Iowa','IA',1),(3638,223,'Kansas','KS',1),(3639,223,'Kentucky','KY',1),(3640,223,'Louisiana','LA',1),(3641,223,'Maine','ME',1),(3642,223,'Marshall Islands','MH',1),(3643,223,'Maryland','MD',1),(3644,223,'Massachusetts','MA',1),(3645,223,'Michigan','MI',1),(3646,223,'Minnesota','MN',1),(3647,223,'Mississippi','MS',1),(3648,223,'Missouri','MO',1),(3649,223,'Montana','MT',1),(3650,223,'Nebraska','NE',1),(3651,223,'Nevada','NV',1),(3652,223,'New Hampshire','NH',1),(3653,223,'New Jersey','NJ',1),(3654,223,'New Mexico','NM',1),(3655,223,'New York','NY',1),(3656,223,'North Carolina','NC',1),(3657,223,'North Dakota','ND',1),(3658,223,'Northern Mariana Islands','MP',1),(3659,223,'Ohio','OH',1),(3660,223,'Oklahoma','OK',1),(3661,223,'Oregon','OR',1),(3662,223,'Palau','PW',1),(3663,223,'Pennsylvania','PA',1),(3664,223,'Puerto Rico','PR',1),(3665,223,'Rhode Island','RI',1),(3666,223,'South Carolina','SC',1),(3667,223,'South Dakota','SD',1),(3668,223,'Tennessee','TN',1),(3669,223,'Texas','TX',1),(3670,223,'Utah','UT',1),(3671,223,'Vermont','VT',1),(3672,223,'Virgin Islands','VI',1),(3673,223,'Virginia','VA',1),(3674,223,'Washington','WA',1),(3675,223,'West Virginia','WV',1),(3676,223,'Wisconsin','WI',1),(3677,223,'Wyoming','WY',1),(3678,224,'Baker Island','BI',1),(3679,224,'Howland Island','HI',1),(3680,224,'Jarvis Island','JI',1),(3681,224,'Johnston Atoll','JA',1),(3682,224,'Kingman Reef','KR',1),(3683,224,'Midway Atoll','MA',1),(3684,224,'Navassa Island','NI',1),(3685,224,'Palmyra Atoll','PA',1),(3686,224,'Wake Island','WI',1),(3687,225,'Artigas','AR',1),(3688,225,'Canelones','CA',1),(3689,225,'Cerro Largo','CL',1),(3690,225,'Colonia','CO',1),(3691,225,'Durazno','DU',1),(3692,225,'Flores','FS',1),(3693,225,'Florida','FA',1),(3694,225,'Lavalleja','LA',1),(3695,225,'Maldonado','MA',1),(3696,225,'Montevideo','MO',1),(3697,225,'Paysandu','PA',1),(3698,225,'Rio Negro','RN',1),(3699,225,'Rivera','RV',1),(3700,225,'Rocha','RO',1),(3701,225,'Salto','SL',1),(3702,225,'San Jose','SJ',1),(3703,225,'Soriano','SO',1),(3704,225,'Tacuarembo','TA',1),(3705,225,'Treinta y Tres','TT',1),(3706,226,'Andijon','AN',1),(3707,226,'Buxoro','BU',1),(3708,226,'Farg\'ona','FA',1),(3709,226,'Jizzax','JI',1),(3710,226,'Namangan','NG',1),(3711,226,'Navoiy','NW',1),(3712,226,'Qashqadaryo','QA',1),(3713,226,'Qoraqalpog\'iston Republikasi','QR',1),(3714,226,'Samarqand','SA',1),(3715,226,'Sirdaryo','SI',1),(3716,226,'Surxondaryo','SU',1),(3717,226,'Toshkent City','TK',1),(3718,226,'Toshkent Region','TO',1),(3719,226,'Xorazm','XO',1),(3720,227,'Malampa','MA',1),(3721,227,'Penama','PE',1),(3722,227,'Sanma','SA',1),(3723,227,'Shefa','SH',1),(3724,227,'Tafea','TA',1),(3725,227,'Torba','TO',1),(3726,229,'Amazonas','AM',1),(3727,229,'Anzoategui','AN',1),(3728,229,'Apure','AP',1),(3729,229,'Aragua','AR',1),(3730,229,'Barinas','BA',1),(3731,229,'Bolivar','BO',1),(3732,229,'Carabobo','CA',1),(3733,229,'Cojedes','CO',1),(3734,229,'Delta Amacuro','DA',1),(3735,229,'Dependencias Federales','DF',1),(3736,229,'Distrito Federal','DI',1),(3737,229,'Falcon','FA',1),(3738,229,'Guarico','GU',1),(3739,229,'Lara','LA',1),(3740,229,'Merida','ME',1),(3741,229,'Miranda','MI',1),(3742,229,'Monagas','MO',1),(3743,229,'Nueva Esparta','NE',1),(3744,229,'Portuguesa','PO',1),(3745,229,'Sucre','SU',1),(3746,229,'Tachira','TA',1),(3747,229,'Trujillo','TR',1),(3748,229,'Vargas','VA',1),(3749,229,'Yaracuy','YA',1),(3750,229,'Zulia','ZU',1),(3751,230,'An Giang','AG',1),(3752,230,'Bac Giang','BG',1),(3753,230,'Bac Kan','BK',1),(3754,230,'Bac Lieu','BL',1),(3755,230,'Bac Ninh','BC',1),(3756,230,'Ba Ria-Vung Tau','BR',1),(3757,230,'Ben Tre','BN',1),(3758,230,'Binh Dinh','BH',1),(3759,230,'Binh Duong','BU',1),(3760,230,'Binh Phuoc','BP',1),(3761,230,'Binh Thuan','BT',1),(3762,230,'Ca Mau','CM',1),(3763,230,'Can Tho','CT',1),(3764,230,'Cao Bang','CB',1),(3765,230,'Dak Lak','DL',1),(3766,230,'Dak Nong','DG',1),(3767,230,'Da Nang','DN',1),(3768,230,'Dien Bien','DB',1),(3769,230,'Dong Nai','DI',1),(3770,230,'Dong Thap','DT',1),(3771,230,'Gia Lai','GL',1),(3772,230,'Ha Giang','HG',1),(3773,230,'Hai Duong','HD',1),(3774,230,'Hai Phong','HP',1),(3775,230,'Ha Nam','HM',1),(3776,230,'Ha Noi','HI',1),(3777,230,'Ha Tay','HT',1),(3778,230,'Ha Tinh','HH',1),(3779,230,'Hoa Binh','HB',1),(3780,230,'Ho Chi Minh City','HC',1),(3781,230,'Hau Giang','HU',1),(3782,230,'Hung Yen','HY',1),(3783,232,'Saint Croix','C',1),(3784,232,'Saint John','J',1),(3785,232,'Saint Thomas','T',1),(3786,233,'Alo','A',1),(3787,233,'Sigave','S',1),(3788,233,'Wallis','W',1),(3789,235,'Abyan','AB',1),(3790,235,'Adan','AD',1),(3791,235,'Amran','AM',1),(3792,235,'Al Bayda','BA',1),(3793,235,'Ad Dali','DA',1),(3794,235,'Dhamar','DH',1),(3795,235,'Hadramawt','HD',1),(3796,235,'Hajjah','HJ',1),(3797,235,'Al Hudaydah','HU',1),(3798,235,'Ibb','IB',1),(3799,235,'Al Jawf','JA',1),(3800,235,'Lahij','LA',1),(3801,235,'Ma\'rib','MA',1),(3802,235,'Al Mahrah','MR',1),(3803,235,'Al Mahwit','MW',1),(3804,235,'Sa\'dah','SD',1),(3805,235,'San\'a','SN',1),(3806,235,'Shabwah','SH',1),(3807,235,'Ta\'izz','TA',1),(3812,237,'Bas-Congo','BC',1),(3813,237,'Bandundu','BN',1),(3814,237,'Equateur','EQ',1),(3815,237,'Katanga','KA',1),(3816,237,'Kasai-Oriental','KE',1),(3817,237,'Kinshasa','KN',1),(3818,237,'Kasai-Occidental','KW',1),(3819,237,'Maniema','MA',1),(3820,237,'Nord-Kivu','NK',1),(3821,237,'Orientale','OR',1),(3822,237,'Sud-Kivu','SK',1),(3823,238,'Central','CE',1),(3824,238,'Copperbelt','CB',1),(3825,238,'Eastern','EA',1),(3826,238,'Luapula','LP',1),(3827,238,'Lusaka','LK',1),(3828,238,'Northern','NO',1),(3829,238,'North-Western','NW',1),(3830,238,'Southern','SO',1),(3831,238,'Western','WE',1),(3832,239,'Bulawayo','BU',1),(3833,239,'Harare','HA',1),(3834,239,'Manicaland','ML',1),(3835,239,'Mashonaland Central','MC',1),(3836,239,'Mashonaland East','ME',1),(3837,239,'Mashonaland West','MW',1),(3838,239,'Masvingo','MV',1),(3839,239,'Matabeleland North','MN',1),(3840,239,'Matabeleland South','MS',1),(3841,239,'Midlands','MD',1),(3861,105,'Campobasso','CB',1),(3862,105,'Carbonia-Iglesias','CI',1),(3863,105,'Caserta','CE',1),(3864,105,'Catania','CT',1),(3865,105,'Catanzaro','CZ',1),(3866,105,'Chieti','CH',1),(3867,105,'Como','CO',1),(3868,105,'Cosenza','CS',1),(3869,105,'Cremona','CR',1),(3870,105,'Crotone','KR',1),(3871,105,'Cuneo','CN',1),(3872,105,'Enna','EN',1),(3873,105,'Ferrara','FE',1),(3874,105,'Firenze','FI',1),(3875,105,'Foggia','FG',1),(3876,105,'Forli-Cesena','FC',1),(3877,105,'Frosinone','FR',1),(3878,105,'Genova','GE',1),(3879,105,'Gorizia','GO',1),(3880,105,'Grosseto','GR',1),(3881,105,'Imperia','IM',1),(3882,105,'Isernia','IS',1),(3883,105,'L&#39;Aquila','AQ',1),(3884,105,'La Spezia','SP',1),(3885,105,'Latina','LT',1),(3886,105,'Lecce','LE',1),(3887,105,'Lecco','LC',1),(3888,105,'Livorno','LI',1),(3889,105,'Lodi','LO',1),(3890,105,'Lucca','LU',1),(3891,105,'Macerata','MC',1),(3892,105,'Mantova','MN',1),(3893,105,'Massa-Carrara','MS',1),(3894,105,'Matera','MT',1),(3895,105,'Medio Campidano','VS',1),(3896,105,'Messina','ME',1),(3897,105,'Milano','MI',1),(3898,105,'Modena','MO',1),(3899,105,'Napoli','NA',1),(3900,105,'Novara','NO',1),(3901,105,'Nuoro','NU',1),(3902,105,'Ogliastra','OG',1),(3903,105,'Olbia-Tempio','OT',1),(3904,105,'Oristano','OR',1),(3905,105,'Padova','PD',1),(3906,105,'Palermo','PA',1),(3907,105,'Parma','PR',1),(3908,105,'Pavia','PV',1),(3909,105,'Perugia','PG',1),(3910,105,'Pesaro e Urbino','PU',1),(3911,105,'Pescara','PE',1),(3912,105,'Piacenza','PC',1),(3913,105,'Pisa','PI',1),(3914,105,'Pistoia','PT',1),(3915,105,'Pordenone','PN',1),(3916,105,'Potenza','PZ',1),(3917,105,'Prato','PO',1),(3918,105,'Ragusa','RG',1),(3919,105,'Ravenna','RA',1),(3920,105,'Reggio Calabria','RC',1),(3921,105,'Reggio Emilia','RE',1),(3922,105,'Rieti','RI',1),(3923,105,'Rimini','RN',1),(3924,105,'Roma','RM',1),(3925,105,'Rovigo','RO',1),(3926,105,'Salerno','SA',1),(3927,105,'Sassari','SS',1),(3928,105,'Savona','SV',1),(3929,105,'Siena','SI',1),(3930,105,'Siracusa','SR',1),(3931,105,'Sondrio','SO',1),(3932,105,'Taranto','TA',1),(3933,105,'Teramo','TE',1),(3934,105,'Terni','TR',1),(3935,105,'Torino','TO',1),(3936,105,'Trapani','TP',1),(3937,105,'Trento','TN',1),(3938,105,'Treviso','TV',1),(3939,105,'Trieste','TS',1),(3940,105,'Udine','UD',1),(3941,105,'Varese','VA',1),(3942,105,'Venezia','VE',1),(3943,105,'Verbano-Cusio-Ossola','VB',1),(3944,105,'Vercelli','VC',1),(3945,105,'Verona','VR',1),(3946,105,'Vibo Valentia','VV',1),(3947,105,'Vicenza','VI',1),(3948,105,'Viterbo','VT',1),(3949,222,'County Antrim','ANT',1),(3950,222,'County Armagh','ARM',1),(3951,222,'County Down','DOW',1),(3952,222,'County Fermanagh','FER',1),(3953,222,'County Londonderry','LDY',1),(3954,222,'County Tyrone','TYR',1),(3955,222,'Cumbria','CMA',1),(3956,190,'Pomurska','1',1),(3957,190,'Podravska','2',1),(3958,190,'Koroška','3',1),(3959,190,'Savinjska','4',1),(3960,190,'Zasavska','5',1),(3961,190,'Spodnjeposavska','6',1),(3962,190,'Jugovzhodna Slovenija','7',1),(3963,190,'Osrednjeslovenska','8',1),(3964,190,'Gorenjska','9',1),(3965,190,'Notranjsko-kraška','10',1),(3966,190,'Goriška','11',1),(3967,190,'Obalno-kraška','12',1),(3968,33,'Ruse','',1),(3969,101,'Alborz','ALB',1),(3970,21,'Brussels-Capital Region','BRU',1),(3971,138,'Aguascalientes','AG',1),(3973,242,'Andrijevica','01',1),(3974,242,'Bar','02',1),(3975,242,'Berane','03',1),(3976,242,'Bijelo Polje','04',1),(3977,242,'Budva','05',1),(3978,242,'Cetinje','06',1),(3979,242,'Danilovgrad','07',1),(3980,242,'Herceg-Novi','08',1),(3981,242,'Kolašin','09',1),(3982,242,'Kotor','10',1),(3983,242,'Mojkovac','11',1),(3984,242,'Nikšić','12',1),(3985,242,'Plav','13',1),(3986,242,'Pljevlja','14',1),(3987,242,'Plužine','15',1),(3988,242,'Podgorica','16',1),(3989,242,'Rožaje','17',1),(3990,242,'Šavnik','18',1),(3991,242,'Tivat','19',1),(3992,242,'Ulcinj','20',1),(3993,242,'Žabljak','21',1),(3994,243,'Belgrade','00',1),(3995,243,'North Bačka','01',1),(3996,243,'Central Banat','02',1),(3997,243,'North Banat','03',1),(3998,243,'South Banat','04',1),(3999,243,'West Bačka','05',1),(4000,243,'South Bačka','06',1),(4001,243,'Srem','07',1),(4002,243,'Mačva','08',1),(4003,243,'Kolubara','09',1),(4004,243,'Podunavlje','10',1),(4005,243,'Braničevo','11',1),(4006,243,'Šumadija','12',1),(4007,243,'Pomoravlje','13',1),(4008,243,'Bor','14',1),(4009,243,'Zaječar','15',1),(4010,243,'Zlatibor','16',1),(4011,243,'Moravica','17',1),(4012,243,'Raška','18',1),(4013,243,'Rasina','19',1),(4014,243,'Nišava','20',1),(4015,243,'Toplica','21',1),(4016,243,'Pirot','22',1),(4017,243,'Jablanica','23',1),(4018,243,'Pčinja','24',1),(4020,245,'Bonaire','BO',1),(4021,245,'Saba','SA',1),(4022,245,'Sint Eustatius','SE',1),(4023,248,'Central Equatoria','EC',1),(4024,248,'Eastern Equatoria','EE',1),(4025,248,'Jonglei','JG',1),(4026,248,'Lakes','LK',1),(4027,248,'Northern Bahr el-Ghazal','BN',1),(4028,248,'Unity','UY',1),(4029,248,'Upper Nile','NU',1),(4030,248,'Warrap','WR',1),(4031,248,'Western Bahr el-Ghazal','BW',1),(4032,248,'Western Equatoria','EW',1),(4036,117,'Ainaži, Salacgrīvas novads','0661405',1),(4037,117,'Aizkraukle, Aizkraukles novads','0320201',1),(4038,117,'Aizkraukles novads','0320200',1),(4039,117,'Aizpute, Aizputes novads','0640605',1),(4040,117,'Aizputes novads','0640600',1),(4041,117,'Aknīste, Aknīstes novads','0560805',1),(4042,117,'Aknīstes novads','0560800',1),(4043,117,'Aloja, Alojas novads','0661007',1),(4044,117,'Alojas novads','0661000',1),(4045,117,'Alsungas novads','0624200',1),(4046,117,'Alūksne, Alūksnes novads','0360201',1),(4047,117,'Alūksnes novads','0360200',1),(4048,117,'Amatas novads','0424701',1),(4049,117,'Ape, Apes novads','0360805',1),(4050,117,'Apes novads','0360800',1),(4051,117,'Auce, Auces novads','0460805',1),(4052,117,'Auces novads','0460800',1),(4053,117,'Ādažu novads','0804400',1),(4054,117,'Babītes novads','0804900',1),(4055,117,'Baldone, Baldones novads','0800605',1),(4056,117,'Baldones novads','0800600',1),(4057,117,'Baloži, Ķekavas novads','0800807',1),(4058,117,'Baltinavas novads','0384400',1),(4059,117,'Balvi, Balvu novads','0380201',1),(4060,117,'Balvu novads','0380200',1),(4061,117,'Bauska, Bauskas novads','0400201',1),(4062,117,'Bauskas novads','0400200',1),(4063,117,'Beverīnas novads','0964700',1),(4064,117,'Brocēni, Brocēnu novads','0840605',1),(4065,117,'Brocēnu novads','0840601',1),(4066,117,'Burtnieku novads','0967101',1),(4067,117,'Carnikavas novads','0805200',1),(4068,117,'Cesvaine, Cesvaines novads','0700807',1),(4069,117,'Cesvaines novads','0700800',1),(4070,117,'Cēsis, Cēsu novads','0420201',1),(4071,117,'Cēsu novads','0420200',1),(4072,117,'Ciblas novads','0684901',1),(4073,117,'Dagda, Dagdas novads','0601009',1),(4074,117,'Dagdas novads','0601000',1),(4075,117,'Daugavpils','0050000',1),(4076,117,'Daugavpils novads','0440200',1),(4077,117,'Dobele, Dobeles novads','0460201',1),(4078,117,'Dobeles novads','0460200',1),(4079,117,'Dundagas novads','0885100',1),(4080,117,'Durbe, Durbes novads','0640807',1),(4081,117,'Durbes novads','0640801',1),(4082,117,'Engures novads','0905100',1),(4083,117,'Ērgļu novads','0705500',1),(4084,117,'Garkalnes novads','0806000',1),(4085,117,'Grobiņa, Grobiņas novads','0641009',1),(4086,117,'Grobiņas novads','0641000',1),(4087,117,'Gulbene, Gulbenes novads','0500201',1),(4088,117,'Gulbenes novads','0500200',1),(4089,117,'Iecavas novads','0406400',1),(4090,117,'Ikšķile, Ikšķiles novads','0740605',1),(4091,117,'Ikšķiles novads','0740600',1),(4092,117,'Ilūkste, Ilūkstes novads','0440807',1),(4093,117,'Ilūkstes novads','0440801',1),(4094,117,'Inčukalna novads','0801800',1),(4095,117,'Jaunjelgava, Jaunjelgavas novads','0321007',1),(4096,117,'Jaunjelgavas novads','0321000',1),(4097,117,'Jaunpiebalgas novads','0425700',1),(4098,117,'Jaunpils novads','0905700',1),(4099,117,'Jelgava','0090000',1),(4100,117,'Jelgavas novads','0540200',1),(4101,117,'Jēkabpils','0110000',1),(4102,117,'Jēkabpils novads','0560200',1),(4103,117,'Jūrmala','0130000',1),(4104,117,'Kalnciems, Jelgavas novads','0540211',1),(4105,117,'Kandava, Kandavas novads','0901211',1),(4106,117,'Kandavas novads','0901201',1),(4107,117,'Kārsava, Kārsavas novads','0681009',1),(4108,117,'Kārsavas novads','0681000',1),(4109,117,'Kocēnu novads ,bij. Valmieras)','0960200',1),(4110,117,'Kokneses novads','0326100',1),(4111,117,'Krāslava, Krāslavas novads','0600201',1),(4112,117,'Krāslavas novads','0600202',1),(4113,117,'Krimuldas novads','0806900',1),(4114,117,'Krustpils novads','0566900',1),(4115,117,'Kuldīga, Kuldīgas novads','0620201',1),(4116,117,'Kuldīgas novads','0620200',1),(4117,117,'Ķeguma novads','0741001',1),(4118,117,'Ķegums, Ķeguma novads','0741009',1),(4119,117,'Ķekavas novads','0800800',1),(4120,117,'Lielvārde, Lielvārdes novads','0741413',1),(4121,117,'Lielvārdes novads','0741401',1),(4122,117,'Liepāja','0170000',1),(4123,117,'Limbaži, Limbažu novads','0660201',1),(4124,117,'Limbažu novads','0660200',1),(4125,117,'Līgatne, Līgatnes novads','0421211',1),(4126,117,'Līgatnes novads','0421200',1),(4127,117,'Līvāni, Līvānu novads','0761211',1),(4128,117,'Līvānu novads','0761201',1),(4129,117,'Lubāna, Lubānas novads','0701413',1),(4130,117,'Lubānas novads','0701400',1),(4131,117,'Ludza, Ludzas novads','0680201',1),(4132,117,'Ludzas novads','0680200',1),(4133,117,'Madona, Madonas novads','0700201',1),(4134,117,'Madonas novads','0700200',1),(4135,117,'Mazsalaca, Mazsalacas novads','0961011',1),(4136,117,'Mazsalacas novads','0961000',1),(4137,117,'Mālpils novads','0807400',1),(4138,117,'Mārupes novads','0807600',1),(4139,117,'Mērsraga novads','0887600',1),(4140,117,'Naukšēnu novads','0967300',1),(4141,117,'Neretas novads','0327100',1),(4142,117,'Nīcas novads','0647900',1),(4143,117,'Ogre, Ogres novads','0740201',1),(4144,117,'Ogres novads','0740202',1),(4145,117,'Olaine, Olaines novads','0801009',1),(4146,117,'Olaines novads','0801000',1),(4147,117,'Ozolnieku novads','0546701',1),(4148,117,'Pārgaujas novads','0427500',1),(4149,117,'Pāvilosta, Pāvilostas novads','0641413',1),(4150,117,'Pāvilostas novads','0641401',1),(4151,117,'Piltene, Ventspils novads','0980213',1),(4152,117,'Pļaviņas, Pļaviņu novads','0321413',1),(4153,117,'Pļaviņu novads','0321400',1),(4154,117,'Preiļi, Preiļu novads','0760201',1),(4155,117,'Preiļu novads','0760202',1),(4156,117,'Priekule, Priekules novads','0641615',1),(4157,117,'Priekules novads','0641600',1),(4158,117,'Priekuļu novads','0427300',1),(4159,117,'Raunas novads','0427700',1),(4160,117,'Rēzekne','0210000',1),(4161,117,'Rēzeknes novads','0780200',1),(4162,117,'Riebiņu novads','0766300',1),(4163,117,'Rīga','0010000',1),(4164,117,'Rojas novads','0888300',1),(4165,117,'Ropažu novads','0808400',1),(4166,117,'Rucavas novads','0648500',1),(4167,117,'Rugāju novads','0387500',1),(4168,117,'Rundāles novads','0407700',1),(4169,117,'Rūjiena, Rūjienas novads','0961615',1),(4170,117,'Rūjienas novads','0961600',1),(4171,117,'Sabile, Talsu novads','0880213',1),(4172,117,'Salacgrīva, Salacgrīvas novads','0661415',1),(4173,117,'Salacgrīvas novads','0661400',1),(4174,117,'Salas novads','0568700',1),(4175,117,'Salaspils novads','0801200',1),(4176,117,'Salaspils, Salaspils novads','0801211',1),(4177,117,'Saldus novads','0840200',1),(4178,117,'Saldus, Saldus novads','0840201',1),(4179,117,'Saulkrasti, Saulkrastu novads','0801413',1),(4180,117,'Saulkrastu novads','0801400',1),(4181,117,'Seda, Strenču novads','0941813',1),(4182,117,'Sējas novads','0809200',1),(4183,117,'Sigulda, Siguldas novads','0801615',1),(4184,117,'Siguldas novads','0801601',1),(4185,117,'Skrīveru novads','0328200',1),(4186,117,'Skrunda, Skrundas novads','0621209',1),(4187,117,'Skrundas novads','0621200',1),(4188,117,'Smiltene, Smiltenes novads','0941615',1),(4189,117,'Smiltenes novads','0941600',1),(4190,117,'Staicele, Alojas novads','0661017',1),(4191,117,'Stende, Talsu novads','0880215',1),(4192,117,'Stopiņu novads','0809600',1),(4193,117,'Strenči, Strenču novads','0941817',1),(4194,117,'Strenču novads','0941800',1),(4195,117,'Subate, Ilūkstes novads','0440815',1),(4196,117,'Talsi, Talsu novads','0880201',1),(4197,117,'Talsu novads','0880200',1),(4198,117,'Tērvetes novads','0468900',1),(4199,117,'Tukuma novads','0900200',1),(4200,117,'Tukums, Tukuma novads','0900201',1),(4201,117,'Vaiņodes novads','0649300',1),(4202,117,'Valdemārpils, Talsu novads','0880217',1),(4203,117,'Valka, Valkas novads','0940201',1),(4204,117,'Valkas novads','0940200',1),(4205,117,'Valmiera','0250000',1),(4206,117,'Vangaži, Inčukalna novads','0801817',1),(4207,117,'Varakļāni, Varakļānu novads','0701817',1),(4208,117,'Varakļānu novads','0701800',1),(4209,117,'Vārkavas novads','0769101',1),(4210,117,'Vecpiebalgas novads','0429300',1),(4211,117,'Vecumnieku novads','0409500',1),(4212,117,'Ventspils','0270000',1),(4213,117,'Ventspils novads','0980200',1),(4214,117,'Viesīte, Viesītes novads','0561815',1),(4215,117,'Viesītes novads','0561800',1),(4216,117,'Viļaka, Viļakas novads','0381615',1),(4217,117,'Viļakas novads','0381600',1),(4218,117,'Viļāni, Viļānu novads','0781817',1),(4219,117,'Viļānu novads','0781800',1),(4220,117,'Zilupe, Zilupes novads','0681817',1),(4221,117,'Zilupes novads','0681801',1),(4222,43,'Arica y Parinacota','AP',1),(4223,43,'Los Rios','LR',1),(4224,220,'Харьковская область','63',1),(4225,118,'Beirut','LB-BR',1),(4226,118,'Bekaa','LB-BE',1),(4227,118,'Mount Lebanon','LB-ML',1),(4228,118,'Nabatieh','LB-NB',1),(4229,118,'North','LB-NR',1),(4230,118,'South','LB-ST',1),(4231,99,'Telangana','TS',1);
/*!40000 ALTER TABLE `umo_zone` ENABLE KEYS */;
UNLOCK TABLES;

--
-- Table structure for table `umo_zone_to_geo_zone`
--

DROP TABLE IF EXISTS `umo_zone_to_geo_zone`;
/*!40101 SET @saved_cs_client     = @@character_set_client */;
/*!40101 SET character_set_client = utf8 */;
CREATE TABLE `umo_zone_to_geo_zone` (
  `zone_to_geo_zone_id` int(11) NOT NULL AUTO_INCREMENT,
  `country_id` int(11) NOT NULL,
  `zone_id` int(11) NOT NULL DEFAULT '0',
  `geo_zone_id` int(11) NOT NULL,
  `date_added` datetime NOT NULL,
  `date_modified` datetime NOT NULL,
  PRIMARY KEY (`zone_to_geo_zone_id`)
) ENGINE=MyISAM AUTO_INCREMENT=112 DEFAULT CHARSET=utf8;
/*!40101 SET character_set_client = @saved_cs_client */;

--
-- Dumping data for table `umo_zone_to_geo_zone`
--

LOCK TABLES `umo_zone_to_geo_zone` WRITE;
/*!40000 ALTER TABLE `umo_zone_to_geo_zone` DISABLE KEYS */;
INSERT INTO `umo_zone_to_geo_zone` VALUES (1,222,0,4,'0000-00-00 00:00:00','0000-00-00 00:00:00'),(2,222,3513,3,'0000-00-00 00:00:00','0000-00-00 00:00:00'),(3,222,3514,3,'0000-00-00 00:00:00','0000-00-00 00:00:00'),(4,222,3515,3,'0000-00-00 00:00:00','0000-00-00 00:00:00'),(5,222,3516,3,'0000-00-00 00:00:00','0000-00-00 00:00:00'),(6,222,3517,3,'0000-00-00 00:00:00','0000-00-00 00:00:00'),(7,222,3518,3,'0000-00-00 00:00:00','0000-00-00 00:00:00'),(8,222,3519,3,'0000-00-00 00:00:00','0000-00-00 00:00:00'),(9,222,3520,3,'0000-00-00 00:00:00','0000-00-00 00:00:00'),(10,222,3521,3,'0000-00-00 00:00:00','0000-00-00 00:00:00'),(11,222,3522,3,'0000-00-00 00:00:00','0000-00-00 00:00:00'),(12,222,3523,3,'0000-00-00 00:00:00','0000-00-00 00:00:00'),(13,222,3524,3,'0000-00-00 00:00:00','0000-00-00 00:00:00'),(14,222,3525,3,'0000-00-00 00:00:00','0000-00-00 00:00:00'),(15,222,3526,3,'0000-00-00 00:00:00','0000-00-00 00:00:00'),(16,222,3527,3,'0000-00-00 00:00:00','0000-00-00 00:00:00'),(17,222,3528,3,'0000-00-00 00:00:00','0000-00-00 00:00:00'),(18,222,3529,3,'0000-00-00 00:00:00','0000-00-00 00:00:00'),(19,222,3530,3,'0000-00-00 00:00:00','0000-00-00 00:00:00'),(20,222,3531,3,'0000-00-00 00:00:00','0000-00-00 00:00:00'),(21,222,3532,3,'0000-00-00 00:00:00','0000-00-00 00:00:00'),(22,222,3533,3,'0000-00-00 00:00:00','0000-00-00 00:00:00'),(23,222,3534,3,'0000-00-00 00:00:00','0000-00-00 00:00:00'),(24,222,3535,3,'0000-00-00 00:00:00','0000-00-00 00:00:00'),(25,222,3536,3,'0000-00-00 00:00:00','0000-00-00 00:00:00'),(26,222,3537,3,'0000-00-00 00:00:00','0000-00-00 00:00:00'),(27,222,3538,3,'0000-00-00 00:00:00','0000-00-00 00:00:00'),(28,222,3539,3,'0000-00-00 00:00:00','0000-00-00 00:00:00'),(29,222,3540,3,'0000-00-00 00:00:00','0000-00-00 00:00:00'),(30,222,3541,3,'0000-00-00 00:00:00','0000-00-00 00:00:00'),(31,222,3542,3,'0000-00-00 00:00:00','0000-00-00 00:00:00'),(32,222,3543,3,'0000-00-00 00:00:00','0000-00-00 00:00:00'),(33,222,3544,3,'0000-00-00 00:00:00','0000-00-00 00:00:00'),(34,222,3545,3,'0000-00-00 00:00:00','0000-00-00 00:00:00'),(35,222,3546,3,'0000-00-00 00:00:00','0000-00-00 00:00:00'),(36,222,3547,3,'0000-00-00 00:00:00','0000-00-00 00:00:00'),(37,222,3548,3,'0000-00-00 00:00:00','0000-00-00 00:00:00'),(38,222,3549,3,'0000-00-00 00:00:00','0000-00-00 00:00:00'),(39,222,3550,3,'0000-00-00 00:00:00','0000-00-00 00:00:00'),(40,222,3551,3,'0000-00-00 00:00:00','0000-00-00 00:00:00'),(41,222,3552,3,'0000-00-00 00:00:00','0000-00-00 00:00:00'),(42,222,3553,3,'0000-00-00 00:00:00','0000-00-00 00:00:00'),(43,222,3554,3,'0000-00-00 00:00:00','0000-00-00 00:00:00'),(44,222,3555,3,'0000-00-00 00:00:00','0000-00-00 00:00:00'),(45,222,3556,3,'0000-00-00 00:00:00','0000-00-00 00:00:00'),(46,222,3557,3,'0000-00-00 00:00:00','0000-00-00 00:00:00'),(47,222,3558,3,'0000-00-00 00:00:00','0000-00-00 00:00:00'),(48,222,3559,3,'0000-00-00 00:00:00','0000-00-00 00:00:00'),(49,222,3560,3,'0000-00-00 00:00:00','0000-00-00 00:00:00'),(50,222,3561,3,'0000-00-00 00:00:00','0000-00-00 00:00:00'),(51,222,3562,3,'0000-00-00 00:00:00','0000-00-00 00:00:00'),(52,222,3563,3,'0000-00-00 00:00:00','0000-00-00 00:00:00'),(53,222,3564,3,'0000-00-00 00:00:00','0000-00-00 00:00:00'),(54,222,3565,3,'0000-00-00 00:00:00','0000-00-00 00:00:00'),(55,222,3566,3,'0000-00-00 00:00:00','0000-00-00 00:00:00'),(56,222,3567,3,'0000-00-00 00:00:00','0000-00-00 00:00:00'),(57,222,3568,3,'0000-00-00 00:00:00','0000-00-00 00:00:00'),(58,222,3569,3,'0000-00-00 00:00:00','0000-00-00 00:00:00'),(59,222,3570,3,'0000-00-00 00:00:00','0000-00-00 00:00:00'),(60,222,3571,3,'0000-00-00 00:00:00','0000-00-00 00:00:00'),(61,222,3572,3,'0000-00-00 00:00:00','0000-00-00 00:00:00'),(62,222,3573,3,'0000-00-00 00:00:00','0000-00-00 00:00:00'),(63,222,3574,3,'0000-00-00 00:00:00','0000-00-00 00:00:00'),(64,222,3575,3,'0000-00-00 00:00:00','0000-00-00 00:00:00'),(65,222,3576,3,'0000-00-00 00:00:00','0000-00-00 00:00:00'),(66,222,3577,3,'0000-00-00 00:00:00','0000-00-00 00:00:00'),(67,222,3578,3,'0000-00-00 00:00:00','0000-00-00 00:00:00'),(68,222,3579,3,'0000-00-00 00:00:00','0000-00-00 00:00:00'),(69,222,3580,3,'0000-00-00 00:00:00','0000-00-00 00:00:00'),(70,222,3581,3,'0000-00-00 00:00:00','0000-00-00 00:00:00'),(71,222,3582,3,'0000-00-00 00:00:00','0000-00-00 00:00:00'),(72,222,3583,3,'0000-00-00 00:00:00','0000-00-00 00:00:00'),(73,222,3584,3,'0000-00-00 00:00:00','0000-00-00 00:00:00'),(74,222,3585,3,'0000-00-00 00:00:00','0000-00-00 00:00:00'),(75,222,3586,3,'0000-00-00 00:00:00','0000-00-00 00:00:00'),(76,222,3587,3,'0000-00-00 00:00:00','0000-00-00 00:00:00'),(77,222,3588,3,'0000-00-00 00:00:00','0000-00-00 00:00:00'),(78,222,3589,3,'0000-00-00 00:00:00','0000-00-00 00:00:00'),(79,222,3590,3,'0000-00-00 00:00:00','0000-00-00 00:00:00'),(80,222,3591,3,'0000-00-00 00:00:00','0000-00-00 00:00:00'),(81,222,3592,3,'0000-00-00 00:00:00','0000-00-00 00:00:00'),(82,222,3593,3,'0000-00-00 00:00:00','0000-00-00 00:00:00'),(83,222,3594,3,'0000-00-00 00:00:00','0000-00-00 00:00:00'),(84,222,3595,3,'0000-00-00 00:00:00','0000-00-00 00:00:00'),(85,222,3596,3,'0000-00-00 00:00:00','0000-00-00 00:00:00'),(86,222,3597,3,'0000-00-00 00:00:00','0000-00-00 00:00:00'),(87,222,3598,3,'0000-00-00 00:00:00','0000-00-00 00:00:00'),(88,222,3599,3,'0000-00-00 00:00:00','0000-00-00 00:00:00'),(89,222,3600,3,'0000-00-00 00:00:00','0000-00-00 00:00:00'),(90,222,3601,3,'0000-00-00 00:00:00','0000-00-00 00:00:00'),(91,222,3602,3,'0000-00-00 00:00:00','0000-00-00 00:00:00'),(92,222,3603,3,'0000-00-00 00:00:00','0000-00-00 00:00:00'),(93,222,3604,3,'0000-00-00 00:00:00','0000-00-00 00:00:00'),(94,222,3605,3,'0000-00-00 00:00:00','0000-00-00 00:00:00'),(95,222,3606,3,'0000-00-00 00:00:00','0000-00-00 00:00:00'),(96,222,3607,3,'0000-00-00 00:00:00','0000-00-00 00:00:00'),(97,222,3608,3,'0000-00-00 00:00:00','0000-00-00 00:00:00'),(98,222,3609,3,'0000-00-00 00:00:00','0000-00-00 00:00:00'),(99,222,3610,3,'0000-00-00 00:00:00','0000-00-00 00:00:00'),(100,222,3611,3,'0000-00-00 00:00:00','0000-00-00 00:00:00'),(101,222,3612,3,'0000-00-00 00:00:00','0000-00-00 00:00:00'),(102,222,3949,3,'0000-00-00 00:00:00','0000-00-00 00:00:00'),(103,222,3950,3,'0000-00-00 00:00:00','0000-00-00 00:00:00'),(104,222,3951,3,'0000-00-00 00:00:00','0000-00-00 00:00:00'),(105,222,3952,3,'0000-00-00 00:00:00','0000-00-00 00:00:00'),(106,222,3953,3,'0000-00-00 00:00:00','0000-00-00 00:00:00'),(107,222,3954,3,'0000-00-00 00:00:00','0000-00-00 00:00:00'),(108,222,3955,3,'0000-00-00 00:00:00','0000-00-00 00:00:00'),(109,222,3972,3,'0000-00-00 00:00:00','0000-00-00 00:00:00'),(110,176,0,5,'2020-06-16 07:59:37','0000-00-00 00:00:00'),(111,244,0,6,'2020-06-16 08:00:43','0000-00-00 00:00:00');
/*!40000 ALTER TABLE `umo_zone_to_geo_zone` ENABLE KEYS */;
UNLOCK TABLES;
/*!40103 SET TIME_ZONE=@OLD_TIME_ZONE */;

/*!40101 SET SQL_MODE=@OLD_SQL_MODE */;
/*!40014 SET FOREIGN_KEY_CHECKS=@OLD_FOREIGN_KEY_CHECKS */;
/*!40014 SET UNIQUE_CHECKS=@OLD_UNIQUE_CHECKS */;
/*!40101 SET CHARACTER_SET_CLIENT=@OLD_CHARACTER_SET_CLIENT */;
/*!40101 SET CHARACTER_SET_RESULTS=@OLD_CHARACTER_SET_RESULTS */;
/*!40101 SET COLLATION_CONNECTION=@OLD_COLLATION_CONNECTION */;
/*!40111 SET SQL_NOTES=@OLD_SQL_NOTES */;

-- Dump completed on 2020-10-04  6:47:04
